listing_id,snapshot_date,operation_type,category,sub_category,description,rooms,area_m2,floor,total_floors,is_new_building,renovation,building_material,price_usd,price_uzs,currency,region,city,district,address,latitude,longitude,views,clicks,favorites,is_vip,is_premium,is_urgently,seller_id,photos_count,main_photo,posted_at,bumped_at,expires_at,url,scraped_at
1316789,2026-07-21,sale,Квартира,,"Продаётся Квартира Чиланзар 9 квартал
Адрес: Чиланзарский район
Ориентир: Афруз Чорраха, вдоль дороги


#Комнат — 1
Этаж — 3
Этажность — 4
Площадь: 36 кв.м
Балкон 2*3
Состояние: Евроремонт
Продается с мебелью и техникой

#Цена 58 000 у.е",1,36.0,3,4,false,evro,other,58000.0,697812500.0,USD,Ташкентская область,Ташкент,Чиланзарский район,9-й квартал,41.288349,69.199013,49,0,0,false,false,false,97856,9,https://api.uybor.uz/api/v1/media/n/17827913906741956.jpg,2026-06-30T03:49:55.812Z,2026-06-30T03:49:55.810Z,2026-08-14T03:49:55.810Z,https://uybor.uz/listings/1316789,2026-07-21 05:06:32
1316790,2026-07-21,sale,Квартира,,"Продаётся Квартира массив Чиланзар.
Адрес: Учтепинский району, 23 квартал

#Комнат — 1 переделанная в 2 комнатную
Этаж — 4
Этажность — 5
Площадь: 42 кв.м
Кирпичный дом

Состояние: хороший ремонт, с мебелью и техникой


#Цена 55 000 у.е",1,42.0,4,5,false,evro,other,55000.0,661718750.0,USD,Ташкентская область,Ташкент,Учтепинский район,23-й квартал,41.287083,69.178413,55,0,0,false,false,false,97856,8,https://api.uybor.uz/api/v1/media/n/17827926241479334.jpg,2026-06-30T04:10:28.293Z,2026-06-30T04:10:28.291Z,2026-08-14T04:10:28.291Z,https://uybor.uz/listings/1316790,2026-07-21 05:06:32
1316791,2026-07-21,sale,Квартира,,"Срочно продается квартира Куйлюк 5, французская планировка.
Дом у линии метро 
Адрес: Сергелинский район, массив 5 

#Комнат — 1 переделанная в 2х
Этаж — 3
Этажность — 9
Общая площадь: 29м²
Балкон: 1,5*6

Очень удобная локаций, тихий двор, во дворе общая парковка 
Состояние: без ремонта 
Санузел совмещён 
 
#Цена: 37.000у.е.",1,29.0,3,9,false,kapital,other,37000.0,445156250.0,USD,Ташкентская область,Ташкент,Сергелийский район,5-й квартал,41.247818,69.298645,136,0,0,false,false,false,97856,9,https://api.uybor.uz/api/v1/media/n/17827926851359045.jpg,2026-06-30T04:11:37.838Z,2026-06-30T04:11:37.836Z,2026-08-14T04:11:37.836Z,https://uybor.uz/listings/1316791,2026-07-21 05:06:32
1316792,2026-07-21,sale,Квартира,,"Продаётся Квартира / Новостройка ЖК “Dustlik ”
Адрес: Ул Миллий Бог , Мирзо-Улугбекский р-н
Ориентир : парк Янги Узбекистан , Акфа Университет

КАДАСТР ЕСТЬ

#Комнат — 1
Этаж — 2
Этажность — 5
Площадь: 36 кв.м

Монолитно – кирпичный дом с повышенной сейсмостойкостью.
Газ, электричество, автономное отопление
Состояние : распланированная коробка

#Цена 45 000 у.е",1,36.0,2,5,false,chernovaya,kirpich,45000.0,541406250.0,USD,Ташкентская область,Ташкент,Яшнабадский район,улица Новый Узбекистан,41.322914,69.404701,86,0,0,false,false,false,97856,10,https://api.uybor.uz/api/v1/media/n/17827927685644049.jpg,2026-06-30T04:12:52.536Z,2026-06-30T04:12:52.535Z,2026-08-14T04:12:52.535Z,https://uybor.uz/listings/1316792,2026-07-21 05:06:32
1316793,2026-07-21,sale,Квартира,,"Продаётся Квартира
Аренда : Октепа Гульхани
 Ориентир : Шайхантахур РОВД
#Комнат — 1
Этаж — 3
Этажность — 4
Площадь: 30м2
Состояние: С ремонтом. .
Санузел совмещенный.
БАЛКОН  1.5×3
#Цена: 52 500 у.е 
Можно под ипотеку",1,30.0,3,4,false,evro,other,52500.0,631640625.0,USD,Ташкентская область,Ташкент,Шайхантахурский район,улица Гульхани,41.301235,69.212105,52,0,0,false,false,false,97856,9,https://api.uybor.uz/api/v1/media/n/17827929907003117.jpg,2026-06-30T04:16:34.785Z,2026-06-30T04:16:34.783Z,2026-08-14T04:16:34.783Z,https://uybor.uz/listings/1316793,2026-07-21 05:06:32
1316794,2026-07-21,sale,Квартира,,"Продаётся Квартира / Бывшее семейное общежитие 
Адрес: Ул. Кушбеги , Яккасарайский р-н
Ориентир:  ресторан Канотчи
#Комнат — 1
Этаж — 5
Этажность — 5
Площадь:  19м2
Состояние: новый ремонт. 
Кирпич. Санузел общий на этаже 
Продаётся с мебелью и техникой . 

#Цена: 27 500 уе",1,19.0,5,5,false,evro,kirpich,27500.0,330859375.0,USD,Ташкентская область,Ташкент,Яккасарайский район,улица Кушбеги,41.271652,69.245438,97,0,1,false,false,false,97856,7,https://api.uybor.uz/api/v1/media/n/17827931081138460.jpg,2026-06-30T04:18:38.859Z,2026-06-30T04:18:38.857Z,2026-08-14T04:18:38.857Z,https://uybor.uz/listings/1316794,2026-07-21 05:06:32
1316795,2026-07-21,sale,Квартира,,"Срочно продаётся Квартира

Адрес : Чиланзар 13.  Учтепинский район
Ориентир: Фархадский базар перекресток,  мечет Чупон-Ота,  Хавас супермаркет 
Количество комнат: 1
Этаж 1
Этажность : 5
Площадь: 36 кв.м
Квартира перепланирована в 2х комнатную . Балкон 2×3, Сан/узел совмещен .
Состояние : Новый ремонт . 
Продаётся с мебелью и техникой 
Парковка для машины . Видео наблюдение 

#Цена:  60 500 у.е.
 Можно Ипотека по договору ",1,36.0,1,5,false,evro,other,60500.0,727890625.0,USD,Ташкентская область,Ташкент,Учтепинский район,13-й квартал,41.291187,69.186234,57,0,0,false,false,false,97856,13,https://api.uybor.uz/api/v1/media/n/17827932801295592.jpg,2026-06-30T04:21:24.991Z,2026-06-30T04:21:24.989Z,2026-08-14T04:21:24.989Z,https://uybor.uz/listings/1316795,2026-07-21 05:06:32
1316796,2026-07-21,sale,Квартира,,"Продаётся Квартира / Бывшее семейное общежитие
Адрес: Яшнабадском районе
Ориентир: Военкомат
Комнат — 1
Этаж — 4
Этажность — 5
Площадь: 20м2
Состояние: новый ремонт
Кирпичного строение
Все условия внутри
Продаётся техникой.

#Цена: 27 000 уе",1,20.0,4,5,false,evro,kirpich,27000.0,324843750.0,USD,Ташкентская область,Ташкент,Яшнабадский район,Бешарыкская улица,41.287121,69.348663,124,2,0,false,false,false,97856,7,https://api.uybor.uz/api/v1/media/n/17827934412688812.jpg,2026-06-30T04:24:12.313Z,2026-06-30T04:24:12.312Z,2026-08-14T04:24:12.312Z,https://uybor.uz/listings/1316796,2026-07-21 05:06:32
1316797,2026-07-21,sale,Дом,Частный дом,"Тошкент вилояти Нурафшон Шахар Шифокорлар ку́часида 4,6 сутихли 4 хона уй сотилади,хамма шароити бор",4,4.6,,1,false,sredniy,kirpich,56500.0,679765625.0,USD,Ташкентская область,,,Ташкентская область,41.109877,69.713407,64,6,0,false,false,false,285720,4,https://api.uybor.uz/api/v1/media/n/17827939698136279.jpeg,2026-06-30T04:34:05.812Z,2026-06-30T04:34:05.811Z,2026-08-14T04:34:05.811Z,https://uybor.uz/listings/1316797,2026-07-21 05:06:32
1316798,2026-07-21,sale,Квартира,,"Продается квартира
Адрес: Мирзо-Улугбекский район, ул. Новомосковская
Ориентир: ""Black Bear kofi""

#Комнат — 1 перепланированная в 2х
Этаж — 3
Этажность — 4
Площадь: 50 м²

#Цена: 90 500 у.е.",1,50.0,3,4,false,evro,other,90500.0,1088828125.0,USD,Ташкентская область,Ташкент,Мирзо-Улугбекский район,улица Аккурган,41.327229,69.304703,150,0,0,false,false,false,97856,10,https://api.uybor.uz/api/v1/media/n/17827942348653844.jpg,2026-06-30T04:37:19.234Z,2026-06-30T04:37:19.233Z,2026-08-14T04:37:19.233Z,https://uybor.uz/listings/1316798,2026-07-21 05:06:32
1316799,2026-07-21,sale,Квартира,,"Продается квартира Алгоритм
Адрес: Учтепинский район, 30 квартал
Ориентир: кафе Миллион, Ахмад Жужа.

#Комнат — 1 перепланированная в 2х
Этаж — 4
Этажность — 4
Площадь: 39 м²

#Цена: 45 500 у.е.
",1,39.0,4,4,false,evro,other,45500.0,547421875.0,USD,Ташкентская область,Ташкент,Учтепинский район,30-й квартал,41.267773,69.156113,137,0,0,false,false,false,97856,9,https://api.uybor.uz/api/v1/media/n/17827944989257543.jpg,2026-06-30T04:41:43.195Z,2026-06-30T04:41:43.193Z,2026-08-14T04:41:43.193Z,https://uybor.uz/listings/1316799,2026-07-21 05:06:32
1316800,2026-07-21,sale,Квартира,,"Продается квартира, 26 квартал
Адрес: Учтепинский район, Чиланзар 26
Ориентир: Налоговая

#Комнат — 1
Этаж — 3
Этажность — 5
Площадь: 42 м²
Балкон: 2*6
Состояние- Средний ремонт

#Цена: 53 500 у.е.",1,42.0,3,5,false,sredniy,other,53500.0,643671875.0,USD,Ташкентская область,Ташкент,Учтепинский район,26-й квартал,41.276863,69.178696,142,0,0,false,false,false,97856,5,https://api.uybor.uz/api/v1/media/n/17827949352688217.jpg,2026-06-30T04:48:59.297Z,2026-06-30T04:48:59.296Z,2026-08-14T04:48:59.296Z,https://uybor.uz/listings/1316800,2026-07-21 05:06:32
1316805,2026-07-21,sale,Квартира,,"Продается квартира / Новостройка
Адрес: Юнусабадский район, 13-квартал
Ориентиры: Базар «Универсам», ТРЦ Мегапленет, метро ""Туркистон"" «Юнусабад».
Площадь: 77 м²
КАДАСТР выйдет в июне 2026г.

Количество комнат: 2
Этаж: 3
Этажность 8
Состояние: коробка

#Цена: 70 000 у.е.",2,77.0,3,8,true,chernovaya,kirpich,70000.0,842187500.0,USD,Ташкентская область,Ташкент,Юнусабадский район,13-й квартал,41.368446,69.297791,58,0,0,false,false,false,17660,7,https://api.uybor.uz/api/v1/media/n/17827962676539051.jpg,2026-06-30T05:11:11.180Z,2026-06-30T05:11:11.179Z,2026-08-14T05:11:11.179Z,https://uybor.uz/listings/1316805,2026-07-21 05:06:32
1316806,2026-07-21,sale,Квартира,,"Продается Квартира / Новостройка  / ЖК  Poytaxt Residence.
Адрес: Яшнабадский район,Махтумкули.
Ориентир : Ташкентский завод шампанских вин.

Комнат — 3
Этаж — 8
Этажность — 9
Площадь: 69 кв.м
Состояние: Евроремонт.
Кирпич . Комнаты смежные. Зал,спальня,балкон, Сан/узел совмещенный,

#Цена 135 000 у.е
",3,69.0,8,9,true,evro,kirpich,135000.0,1624218750.0,USD,Ташкентская область,Ташкент,Яшнабадский район,"улица Махтумкули, 99",41.305313,69.327728,43,0,0,false,false,false,17660,6,https://api.uybor.uz/api/v1/media/n/17827969091624133.jpg,2026-06-30T05:21:53.155Z,2026-06-30T05:21:53.154Z,2026-08-14T05:21:53.154Z,https://uybor.uz/listings/1316806,2026-07-21 05:06:32
1316807,2026-07-21,sale,Квартира,,"Продается Пенхаус на 8 этаже корпусе Seoul Mun
Адрес: Дом расположен прямо над Seoul Mun и каналом. Район с развитой инфраструктурой: рестораны, кофейни, парк, фитнес-клубы. Быстрый доступ к центру и крупным магистралям.
Ориентир: ТРЦ NEXT

2 (отдельные студии)
Этаж — 8
Этажность — 8
Площадь: 139 м²
Две отдельные студии с индивидуальными входами через приватный коридор. Можно сдавать раздельно.
– Основная зона с потолками до 5 метров: простор, воздух, авторская архитектура.
– Не мансардный этаж, лифт поднимается на 8 этаж и потолки выполнены из полноценного железобетонного монолита с качественным утеплением по корейской технологии.
Евро-ремонт, качественные материалы, встроенная мебель и техника.
– Две полноценные ванные комнаты, продуманная функциональная планировка.
– Экологичное, тихое расположение внутри комплекса, отдельный входовой блок.

#Цена: 299 000у.е Обсуждается с реальным покупателем.",studio,139.0,8,8,true,custom,other,299000.0,3597343750.0,USD,Ташкентская область,Ташкент,Яккасарайский район,"улица Баходыра, 2",41.298862,69.247696,48,0,0,false,false,false,17660,15,https://api.uybor.uz/api/v1/media/n/17827971452763358.jpg,2026-06-30T05:26:12.003Z,2026-06-30T05:26:12.002Z,2026-08-14T05:26:12.002Z,https://uybor.uz/listings/1316807,2026-07-21 05:06:32
1316808,2026-07-21,sale,Квартира,,"Продается квартира / Новостройка 
Успейте приобрести квартиру в жилом комплексе
""Parkent Avenue"".
Мирзо Улугбекский район.

Комнат : 2
Этаж : 1
Этажность : 9
Площадь : 56 м².
Продается с мебелью и техникой.

#Цена: 100 000 у.е.
",2,56.0,1,9,true,evro,kirpich,100000.0,1203125000.0,USD,Ташкентская область,Ташкент,Яшнабадский район,улица Паркент,41.315166,69.323143,39,0,0,false,false,false,17660,10,https://api.uybor.uz/api/v1/media/n/17827972719858274.jpg,2026-06-30T05:28:01.892Z,2026-06-30T05:28:01.891Z,2026-08-14T05:28:01.891Z,https://uybor.uz/listings/1316808,2026-07-21 05:06:32
1316809,2026-07-21,sale,Квартира,,"Ж/К ""Аския"" Яккасарай район.

Аския улица пересечение с ул.Шохжахон Ракат махалля напротив Парка Дустлик (быв.Бабур) рядом посольство Саудовской Аравии,напротив БТИ и  теплоэнерго Яккасарайского района.

Продается: После качественного евро ремонта, обставленная новой мебелью и бытовой техникой, посудой , 2-х комнатная просторная, светлая, с удобной планировкой квартира на 6-ом этаже, 14-ти этажного дома.

Общая площадь: 40 м²

Этаж : 6

Этажность : 14

Санузел совмещен, зал студия объединено с кухней.

Район имеет развитую инфраструктуру: школы, детские сады, магазины.

Помощь в проведении сделки.

Оперативный показ.

Собственника недвижимости представляет:

ООО «GOLD REAL ESTATE»
лицензия гос. Ком. Конкуренции rl 001 №0041
",2,40.0,6,14,true,custom,kirpich,70000.0,842187500.0,USD,Ташкентская область,Ташкент,Яккасарайский район,"улица Аския, 38",41.286659,69.250244,66,0,0,false,false,false,52944,5,https://api.uybor.uz/api/v1/media/n/17827978130078336.png,2026-06-30T05:37:01.170Z,2026-06-30T05:37:01.167Z,2026-08-14T05:37:01.167Z,https://uybor.uz/listings/1316809,2026-07-21 05:06:32
1316810,2026-07-21,sale,Квартира,,"Продается квартира на Чиланзар 6 квартал 
Рядом Метро МИРЗО УЛУГБЕК 

Комнат 2/3
Этаж - 3 
Этажность дома- 4 
Строение Панель.  
Комнаты Смежные
Балкон 1.5 × 3

Дизайнерский ремонт. Мебель и техника. Полностью упакована. 
Идеальная локация. До метро 3 минуты пешком. 
Парк Гафура Гулама. 
Оптовый рынок КАТАРТАЛ 

#Цена: 83.000у.е.",2,48.0,3,4,false,evro,other,83000.0,998593750.0,USD,Ташкентская область,Ташкент,Чиланзарский район,6-й квартал,41.286945,69.211113,57,0,0,false,false,false,17660,10,https://api.uybor.uz/api/v1/media/n/17827979375861555.jpg,2026-06-30T05:39:00.809Z,2026-06-30T05:39:00.808Z,2026-08-14T05:39:00.808Z,https://uybor.uz/listings/1316810,2026-07-21 05:06:32
1316811,2026-07-21,sale,Квартира,,"Продается квартира в новостройке Orikzor Residence
Адрес: Учтепинский район, ул. Саккокий, 
Ориентир: Урикзар базар 

Комнат : 2
Этаж : 10
Этажность : 16
Площадь : 56 м².
Продается с мебелью и техникой.
Цена : 71 000 у.е.",2,56.0,10,16,true,evro,other,71000.0,854218750.0,USD,Ташкентская область,Ташкент,Учтепинский район,улица Юсуфа Саккокий,41.295624,69.165932,69,0,0,false,false,false,17660,9,https://api.uybor.uz/api/v1/media/n/17827980213415865.jpg,2026-06-30T05:40:24.503Z,2026-06-30T05:40:24.502Z,2026-08-14T05:40:24.502Z,https://uybor.uz/listings/1316811,2026-07-21 05:06:32
1316812,2026-07-21,sale,Квартира,,"Продается квартира Алгоритм
Улучшенная планировка, не торец  
Адрес: Учтепинский район, 30 квартал
Ориентир: кафе Ахмад Жужа  

Комнат – 2 переделанная в 3х комнатную
Этаж - 3
Этажность - 4
Площадь: 63м2
2 балкона 2*3-2*3
Состояние: Евроремонт
С мебелью и техникой

#Цена: 74.500у.е",2,63.0,3,4,false,evro,other,74500.0,896328125.0,USD,Ташкентская область,Ташкент,Учтепинский район,30-й квартал,41.267773,69.156113,52,0,0,false,false,false,17660,9,https://api.uybor.uz/api/v1/media/n/17827981326498635.jpg,2026-06-30T05:42:15.406Z,2026-06-30T05:42:15.405Z,2026-08-14T05:42:15.405Z,https://uybor.uz/listings/1316812,2026-07-21 05:06:32
1316813,2026-07-21,sale,Квартира,,"Продается квартира Новостройка
ЖК “PARKENT AVENUE”
Адрес: Мирзо Улугбекский район
Ориентир: Паркентский

Комнат – 2
Этаж - 3
Этажность - 10
Площадь: 48м2
Балкон6 4*2
Кирпичный дом
Состояние: Евроремонт

#Цена: 89.000у.е",2,48.0,3,10,true,evro,kirpich,89000.0,1070781250.0,USD,Ташкентская область,Ташкент,Яшнабадский район,улица Паркент,41.315166,69.323143,44,0,0,false,false,false,17660,8,https://api.uybor.uz/api/v1/media/n/17827982053725168.jpg,2026-06-30T05:43:28.754Z,2026-06-30T05:43:28.753Z,2026-08-14T05:43:28.753Z,https://uybor.uz/listings/1316813,2026-07-21 05:06:32
1316814,2026-07-21,sale,Квартира,,"Срочно продаётся квартира 
Французская планировка  
Адрес: Чиланзарский район, Алгоритм Гулистан  
Отдельный вход 

#Комнат — 2
Этаж — 3
Этажность — 9
Площадь: 65м²
Состояние: без ремонта 
 
#Цена: 66 500у.е.
Возможно ипотека ",2,65.0,3,9,false,kapital,other,66500.0,800078125.0,USD,Ташкентская область,Ташкент,Чиланзарский район,улица Аль-Хорезми,41.267952,69.190544,43,0,0,false,false,false,17660,6,https://api.uybor.uz/api/v1/media/n/17827982769623362.jpg,2026-06-30T05:44:41.097Z,2026-06-30T05:44:41.096Z,2026-08-14T05:44:41.096Z,https://uybor.uz/listings/1316814,2026-07-21 05:06:32
1316815,2026-07-21,sale,Квартира,,"Продается квартира на Чиланзаре 
Адрес: Чиланзар 10
Ориентир: Медиа парк 

Комнат : 2
Этаж : 1
Этажность : 4
Площадь : 70 м².
Комнаты раздельные и сан/узел раздельные.
Балкон 2х6, 
Свой палисадник с ограждением. 
#Цена : 80 000 у.е. ",2,70.0,1,4,false,evro,other,80000.0,962500000.0,USD,Ташкентская область,Ташкент,Чиланзарский район,10-й квартал массива Чиланзар,41.282902,69.197823,41,0,0,false,false,false,17660,6,https://api.uybor.uz/api/v1/media/n/17827983429777002.jpg,2026-06-30T05:45:47.695Z,2026-06-30T05:45:47.694Z,2026-08-14T05:45:47.694Z,https://uybor.uz/listings/1316815,2026-07-21 05:06:32
1316816,2026-07-21,sale,Квартира,,"Продается Картира / Новостройка  / ЖК Oq Saroy
Адрес: Ул Олтинтепа,Паркентская ,Мирзо-Улугбекский р-н 
Ориентир : Отель Узбекистан

#Комнат — 2
Этаж — 3
Этажность — 8
Площадь: 64 кв.м
Состояние: С ремонтом 
Кирпич . Комнаты раздельные: Зал,спальня,балкон, Сан/узел совмещенный,

#Цена 90 000 у.е
Торг на месте ",2,64.0,3,8,true,sredniy,kirpich,90000.0,1082812500.0,USD,Ташкентская область,Ташкент,Яшнабадский район,улица Паркент,41.315166,69.323143,49,0,0,false,false,false,17660,12,https://api.uybor.uz/api/v1/media/n/17827984487252822.jpg,2026-06-30T05:47:32.005Z,2026-06-30T05:47:32.003Z,2026-08-14T05:47:32.003Z,https://uybor.uz/listings/1316816,2026-07-21 05:06:32
1316817,2026-07-21,sale,Квартира,,"Продается уютная квартира Домбрабад 
Адрес: Чиланзарский район, ул. Сайрам
Ориентир: Школа №188 

#Комнат — 2 переделанная в 3
Этаж — 1
Этажность — 4
Общая площадь: 48м²
Балкон: 1,5*3


Состояние: Евроремонт, мебель, техника 
Комната раздельные 
Санузел раздельный 
 
#Цена: 72 500у.е.",2,48.0,1,4,false,evro,other,72500.0,872265625.0,USD,Ташкентская область,Ташкент,Чиланзарский район,улица Домбрабад,41.263844,69.20726,54,0,0,false,false,false,17660,9,https://api.uybor.uz/api/v1/media/n/17827985319948619.jpg,2026-06-30T05:48:55.987Z,2026-06-30T05:48:55.985Z,2026-08-14T05:48:55.985Z,https://uybor.uz/listings/1316817,2026-07-21 05:06:32
1316818,2026-07-21,sale,Квартира,,"Продаётся Квартира / Новостройка ЖК “ Park City ” Лабзак

Адрес: Шайхантахурский район, Лабзак Ц-13
Ориентир : Парк Анхор


#Комнат — 2
Этаж — 1
Этажность — 13
Площадь: 64 кв.м

Состояние : распланированная коробка

#Цена 86 000 у.е
",2,64.0,2,13,true,chernovaya,other,86000.0,1034687500.0,USD,Ташкентская область,Ташкент,Шайхантахурский район,"массив Лабзак, 13",41.32695,69.256424,66,0,0,false,false,false,17660,4,https://api.uybor.uz/api/v1/media/n/17827986373757675.jpg,2026-06-30T05:50:42.088Z,2026-06-30T05:50:42.088Z,2026-08-14T05:50:42.088Z,https://uybor.uz/listings/1316818,2026-07-21 05:06:32
1316819,2026-07-21,sale,Квартира,,"Продается Квартира / Новостройка  / ЖК IMPERIAL Club City

Адрес : Юнусабадский район,улица Ниёзбек Йули 
#Комнат — 2
Этаж — 5
Этажность — 14
Площадь: 40 кв.м
Состояние: Евроремонт.
Кирпич . Комнаты раздельные: Зал,спальня,балкон, Сан/узел совмещенный,

#Цена 139 000 у.е",2,40.0,5,14,true,evro,kirpich,139000.0,1672343750.0,USD,Ташкентская область,Ташкент,Юнусабадский район,улица Ниёзбек Йули,41.323963,69.291359,66,0,0,false,false,false,17660,7,https://api.uybor.uz/api/v1/media/n/17827987462422673.jpg,2026-06-30T05:52:29.472Z,2026-06-30T05:52:29.471Z,2026-08-14T05:52:29.471Z,https://uybor.uz/listings/1316819,2026-07-21 05:06:32
1316820,2026-07-21,sale,Квартира,,"Продаётся Квартира / Ипотека 
Адрес:  Кизил Шарк    , Чиланзарский   р-н
Ориентир:  Зархал
#Комнат — 2
Этаж — 5
Этажность — 9
Площадь:  60кВ. м
Состояние : капитальный ремонт , делали для себя 
Французская планировка .Комнаты раздельные .Балкон 1х7  Санузел раздельный

#Цена: 70 000 у.е",2,60.0,5,9,false,evro,other,70000.0,842187500.0,USD,Ташкентская область,Ташкент,Чиланзарский район,махаллинский сход граждан Кизил-Шарк,41.266777,69.165802,62,0,0,false,false,false,17660,8,https://api.uybor.uz/api/v1/media/n/17827989260052030.jpg,2026-06-30T05:55:29.840Z,2026-06-30T05:55:29.839Z,2026-08-14T05:55:29.839Z,https://uybor.uz/listings/1316820,2026-07-21 05:06:32
1316821,2026-07-21,sale,Квартира,,"Продается квартира Новостройка
ЖК “ROYAL HOUSE”
Адрес: Яккасарайский район, ул Шота Ростиавели  
Ориентир: кафе Фрегат 

Комнат – 2
Этаж - 3
Этажность - 9
Площадь: 40м2
Состояние: Новый евроремонт
С мебелью и техникой

#Цена: 84.000у.е ",2,40.0,3,9,true,evro,other,84000.0,1010625000.0,USD,Ташкентская область,Ташкент,Яккасарайский район,улица Шота Руставели,41.274693,69.241867,73,1,0,false,false,false,17660,9,https://api.uybor.uz/api/v1/media/n/17827991612757310.jpg,2026-06-30T05:59:24.944Z,2026-06-30T05:59:24.943Z,2026-08-14T05:59:24.943Z,https://uybor.uz/listings/1316821,2026-07-21 05:06:32
1316822,2026-07-21,sale,Квартира,,"Спец плана !

Ц-квартал Чиланзар с зади театра оперетты улица Чапаната пересечение с ул.Катартал с другой проспектом Бунедкор недалеко от метро Мирзо Улугбек.

Общая площадь : 98 кв.м удвоенный зал.

Продается: 3-х комнатная спец плана светлая просторная с удобной планировкой, удвоенный зал, большая лоджия, в отличном состояние частично мебелью и бытовой техникой квартира на 5 м этаже 5 ти этажного кирпичного дома

Количество комнат : 3 в 4-х

Санузел раздельный.

Этаж : 5 комнаты раздельные.

Этажность: 5

Лоджия 3 х 7 метров

Район имеет развитую инфраструктуру: школы, детские сады, магазины развлекательные заведение.

Помощь в проведении сделки.

Оперативный показ.

Собственника недвижимости представляет:

ООО «GOLD REAL ESTATE»

лицензия гос. Ком. Конкуренции rl 001 №0041",3,98.0,5,5,true,sredniy,kirpich,115000.0,1383593750.0,USD,Ташкентская область,Ташкент,Чиланзарский район,"квартал Ц, 51",41.283024,69.206947,90,1,0,false,false,false,52944,7,https://api.uybor.uz/api/v1/media/n/17827993615124966.png,2026-06-30T06:03:03.658Z,2026-06-30T06:03:03.656Z,2026-08-14T06:03:03.656Z,https://uybor.uz/listings/1316822,2026-07-21 05:06:32
1316823,2026-07-21,sale,Квартира,,"Продается квартира Чиланзар 26
Адрес: Учтепинский район, Чиланзар 26
Ориентир: Второй таксопарк.

#Комнат — 2
Этаж — 1
Этажность — 5
Площадь: 52 м²

#Цена: 64 000 у.е. стартовая
",2,52.0,1,4,false,kapital,other,64000.0,770000000.0,USD,Ташкентская область,Ташкент,Учтепинский район,26-й квартал,41.276863,69.178696,172,1,0,false,false,false,17660,9,https://api.uybor.uz/api/v1/media/n/17827996110641564.jpg,2026-06-30T06:06:54.883Z,2026-06-30T06:06:54.882Z,2026-08-14T06:06:54.882Z,https://uybor.uz/listings/1316823,2026-07-21 05:06:32
1316826,2026-07-21,sale,Дом,Частный дом,"Продаётся Частный Дом .
Адрес: Ул Мингузар , Яккасарайский р-н
Ориентир : Мирабад Авеню , ресторан Манан
Площадь участка : 3,3 сотки
Площадь дома : 220м2
Количество комнат: 5
Этажность : 2
Состояние : с ремонтом
Во дворе дома имеется бассейн , въезд для 3х машин
#Цена:420 000 уе стартовая

Варианты аренды: 2500у.е Депозит 1000у.е
",5,220.0,,2,false,evro,kirpich,420000.0,5053125000.0,USD,Ташкентская область,Ташкент,Яккасарайский район,"улица Минггузар, 10",41.293377,69.266602,121,0,0,false,false,false,17660,15,https://api.uybor.uz/api/v1/media/n/17828000928687101.jpg,2026-06-30T06:15:22.821Z,2026-06-30T06:15:22.819Z,2026-08-14T06:15:22.820Z,https://uybor.uz/listings/1316826,2026-07-21 05:06:32
1316830,2026-07-21,sale,Квартира,,"Юнусабад 12. 3/2/4.
67м2
Балкон 1.5/6
Ком. Смежно-раздельные
Средний ремонт
Ориентир: Метро Туркистон
Цена: 76500
Тел: +",3,67.0,2,4,false,sredniy,panel,76500.0,920390625.0,USD,Ташкентская область,Ташкент,Юнусабадский район,12-й квартал,41.377663,69.294052,219,0,0,false,false,false,177179,9,https://api.uybor.uz/api/v1/media/n/17828011635017726.jpeg,2026-06-30T06:32:47.554Z,2026-06-30T06:32:47.553Z,2026-08-14T06:32:47.553Z,https://uybor.uz/listings/1316830,2026-07-21 05:06:32
1316832,2026-07-21,sale,Квартира,,"Юнусабад 11. 2/7/9.ИПОТЕКА🔥
58м2.
Франция, зал 5/6
Общий коридор
Средний ремонт
Комнаты раздельные
Ориентир: Хавас, по линии метро
Цена: 65.000
Тел: +",2,58.0,7,9,false,sredniy,panel,65000.0,782031250.0,USD,Ташкентская область,Ташкент,Юнусабадский район,11-й квартал,41.370537,69.28997,129,0,0,false,false,false,177179,4,https://api.uybor.uz/api/v1/media/n/17828013959202023.jpeg,2026-06-30T06:36:37.694Z,2026-06-30T06:36:37.693Z,2026-08-14T06:36:37.693Z,https://uybor.uz/listings/1316832,2026-07-21 05:06:32
1316833,2026-07-21,sale,Квартира,,"Срочно продаётся 2 комнатная квартира на 8 этаже 9 этажного дома. Рисовый базар. На стороне мечети ""Ислом ота"". 95 массив. Французская планировка. 63м2. Балкон 1/7. Зал 20м2. Комнаты и санузел раздельные. Новый лифт. Без ремонта. Улица Фаргона йули. ",2,63.0,8,9,false,sredniy,panel,57000.0,685781250.0,USD,Ташкентская область,Ташкент,Яшнабадский район,"Ферганское шоссе, 95А/13",41.275173,69.310677,410,2,0,false,false,false,115340,10,https://api.uybor.uz/api/v1/media/n/17828015852771203.jpg,2026-06-30T06:39:53.156Z,2026-07-07T12:31:45.393Z,2026-08-14T06:39:53.154Z,https://uybor.uz/listings/1316833,2026-07-21 05:06:32
1316834,2026-07-21,sale,Квартира,,"Юнусабад 4. 1/2/4.ИПОТЕКА🔥
42м2 
Кирпичный дом🔥🔥
Балкон 2/6
Новый Евро ремонт
Ориентир: Шохсарой
Цена: 60.000
",1,42.0,2,4,false,evro,panel,60000.0,721875000.0,USD,Ташкентская область,Ташкент,Юнусабадский район,4-й квартал,41.363678,69.280075,129,0,0,false,false,false,177179,9,https://api.uybor.uz/api/v1/media/n/17828016406726562.jpeg,2026-06-30T06:40:44.805Z,2026-06-30T06:40:44.803Z,2026-08-14T06:40:44.803Z,https://uybor.uz/listings/1316834,2026-07-21 05:06:32
1316836,2026-07-21,sale,Квартира,,"Юнусабад. 1в2/1/4.
38м2
Бывшее общежитие
Кухня, сун узел внутри
Без ремонта
Ориентир: Ботанический сад
Цена: 30.500
Тел: ",1,38.0,1,4,false,kapital,kirpich,30500.0,366953125.0,USD,Ташкентская область,Ташкент,Юнусабадский район,улица Богишамол,41.346722,69.313149,271,2,0,false,false,false,177179,8,https://api.uybor.uz/api/v1/media/n/17828019456111191.jpeg,2026-06-30T06:45:47.454Z,2026-06-30T06:45:47.453Z,2026-08-14T06:45:47.453Z,https://uybor.uz/listings/1316836,2026-07-21 05:06:32
1316837,2026-07-21,sale,Квартира,,"Продаётся 2 комнатная квартира на 8 этаже 9 этажного дома. На против Рисового базара. На стороне мечети ""Ислом ота"". Улица Фаргона йули. 95 массив . Французская планировка. 63м2. Балкон 1/7. Зал 20м2. Комнаты и санузел раздельные. Новый лифт. Без ремонта. ",2,63.0,8,9,false,sredniy,panel,57000.0,685781250.0,USD,Ташкентская область,Ташкент,Мирабадский район,"улица Абдурауфа Фитрата, 2/1",41.273144,69.309914,407,1,0,false,false,false,115340,10,https://api.uybor.uz/api/v1/media/n/17828018383988139.jpg,2026-06-30T06:45:57.942Z,2026-07-07T12:31:30.417Z,2026-08-14T06:45:57.940Z,https://uybor.uz/listings/1316837,2026-07-21 05:06:32
1316839,2026-07-21,sale,Квартира,,"Юнусабад 13. 1в2/3/4
38м2
Балкон 1.5/6
Без ремонта
Ориентир: Анжир
Цена: 50.500
Тел: +",1,38.0,3,4,false,kapital,panel,49500.0,595546875.0,USD,Ташкентская область,Ташкент,Юнусабадский район,13-й квартал,41.368446,69.297791,146,0,0,false,false,false,177179,4,https://api.uybor.uz/api/v1/media/n/17828023845844179.jpeg,2026-06-30T06:53:06.950Z,2026-06-30T06:53:06.949Z,2026-08-14T06:53:06.949Z,https://uybor.uz/listings/1316839,2026-07-21 05:06:32
1316841,2026-07-21,sale,Квартира,,"Юнусабад 13. 1в2/2/4
38м2
Балкон 1.5/6
Средний ремонт
Ориентир: Анжир
Цена: 50.500
Тел: +",1,38.0,2,4,false,sredniy,panel,49500.0,595546875.0,USD,Ташкентская область,Ташкент,Юнусабадский район,13-й квартал,41.368446,69.297791,153,0,0,false,false,false,177179,8,https://api.uybor.uz/api/v1/media/n/17828027677758366.jpeg,2026-06-30T06:59:29.772Z,2026-06-30T06:59:29.770Z,2026-08-14T06:59:29.771Z,https://uybor.uz/listings/1316841,2026-07-21 05:06:32
1316844,2026-07-21,sale,Дом,Частный дом,uy sotiladi piskent tumani oqtepa qishlogida 15 sotix bog qilingan hamma mevalar soladi uy kotta 4 xona prixojiy va zal.  4 ta xona bitgan zalni remont qlsh kere aloxida oshxona qurilgan hammom alohida atapleniya pechka gaz suv svet muamo yoq gaz mantajlari qlingan ulansa boldi narxi kelishiladi   24/7 telefon qlishilar mumkin,4,100.0,,1,false,custom,kirpich,73900.0,889109375.0,USD,Ташкентская область,населённый пункт Актепа,,населённый пункт Актепа,40.920873,69.266226,64,0,0,false,false,false,285728,15,https://api.uybor.uz/api/v1/media/n/17828033150366312.jpeg,2026-06-30T07:12:03.871Z,2026-06-30T07:12:03.869Z,2026-08-14T07:12:03.869Z,https://uybor.uz/listings/1316844,2026-07-21 05:06:32
1316845,2026-07-21,sale,Дом,Частный дом,"Продаёться готовый дача и дома возле пирамиде и чимгане 6 сот.
Uy va dacha sotiladi Piramida va Chimgan yon atrofida joylashgan 6 sot.",3,3.0,,1,false,evro,kirpich,110000.0,1323437500.0,USD,Ташкентская область,,,махаллинский сход граждан Навобод,41.605243,70.044508,76,0,0,false,false,false,285729,12,https://api.uybor.uz/api/v1/media/n/17828034768417106.jpg,2026-06-30T07:15:45.095Z,2026-06-30T07:15:45.094Z,2026-08-14T07:15:45.094Z,https://uybor.uz/listings/1316845,2026-07-21 05:06:32
1316847,2026-07-21,sale,Квартира,,"Юнусабад 15. 2/4/4.ИПОТЕКА🔥
50м2. Кирпич.
Дом галерейного типа.
Хорошая косметика, акфа решетки есть.
Есть кладовка. 2 балкона.
Метро Туркистон 5 минут
Цена: 56.000 снижена 53.500",2,50.0,4,4,false,sredniy,kirpich,53500.0,643671875.0,USD,Ташкентская область,Ташкент,Юнусабадский район,15-й квартал,41.378193,69.301384,140,0,0,false,false,false,177179,7,https://api.uybor.uz/api/v1/media/n/17828070171853504.jpeg,2026-06-30T08:10:20.645Z,2026-06-30T08:10:20.644Z,2026-08-14T08:10:20.644Z,https://uybor.uz/listings/1316847,2026-07-21 05:06:32
1316848,2026-07-21,sale,Квартира,,"Продаётся 2-комнатная квартира (2/4/4) от собственника!
Дом расположен в одном из самых зелёных массивов района — много деревьев, свежий воздух, тихий и уютный двор, комфортная атмосфера для прогулок и отдыха.
Светлая и уютная квартира с евроремонтом.
Не торцевая.
Раздельные комнаты.
Раздельный санузел (ванная и туалет).
Остаётся:
встроенная мебель в гостиной;
встроенная мебель в прихожей;
встроенная кухня с техникой;
кондиционер.
Возле подъезда закреплено удобное парковочное место.
Развитая инфраструктура:
базар «Ширин»;
кафе «Бухара»;
школы №187 и №190;
Эко-базар;
IT Park;
Институт культуры;
спорткомплекс «Умид»;
парк «Локомотив».
Ипотеки нет.
Квартира от собственника.
Звоните или пишите, отвечу на все вопросы и организую просмотр! ",2,46.0,4,4,false,evro,panel,70000.0,842187500.0,USD,Ташкентская область,Ташкент,Мирзо-Улугбекский район,массив Ялангач,41.350452,69.343277,172,2,0,false,false,false,285730,7,https://api.uybor.uz/api/v1/media/n/17828069196391102.jpg,2026-06-30T08:12:55.393Z,2026-06-30T08:12:55.392Z,2026-08-14T08:12:55.392Z,https://uybor.uz/listings/1316848,2026-07-21 05:06:32
1316849,2026-07-21,sale,Дом,Частный дом,Navoiy shahrida 2.59 sotixli hovli uy  sotiladi.4 ta katta xona oshxona hammom hojatxona bor.Kadastr hujjatlari tõliq.Uy yõl ustida joylashgan bozor maktab va boğcha yaqin.Kirib yashashga tayyor.Narxi kelishiladi.,4,259.0,,1,false,sredniy,kirpich,58181.82,700000000.0,UZS,Навоийская область,,,махаллинский сход граждан Богишамол,40.068856,65.433375,48,1,0,false,false,false,285731,7,https://api.uybor.uz/api/v1/media/n/17828093801089655.jpeg,2026-06-30T08:51:53.838Z,2026-06-30T08:51:53.837Z,2026-08-14T08:51:53.837Z,https://uybor.uz/listings/1316849,2026-07-21 05:06:32
1316850,2026-07-21,sale,Дом,Частный дом,"Продаётся собственный кирпичный дом с гаражом и просторным подвалом. Дом сейсмоустойчивый, отличается прочными и надёжными стенами.

Удобное расположение:
В шаговой доступности:
Поликлиника
Детская площадка
Магазины и аптеки
Автобусная остановка и станция метро ""БЕРУНИЙ""
Всё необходимое для комфортного проживания

Преимущества:
Гараж для автомобиля
Просторный и глубокий подвал (подойдёт для хранения или других нужд)
Развитая инфраструктура и тихий район
Дом не попадает под программу реновации !


Uyi sotiladi,garaj va keng podval bilan g'isht. Uy zilzilaga chidamli, mustahkam va ishonchli devorlarga ega.

Qulay joy:
Yurish masofasida:
Poliklinika
Bolalar maydonchasi
Do'konlar va dorixonalar
Avtobus bekati va ""BERUNIY"" Metro bekati
Qulay yashash uchun kerak bo'lgan hamma narsa

Foyda:
Avtomobil uchun garaj
Keng va chuqur podval (saqlash yoki boshqa ehtiyojlar uchun javob beradi)
Rivojlangan infratuzilma va tinch hudud.
Mazkur turar joy renovatsiya dasturi doira",3,108.62,,1,false,sredniy,kirpich,250000.0,3007812500.0,USD,Ташкентская область,Ташкент,Шайхантахурский район,"улица Зафаробод, 28/3",41.338413,69.203568,60,3,0,false,false,false,285733,12,https://api.uybor.uz/api/v1/media/n/17828113223909485.jpg,2026-06-30T09:25:41.950Z,2026-06-30T09:25:41.948Z,2026-08-14T09:25:41.948Z,https://uybor.uz/listings/1316850,2026-07-21 05:06:32
1316852,2026-07-21,sale,Квартира,,"В продаже уникальный пентхаус площадью 522 м², расположенный на 10 этаже престижного жилого комплекса «Шедевр»

Площадь - 522 м².
Комнаты 6.
10 этаж с панорамными видами.
Свободная планировка для реализации индивидуального проекта.
Премиальный формат недвижимости.

Ориентир: Корзинка «Шедевр» Ц 4.",6+,522.0,10,10,true,chernovaya,other,650000.0,7820312500.0,USD,Ташкентская область,Ташкент,Юнусабадский район,"массив Кашгар, 4",41.319191,69.281013,1998,5,1,false,false,false,271619,3,https://api.uybor.uz/api/v1/media/n/17828127270413106.jpg,2026-06-30T09:48:59.114Z,2026-07-07T06:53:19.774Z,2026-08-14T09:48:59.113Z,https://uybor.uz/listings/1316852,2026-07-21 05:06:32
1316853,2026-07-21,sale,Квартира,,"СРОЧНО ПРОДАЮ   СВОЯ

Чиланзар 4-кв,
3- дом,
2/1/4 переделн-3, 
САН.УЗЕЛ РАЗДЕЛНЫЙ, 
Евроремонт, с мебелю и техникой, 50 м2, 
Балкон 2х4, 
подвал 2х4,
Огород есть, 
Ор-р: Парк, Метро М. Улугбек 
Цена - 85 000  у, е. рук 

",2,50.0,1,4,false,evro,panel,85000.0,1022656250.0,USD,Ташкентская область,Ташкент,Юнусабадский район,4-й квартал,41.363678,69.280075,203,0,1,false,false,false,9526,10,https://api.uybor.uz/api/v1/media/n/17828136325618295.jpeg,2026-06-30T10:00:35.706Z,2026-06-30T10:00:35.705Z,2026-08-14T10:00:35.705Z,https://uybor.uz/listings/1316853,2026-07-21 05:06:32
1316855,2026-07-21,sale,Квартира,,"Чилонзор 23-квартал
3-дом, 

2 хона
5-қават 
5 қаватли дом, 
Умумий майдони: 42 м²     
Евроремонт
Мебель техникаси билан бирга
Ориентир: Ипатека банк

Нархи: 64 000 00 у, е ",2,42.0,5,5,false,evro,panel,64000.0,770000000.0,USD,Ташкентская область,Ташкент,Учтепинский район,23-й квартал,41.287083,69.178413,133,0,0,false,false,false,9526,10,https://api.uybor.uz/api/v1/media/n/17828137268476776.jpeg,2026-06-30T10:02:10.069Z,2026-06-30T10:02:10.068Z,2026-08-14T10:02:10.068Z,https://uybor.uz/listings/1316855,2026-07-21 05:06:32
1316856,2026-07-21,sale,Квартира,,"СРОЧНО ПРОДАЮ СВОЯ 
 Чиланзар 14 -кв 1*2/1/4 
34 м2., переделн:  - 2, 
Евроремонт с мебелью и техникой, 
Ор-р: Афруз ресторан 
Цена:59 000 на руки 
",1,34.0,1,4,false,evro,panel,59000.0,709843750.0,USD,Ташкентская область,Ташкент,Учтепинский район,14-й квартал,41.295307,69.191414,142,0,0,false,false,false,9526,9,https://api.uybor.uz/api/v1/media/n/17828138169016204.jpeg,2026-06-30T10:03:39.998Z,2026-06-30T10:03:39.997Z,2026-08-14T10:03:39.997Z,https://uybor.uz/listings/1316856,2026-07-21 05:06:32
1316857,2026-07-21,sale,Квартира,,"Продается 2-комнатная квартира в новостройке, 2/5/16 -123 000 у.е в ЖК OzMakon от Golden House, ул.Фаргона-йули. Ориентир: УзБУМ,Первушка. Монолитный дом, площадь 57 м².Состояние: евроремонт,мебель,техника.Идеально под аренду.",2,57.0,5,16,true,evro,monolit,123000.0,1479843750.0,USD,Ташкентская область,Ташкент,Мирабадский район,O'zmakon TJM,41.291019,69.297943,157,0,0,false,false,false,43671,10,https://api.uybor.uz/api/v1/media/n/17828139208579275.jpg,2026-06-30T10:05:25.291Z,2026-06-30T10:05:25.289Z,2026-08-14T10:05:25.289Z,https://uybor.uz/listings/1316857,2026-07-21 05:06:32
1316858,2026-07-21,sale,Квартира,,"СРОЧНО ПРОДАЮ СВОЯ

Чиланзар 8-кв,
34- дом,
2/1/4 переделн-3, 
КОМНАТА РАЗДЕЛЬНАЯ, 
САН.УЗЕЛ РАЗДЕЛНЫЙ, 
Евроремонт, с мебелю и техникой, 52 м2, 
Балкон 2х6, 
подвал 2х6,
Огород есть, 
Ор-р: Парус, 183-школа 
Цена - 83 000  у, е. рук 

",2,52.0,1,4,false,evro,panel,83000.0,998593750.0,USD,Ташкентская область,Ташкент,Чиланзарский район,8-й квартал,41.289974,69.204323,254,0,0,false,false,false,9526,9,https://api.uybor.uz/api/v1/media/n/17828139786077766.jpeg,2026-06-30T10:06:22.048Z,2026-06-30T10:06:22.047Z,2026-08-14T10:06:22.047Z,https://uybor.uz/listings/1316858,2026-07-21 05:06:32
1316859,2026-07-21,sale,Квартира,,"СРОЧНО ПРОДАЮ СВОЯ 
Чиланзар-1 кв,   40-дом,
3/3/4  ВЫСОКОПОТОЛОЧЬНЫЙ,
Евроремонт, с мебелью и техникой, 
2 балкона, 2х7 и 1х3, 
Переделн. - в-4, 
Домофон 
Видео наблюдения
Ор-р: ул. Гагарин. 103-школа 
Цена-140 000 у, е. 
",3,90.0,3,4,false,evro,kirpich,140000.0,1684375000.0,USD,Ташкентская область,Ташкент,Чиланзарский район,1-й квартал,41.284649,69.228806,191,0,0,false,false,false,9526,11,https://api.uybor.uz/api/v1/media/n/17828140952184700.jpeg,2026-06-30T10:08:17.807Z,2026-06-30T10:08:17.806Z,2026-08-14T10:08:17.806Z,https://uybor.uz/listings/1316859,2026-07-21 05:06:32
1316860,2026-07-21,sale,Квартира,,"СРОЧНО ПРОДАЮ СВОЯ 

Чиланзар-1 кв,   13-дом,
2/4/4 
 ремонт чистая, 
Балкон 2х4, 50 м2, 
Дом кирпичная, 
Ор-р: Метро Новза, 
Цена-65 000 у, е. Рук.                                                    ",2,50.0,4,4,false,sredniy,kirpich,65000.0,782031250.0,USD,Ташкентская область,Ташкент,Чиланзарский район,1-й квартал,41.284649,69.228806,260,3,1,false,false,false,9526,10,https://api.uybor.uz/api/v1/media/n/17828141841729152.jpeg,2026-06-30T10:09:48.146Z,2026-06-30T10:09:48.145Z,2026-08-14T10:09:48.145Z,https://uybor.uz/listings/1316860,2026-07-21 05:06:32
1316861,2026-07-21,sale,Земельный участок,Жилой,"Манзил : Центр Яккасарой

Участка 5.5 Сотих
Умумий майдони : 550 м2
Хоналари алохида алохида
Бассень , шаршара бор
Йозги ошхона бор
4 та санузел 
8 та хона
Ремонт Чистая
Мебел техникалари бн

Нархи : 500.000
",,,,,false,,,500000.0,6015625000.0,USD,Ташкентская область,Ташкент,Яккасарайский район,жилой комплекс Яккасарой сити молл,41.265511,69.236862,242,0,0,false,false,false,9526,7,https://api.uybor.uz/api/v1/media/n/17828142801276145.jpeg,2026-06-30T10:11:39.885Z,2026-06-30T10:11:39.884Z,2026-08-14T10:11:39.884Z,https://uybor.uz/listings/1316861,2026-07-21 05:06:32
1316862,2026-07-21,sale,Квартира,,"Продается своя квартира Чиланзар 16-квартал 
3*4/3/4
Переделн:4
Балкон:1,5/6
Все раздельные 
Евроремонт с мебелью и техникой 
Общие площадь:67 м2
Ориентир:Метро Чиланзар 
Дом номер:4а
Цена:96000 на руки 
Телефон:
+",3,67.0,3,4,false,evro,kirpich,96000.0,1155000000.0,USD,Ташкентская область,Ташкент,Чиланзарский район,16-й квартал,41.274708,69.199852,238,0,0,false,false,false,9526,10,https://api.uybor.uz/api/v1/media/n/17828144168454306.jpeg,2026-06-30T10:13:40.239Z,2026-06-30T10:13:40.238Z,2026-08-14T10:13:40.238Z,https://uybor.uz/listings/1316862,2026-07-21 05:06:32
1316863,2026-07-21,sale,Квартира,,"Чиланзар 1 квартал
1/5/5
балкон 1.2х6
площадь 36 м2
нархи 46 000
тг оркали мурожат",1,36.0,5,5,false,sredniy,kirpich,46000.0,553437500.0,USD,Ташкентская область,Ташкент,Чиланзарский район,1-й квартал,41.284649,69.228806,363,0,0,false,false,false,9526,7,https://api.uybor.uz/api/v1/media/n/17828145962367586.jpeg,2026-06-30T10:17:03.076Z,2026-06-30T10:17:03.075Z,2026-08-14T10:17:03.075Z,https://uybor.uz/listings/1316863,2026-07-21 05:06:32
1316864,2026-07-21,sale,Квартира,,"чиланзар 20 квартал
2/1/4
балкон 1.5х6
площадь 52 м2
нархи 53.500",2,52.0,1,4,false,sredniy,kirpich,53500.0,643671875.0,USD,Ташкентская область,Ташкент,Чиланзарский район,"квартал 20Д, 8",41.268852,69.179405,377,2,0,false,false,false,9526,6,https://api.uybor.uz/api/v1/media/n/17828147628993683.jpeg,2026-06-30T10:19:40.169Z,2026-06-30T10:19:40.168Z,2026-08-14T10:19:40.168Z,https://uybor.uz/listings/1316864,2026-07-21 05:06:32
1316865,2026-07-21,sale,Квартира,,"миробод ЗАГС
2/5/9
с мебель и техника
площадь 67 м2
нархи 74 500
тг оркали мурожат",2,67.0,5,9,false,sredniy,panel,74500.0,896328125.0,USD,Ташкентская область,Ташкент,Мирабадский район,улица Мирабад,41.296818,69.268547,314,3,1,false,false,false,9526,7,https://api.uybor.uz/api/v1/media/n/17828149340135546.jpeg,2026-06-30T10:22:20.105Z,2026-06-30T10:22:20.104Z,2026-08-14T10:22:20.104Z,https://uybor.uz/listings/1316865,2026-07-21 05:06:32
1316866,2026-07-21,sale,Земельный участок,Жилой,Judayam katta hovli joy orqasida katta bog' bilan yozgi turar joy va ubga qoshimcha yana eski buyumlarni saqlaydigan joy ham bor,,,,,false,,,80000.0,962500000.0,USD,Хорезмская область,Хива,,Хива,41.384463,60.3619,158,0,0,false,false,false,285735,12,https://api.uybor.uz/api/v1/media/n/17828154000097818.jpeg,2026-06-30T10:30:43.976Z,2026-06-30T10:30:43.974Z,2026-08-14T10:30:43.974Z,https://uybor.uz/listings/1316866,2026-07-21 05:06:32
1316867,2026-07-21,sale,Земельный участок,Жилой,"Земельный участок 8 соток в одной из самых зеленых и уютных частей Старого Чимгана. Участок с естественным рельефом, взрослыми деревьями и собственным микроклиматом благодаря близости горного ручья.
Имеющиеся коммуникации : вода, электричество, канализация.
На территории имеются капитальные каменные подпорные стены и ограждение.
Место идеально подходит для строительства шале, загородного дома или семейной резиденции в горах.
Тишина, чистый воздух, горы, взрослые деревья и атмосфера настоящего Чимгана, которой уже практически не осталось в новых застройках.
Разумный торг после просмотра
",,,,,false,,,130000.0,1564062500.0,USD,Ташкентская область,городской посёлок Чимган,,улица Тошлокбет,41.550041,70.025108,211,2,1,false,false,false,285456,3,https://api.uybor.uz/api/v1/media/n/17828155168683837.jpg,2026-06-30T10:32:28.723Z,2026-07-15T05:22:01.688Z,2026-08-14T10:32:28.722Z,https://uybor.uz/listings/1316867,2026-07-21 05:06:32
1316869,2026-07-21,sale,Дом,Дача,"Продаётся дача в живописном районе Паркент 
Ориентир : Кумушкан
Кол-во комнат- 5
Площадь участка- 11 соток
Площадь дома : 250 квм 
Дом двух этажный.
В доме 5 сан/узлов.
Дом построен из кирпича.
На территории имеется :
Летняя кухня,  .
Бассейн 7х5,сауна,въезд на 3 автомобиля.
Дом продается с мебелью и техникой.
Все коммуникации центральные.

Цена 225.000 у.е ",5,250.0,,2,false,evro,kirpich,225000.0,2707031250.0,USD,Ташкентская область,городской посёлок Куёш,,Кумышканское шоссе,41.305164,69.740051,189,0,0,false,false,false,17660,8,https://api.uybor.uz/api/v1/media/n/17828197742659077.jpg,2026-06-30T11:42:57.156Z,2026-06-30T11:42:57.155Z,2026-08-14T11:42:57.155Z,https://uybor.uz/listings/1316869,2026-07-21 05:06:32
1316870,2026-07-21,sale,Квартира,,"Продается квартира Ц-7
Адрес: Мирабадский район, ул. Чимкентская
Ориентир: ЦУМ, МИД

#Комнат — 3
Этаж — 4
Этажность — 4
Площадь:80м²
Состояние: Евроремонт, мебель + техника


#Цена: 150 000 у.е",3,80.0,4,4,false,evro,other,150000.0,1804687500.0,USD,Ташкентская область,Ташкент,Мирабадский район,улица Чимкент,41.30714,69.270905,256,0,0,false,false,false,97856,10,https://api.uybor.uz/api/v1/media/n/17828207784519299.jpg,2026-06-30T11:59:44.674Z,2026-06-30T11:59:44.673Z,2026-08-14T11:59:44.673Z,https://uybor.uz/listings/1316870,2026-07-21 05:06:32
1316872,2026-07-21,sale,Квартира,,"SOTILADI! Qulay va zamonaviy kvartira
Yaxshi holatdagi, yorugʻ va shinam kvartira sotiladi. Kvartira toza taʼmirlangan, yashash uchun tayyor. Xonalari keng va qulay joylashgan, oshxona, sanuzel va balkon mavjud. Gaz, elektr, suv va internet uzluksiz ishlaydi.
Uy qulay hududda joylashgan. Yaqin atrofda maktab, bogʻcha, supermarketlar, dorixona va jamoat transporti bekatlari mavjud. Qoʻshnilar tinch, kirish yoʻlagi ozoda. Hujjatlari toʻliq rasmiylashtirilgan, oldi-sotdiga tayyor.
Narxi kelishiladi. Jiddiy xaridorlar murojaat qilishi soʻraladi.",3,82.0,5,10,true,evro,kirpich,120000.0,1443750000.0,USD,Ташкентская область,Ташкент,Яккасарайский район,"улица Яккасарай, 7Б",41.267685,69.225807,370,1,1,false,false,false,285745,8,https://api.uybor.uz/api/v1/media/n/17828303153581756.jpg,2026-06-30T14:44:58.976Z,2026-06-30T14:44:58.974Z,2026-08-14T14:44:58.974Z,https://uybor.uz/listings/1316872,2026-07-21 05:06:32
1316874,2026-07-21,sale,Дом,Частный дом,"СРОЧНО! Продаётся свой дом в Мирабадском районе г.Ташкент. 
Ориентир: Рисовый мост, в сторону Файзабад ГАИ, махаля Ок уй. Дом от центральной дороги Фаргона йули примерно в 150-200 метрах. Не так далеко, и не шумно от движения машин. 
Участок почтм 2 сот.
Дом из жённого кирпича, крыша из шифера . 
В доме 3 комнаты, коридор, кухня, ванная и туалет (раздельные). 
На участке имеется отдельно вместительная кладовая, небольшой огород. Также есть заезд для машины и место для машины перед домом.
Махаля европезированая, спокойная, культурные и воспитанные соседи. Рядом вся развитая инфраструктура. Проблемы с коммуникациями нет. Вода, свет, газ всегда имеется без перебоев. Канализация центральная.
",3,70.0,,1,false,sredniy,kirpich,92000.0,1106875000.0,USD,Ташкентская область,Ташкент,Мирабадский район,"3-й проезд Окбилол, 15",41.265158,69.312381,234,0,1,false,false,false,16455,6,https://api.uybor.uz/api/v1/media/n/17828392758596919.jpeg,2026-06-30T17:08:07.165Z,2026-06-30T17:08:07.163Z,2026-08-14T17:08:07.163Z,https://uybor.uz/listings/1316874,2026-07-21 05:06:32
1316875,2026-07-21,sale,Квартира,,"Uy srochno sotiladi 
",2,65.0,4,5,true,kapital,other,49000.0,589531250.0,USD,Ташкентская область,Ташкент,Юнусабадский район,улица Хасанбай,41.389748,69.251221,314,1,0,false,false,false,266417,7,https://api.uybor.uz/api/v1/media/n/17828524391779755.jpg,2026-06-30T20:48:40.120Z,2026-06-30T20:48:40.119Z,2026-08-14T20:48:40.119Z,https://uybor.uz/listings/1316875,2026-07-21 05:06:32
1316876,2026-07-21,sale,Квартира,,"Продажа Дуплекс Квартиры / Новостройка 

Адрес: Ул Шокирарык , Сергелийский р-н 
Ориентир : бассейн Атлантис , Хокимият 

Комнат -3
Этаж: 1 и цоколь 
Этажность - 3
Площадь - 96 м² ( каждый этаж по 48 м2 )
Состояние: с ремонтом.. 
1 Этаж : кухня , зал 
Цоколь 2 спальни 
Продаётся с мебелью . 

#Цена : 85 000 у.е",3,96.0,1,3,false,evro,other,85000.0,1022656250.0,USD,Ташкентская область,Ташкент,Янгихаётский район,улица Шокирарык,41.213306,69.208382,141,0,0,false,false,false,97856,9,https://api.uybor.uz/api/v1/media/n/17828801786107033.jpg,2026-07-01T04:29:48.777Z,2026-07-01T04:29:48.775Z,2026-08-15T04:29:48.775Z,https://uybor.uz/listings/1316876,2026-07-21 05:06:32
1316877,2026-07-21,sale,Квартира,,"Продаётся Квартира
Адрес: Чиланзар 24 квартал.
Ориентир: Ресторан Алмаз.
#Комнат — 3
Этаж — 5
Этажность — 5
Площадь: 68   кв. М
Состояние: С ремонтом.
Санузел раздельный. 
Балкон 2х6
Кирпич.
Продается с мебелью и техникой.

#Цена: 72 000 у.е",3,68.0,5,5,false,sredniy,kirpich,72000.0,866250000.0,USD,Ташкентская область,Ташкент,Учтепинский район,24-й квартал,41.281628,69.174515,143,0,0,false,false,false,97856,8,https://api.uybor.uz/api/v1/media/n/17828808775883748.jpg,2026-07-01T04:41:30.037Z,2026-07-01T04:41:30.036Z,2026-08-15T04:41:30.036Z,https://uybor.uz/listings/1316877,2026-07-21 05:06:32
1316878,2026-07-21,sale,Квартира,,"Продается квартира /Новостройка 
Адрес: Яккасарайский район
Ориентир: Кушбеги / Кафе Килдиргоч,
Малая кольцевая дорога.
До аэропорта 800 метров 

Комнат: 3
Этаж: 7
Этажность: 13
Общая площадь: 77м2
По факту 84м2

Новый евро ремонт
Укомплектована 
Мебелью и Техникой
Имеется балкончик 1х3


#Цена: 119 500 у.е",3,84.0,7,13,true,evro,other,119500.0,1437734375.0,USD,Ташкентская область,Ташкент,Яккасарайский район,улица Кушбеги,41.271652,69.245438,189,1,0,false,false,false,97856,10,https://api.uybor.uz/api/v1/media/n/17828810608922699.jpg,2026-07-01T04:44:25.604Z,2026-07-01T04:44:25.602Z,2026-08-15T04:44:25.602Z,https://uybor.uz/listings/1316878,2026-07-21 05:06:32
1316880,2026-07-21,sale,Квартира,,"Продается 3-комнатная квартира, 3/4/5-82 000 у.е  на м.Буюк Ипак Йули, ориентир: МГИМО, институт Дипломатии, школа 71, кафе Cake Lab. Кирпичный дом. Площадь 68 м². Комнаты раздельные.Состояние: без ремонта.",3,68.0,4,5,false,kapital,kirpich,82000.0,986562500.0,USD,Ташкентская область,Ташкент,Мирзо-Улугбекский район,Буюк Ипак Йули,41.326092,69.328491,144,0,1,false,false,false,43671,3,https://api.uybor.uz/api/v1/media/n/17828829585529222.jpg,2026-07-01T05:16:05.449Z,2026-07-01T05:16:05.448Z,2026-08-15T05:16:05.448Z,https://uybor.uz/listings/1316880,2026-07-21 05:06:32
1316883,2026-07-21,sale,Квартира,,"Продается квартира  
Адрес: Чиланзарский район, 19 квартал Чиланзар 
Ориентир: Школа № 101
Комнат – 3
Этаж - 3
Этажность - 4
Площадь: 65 м²

Комната смежный раздельные 
Санузел раздельный
Евроремонт мебель и техника
Панельный дом
Имеется балкончик 1х3

#Цена: 81 500у.е.",3,65.0,3,4,false,evro,panel,81500.0,980546875.0,USD,Ташкентская область,Ташкент,Чиланзарский район,19-й квартал,41.269955,69.186157,112,1,0,false,false,false,17660,9,https://api.uybor.uz/api/v1/media/n/17828863028544897.jpg,2026-07-01T06:11:52.610Z,2026-07-01T06:11:52.608Z,2026-08-15T06:11:52.608Z,https://uybor.uz/listings/1316883,2026-07-21 05:06:32
1316884,2026-07-21,sale,Квартира,,"Юнусабад 11. 2/7/9.ИПОТЕКА🔥
58м2.
Франция, зал 5/6
Общий коридор
Средний ремонт
Комнаты раздельные
Ориентир: Хавас, по линии метро
Цена:  63.500

",2,58.0,7,9,false,sredniy,panel,63500.0,763984375.0,USD,Ташкентская область,Ташкент,Юнусабадский район,11-й квартал,41.370537,69.28997,102,0,0,false,false,false,177179,4,https://api.uybor.uz/api/v1/media/n/17828864438538345.jpeg,2026-07-01T06:14:06.160Z,2026-07-01T06:14:06.159Z,2026-08-15T06:14:06.159Z,https://uybor.uz/listings/1316884,2026-07-21 05:06:32
1316885,2026-07-21,sale,Квартира,,"Продается 4-комнатная квартира в новостройке,4/5/9-185 000 у.е на Паркентском, ЖК Parkent Avenue. Площадь 115 м²,2 с/у.Две террасы 15 м².Состояние: евроремонт,мебель,техника.Детская площадка.Закрытый двор.2-линия от дороги.Возможна ипотека.",4,115.0,5,9,true,evro,kirpich,185000.0,2225781250.0,USD,Ташкентская область,Ташкент,Мирзо-Улугбекский район,жилой комплекс Паркент Авеню,41.310589,69.337097,126,0,0,false,false,false,43671,7,https://api.uybor.uz/api/v1/media/n/17828869039709760.jpg,2026-07-01T06:21:47.511Z,2026-07-01T06:21:47.509Z,2026-08-15T06:21:47.509Z,https://uybor.uz/listings/1316885,2026-07-21 05:06:32
1316886,2026-07-21,sale,Квартира,,"Продается 3-комнатная квартира, 3/2/5-130 000 у.е на ул.Янгизамон, ориентир; ЖК Гринвич. Площадь 80 м²,2 с/у.Гардеробная.Состояние: евроремонт,мебель,техника.Керамзитный дом.",3,80.0,2,5,false,evro,panel,130000.0,1564062500.0,USD,Ташкентская область,Ташкент,Мирабадский район,улица Янгизамон,41.276112,69.295486,149,1,0,false,false,false,43671,10,https://api.uybor.uz/api/v1/media/n/17828871763466462.jpg,2026-07-01T06:26:19.855Z,2026-07-01T06:26:19.853Z,2026-08-15T06:26:19.853Z,https://uybor.uz/listings/1316886,2026-07-21 05:06:32
1316887,2026-07-21,sale,Квартира,,"Продается 3-комнатная квартира в новостройке,3/5/14-126 000 у.е в ЖК Mavera Town,на ул.А.Каххара,ул.Кичик Бешагач, ориентир: отель Courtyard. Площадь 56 м².Состояние: евроремонт,мебель,техника.Вид во двор.",3,56.0,5,14,true,evro,monolit,126000.0,1515937500.0,USD,Ташкентская область,Ташкент,Яккасарайский район,7-й проезд Абдуллы Каххара,41.278679,69.265991,104,0,0,false,false,false,43671,10,https://api.uybor.uz/api/v1/media/n/17828878779664225.jpg,2026-07-01T06:38:01.976Z,2026-07-01T06:38:01.975Z,2026-08-15T06:38:01.975Z,https://uybor.uz/listings/1316887,2026-07-21 05:06:32
1316888,2026-07-21,sale,Квартира,,"Срочно продаю 2\7\9 на Дархане .60 м кв. Комнаты все раздельные. Квартира не сдавалась и не продавалась .Дом сдан в 1993г. имеется своя котельная . Квартира чистая со средним ремонтом. Хозяева как и их соседи хорошие и чистоплотные люди. Местоположение очень удобное- рядом центральный парк и развитая инфраструктура. ",2,60.0,7,9,false,sredniy,panel,68000.0,818125000.0,USD,Ташкентская область,Ташкент,Мирзо-Улугбекский район,"улица Паркент, 2",41.318203,69.319328,173,6,3,false,false,false,40833,4,https://api.uybor.uz/api/v1/media/n/17828889669506193.jpg,2026-07-01T06:58:03.820Z,2026-07-01T06:58:03.819Z,2026-08-15T06:58:03.819Z,https://uybor.uz/listings/1316888,2026-07-21 05:06:32
1316889,2026-07-21,sale,Квартира,,"Продается 4-комнатная квартира в новостройке,4/7/12-120 000 у.е в ЖК Charx Novza.Ориентир: Шайхантаурское РОВД.Площадь 97 м²,2 с/у.Есть балкон.Состояние: коробка,межкомнатные стены.Закрытый,охраняемый двор.Кадастр есть.",4,97.0,7,12,true,chernovaya,monolit,120000.0,1443750000.0,USD,Ташкентская область,Ташкент,Шайхантахурский район,жилой комплекс Чарх новза,41.303734,69.215103,127,0,0,false,false,false,43671,3,https://api.uybor.uz/api/v1/media/n/17828894006713706.jpg,2026-07-01T07:03:25.586Z,2026-07-01T07:03:25.585Z,2026-08-15T07:03:25.585Z,https://uybor.uz/listings/1316889,2026-07-21 05:06:32
1316890,2026-07-21,sale,Квартира,,"Продается квартира в Новостройке ЖК «Mовера Таун»
Адрес: Яккасарайский район
Ориентир: 8 роддом

#Комнат — 2 перепланированная в 3х
Этаж — 5
Этажность — 14
Площадь: 56 м²
Балкон:  1,5*3
Евро ремонт
Укомплектована
Мебелью и Техникой
Теплые полы по всей квартире
Расположение : С видом во двор. Закрытый двор 24/7.

#Цена: 126 500 у.е.

",2,56.0,5,14,true,evro,other,126500.0,1521953125.0,USD,Ташкентская область,Ташкент,Яккасарайский район,махаллинский сход граждан Яккасарай,41.265888,69.225487,112,0,0,false,false,false,17660,10,https://api.uybor.uz/api/v1/media/n/17828897214314419.jpg,2026-07-01T07:08:45.111Z,2026-07-01T07:08:45.110Z,2026-08-15T07:08:45.110Z,https://uybor.uz/listings/1316890,2026-07-21 05:06:32
1316891,2026-07-21,sale,Квартира,,"Продается квартира Ц-2
Адрес: Юнусабадский район
Ориентир: Алайсткий  

#Комнат — 4
Этаж — 17
Этажность — 18
Площадь: 110 м²
Московские высотки
С мебелью и техникой
Новая квартира никто не жил

#Цена: 163 500 у.е.
",4,110.0,17,18,false,evro,other,163500.0,1967109375.0,USD,Ташкентская область,Ташкент,Мирзо-Улугбекский район,массив Ц-2,41.31802,69.286224,145,1,0,false,false,false,17660,10,https://api.uybor.uz/api/v1/media/n/17828898583901707.jpg,2026-07-01T07:11:01.581Z,2026-07-01T07:11:01.580Z,2026-08-15T07:11:01.580Z,https://uybor.uz/listings/1316891,2026-07-21 05:06:32
1316892,2026-07-21,sale,Дом,Частный дом,"Продается готовый с ремонтом кирпичный 2х этажный дом с большим подвалом. В доме 6 комнат, 2 санузла, кухня и обеденная зона. Участок 6 соток, с бассейном 3*4 с фильтром, имеется гараж, летняя кухня, сауна с новым ремонтом, санузел и душевая с предбанником. В доме все коммуникации для полноценного проживания круглый год, теплый пол, отопление, газ, свет. Большая просторная территория с плодовыми деревьями и огородом. Дом расположен в 2 км от парка Янги Узбекистан. Кадастр, план архитектора все документы имеются. Ориентир торговый центр Рабад. Все фото участка могу выслать в тлг. Пишите ",6+,221.0,,2,false,custom,kirpich,160000.0,1925000000.0,USD,Ташкентская область,Ташкент,Яшнабадский район,улица Новый Узбекистан,41.322914,69.404701,21,1,0,false,false,false,32304,15,https://api.uybor.uz/api/v1/media/n/17828896712999727.jpg,2026-07-01T07:13:07.127Z,2026-07-01T07:13:07.125Z,2026-08-15T07:13:07.125Z,https://uybor.uz/listings/1316892,2026-07-21 05:06:32
1316893,2026-07-21,sale,Квартира,,"Продается 4-комнатная квартира, 4/2/4-120 000 у.е в Академгородке.Ориентир: IT Park.Площадь 100 м²,2 с/у.Кирпичный дом. Состояние: чистое,обстановка.Своя парковка.Дом на 2-линии.",4,100.0,2,4,false,sredniy,kirpich,120000.0,1443750000.0,USD,Ташкентская область,Ташкент,Мирзо-Улугбекский район,Академгородок,41.338455,69.339172,146,0,0,false,false,false,43671,8,https://api.uybor.uz/api/v1/media/n/17828899998856263.jpg,2026-07-01T07:13:23.725Z,2026-07-01T07:13:23.724Z,2026-08-15T07:13:23.724Z,https://uybor.uz/listings/1316893,2026-07-21 05:06:32
1316894,2026-07-21,sale,Квартира,,"Продается квартира IT Park
Адрес: Мирзо Улугбекский район
Ориентир: кафе BON, Корзинка

#Комнат — 1 в 2х
Этаж — 1
Этажность — 4
Площадь: 25 м²

Авторский Проект
С мебелью и техникой
Новая, никто не жил
Укомплектована

#Цена: 61 000 у.е.",1,25.0,1,4,false,custom,other,61000.0,733906250.0,USD,Ташкентская область,Ташкент,Мирзо-Улугбекский район,улица Дурмон йули,41.336262,69.342628,177,2,0,false,false,false,17660,10,https://api.uybor.uz/api/v1/media/n/17828900649123618.jpg,2026-07-01T07:14:27.398Z,2026-07-01T07:14:27.397Z,2026-08-15T07:14:27.397Z,https://uybor.uz/listings/1316894,2026-07-21 05:06:32
1316895,2026-07-21,sale,Земельный участок,Жилой,"Продаю Участок Под Застройку Нового Дома или Склад 
Адрес: Ул. Чукурсой , Алмазарский район
Ориентир- Таможенный склад Чукурсой 

Площадь участка : 4.5сотки
Фасад : 24.2 х 25
На участке имеется старый дом . Все коммуникации . 

#Цена 160 000 уе ",,,,,false,,,160000.0,1925000000.0,USD,Ташкентская область,Ташкент,Алмазарский район,махаллинский сход граждан Чукурсай,41.362568,69.23333,54,0,0,false,false,false,17660,6,https://api.uybor.uz/api/v1/media/n/17828902472413548.jpg,2026-07-01T07:17:30.522Z,2026-07-01T07:17:30.521Z,2026-08-15T07:17:30.521Z,https://uybor.uz/listings/1316895,2026-07-21 05:06:32
1316897,2026-07-21,sale,Квартира,,"ПРОДАЕТСЯ своя квартира 
2в3/4/5. Ориентир: Метро Новза
ул. Мукимий 106
Комнат 2в3
Этаж 4
Этажность 5
Общая площадь: 54 м2
Дом Вдоль дороги 
Кирпичный дом
Балкон 2х6
Евроремонт
С Мебелью и Техникой
Цена: 86.500",2,54.0,4,5,false,evro,panel,86500.0,1040703125.0,USD,Ташкентская область,Ташкент,Чиланзарский район,Новза,41.291874,69.22361,143,0,0,false,false,false,9526,9,https://api.uybor.uz/api/v1/media/n/17829045250455075.jpeg,2026-07-01T07:35:37.845Z,2026-07-01T07:35:37.844Z,2026-08-15T07:35:37.844Z,https://uybor.uz/listings/1316897,2026-07-21 05:06:32
1316899,2026-07-21,sale,Квартира,,"Продается 2(3)-комнатная квартира в новостройке,2(3)/7/9-114 000 у.е на Паркентском,ЖК Паркент Авеню.Ориентир: кафе Pelikan.Площадь 64 м².Состояние: евроремонт.Кирпичный дом.",2,64.0,7,9,true,evro,kirpich,114000.0,1371562500.0,USD,Ташкентская область,Ташкент,Мирзо-Улугбекский район,жилой комплекс Паркент Авеню,41.310589,69.337097,242,0,0,false,false,false,43671,10,https://api.uybor.uz/api/v1/media/n/17828922511367395.jpg,2026-07-01T07:50:54.527Z,2026-07-01T07:50:54.526Z,2026-08-15T07:50:54.526Z,https://uybor.uz/listings/1316899,2026-07-21 05:06:32
1316901,2026-07-21,sale,Квартира,,"Продается 2(3)-комнатная квартира в новостройке,2(3)/3/10-120 000 у.е, на ул.Махтумкули, ЖК  Poytaxt Residence. Ориентир: IT парк, с/м Макро. Кирпичный дом, 73 м².Сквозная планировка.Состояние: евроремонт, мебель,техника.Возможна ипотека.",2,73.0,3,10,true,evro,monolit,120000.0,1443750000.0,USD,Ташкентская область,Ташкент,Яшнабадский район,улица Махтумкули,41.304623,69.310181,161,1,0,false,false,false,43671,10,https://api.uybor.uz/api/v1/media/n/17828928548502854.jpg,2026-07-01T08:00:58.137Z,2026-07-01T08:00:58.136Z,2026-08-15T08:00:58.136Z,https://uybor.uz/listings/1316901,2026-07-21 05:06:32
1316902,2026-07-21,sale,Земельный участок,Жилой,"Продаётся дом с участком 6 соток (кадастр) в СВТ «Камалак»
Продаётся участок 6 соток с капитальным домом площадью около 65 м². Отличное расположение — бывшее СВТ «Камалак», по новой трассе, всего 6–7 км от парка «Новый Узбекистан».
Дом:
площадь около 65 м²;
2 просторные комнаты;
кухня;
санузел в доме;
черновая отделка — можно сделать ремонт по своему вкусу;
по всему дому смонтирован тёплый пол;
санузел полностью в кафеле, установлена вся сантехника;
кухня оборудована, подключён газ;
собственная скважина, вода заведена в дом.
На участке:
капитальный армированный забор;
армированный бассейн;
отдельно стоящая баня (построена, требует внутренней отделки);
участок с кадастром.
Дом строился для себя, с использованием качественных материалов. Отличный вариант для постоянного проживания или загородного отдыха в тихом районе недалеко от города. ",,,,,false,,,83000.0,998593750.0,USD,Ташкентская область,,,Kamalak ko'chasi,41.393326,69.537643,66,0,0,false,false,false,285768,4,https://api.uybor.uz/api/v1/media/n/17828941458815744.jpg,2026-07-01T08:22:37.940Z,2026-07-01T08:22:37.939Z,2026-08-15T08:22:37.939Z,https://uybor.uz/listings/1316902,2026-07-21 05:06:32
1316903,2026-07-21,sale,Дом,Коттедж,"Дом свой !!!
Продаётся дом.
Участок — 6 соток.
Площадь дома — 300 м².
Мирабадский район.
Все фото не умещаются если что звоните пишите скину все фотки дома !


8 комнат.
3 санузла.
Бассейн 8x6 глубина 2м с детской зоной.
Предусмотрено место под сауну.
Два места для машин.
С мебелью и техникой.
Дом новый, сдача в 2025 году
Свежий ремонт.",6+,300.0,,1,false,custom,kirpich,470000.0,5654687500.0,USD,Ташкентская область,Ташкент,Мирабадский район,"улица Файзиабад, 1",41.260136,69.310753,63,0,0,false,false,false,285770,15,https://api.uybor.uz/api/v1/media/n/17828958280406199.jpg,2026-07-01T08:54:11.794Z,2026-07-01T08:54:11.791Z,2026-08-15T08:54:11.791Z,https://uybor.uz/listings/1316903,2026-07-21 05:06:32
1316904,2026-07-21,sale,Дом,Коттедж,"Продаётся новый коттедж в коммерческом проекте «Сити», расположенном на улице Дарё Буйи. Удобная локация рядом с базаром и кольцом автобусных маршрутов до переезда.

Коттедж предлагается по цене ниже двухкомнатной квартиры и станет отличным выбором для тех, кто хочет жить в собственном доме с отдельным входом и своим двором.

Общая площадь составляет 50 м². Планировка включает кухню-гостиную, две спальни и санузел. Выполнен новый качественный евроремонт, установлен двухконтурный котёл для отопления и горячего водоснабжения.

Отдельный вход и отсутствие соседей сверху обеспечивают дополнительный комфорт и тишину. Собственный двор размером 5×10 метров позволяет организовать зону отдыха, беседку, барбекю, детскую площадку или озеленить территорию по своему вкусу.

Отличное сочетание цены, комфорта и формата собственного дома в одном из активно развивающихся районов города",2,1.0,,1,false,evro,blok,46000.0,553437500.0,USD,Ташкентская область,Ташкент,Сергелийский район,улица Дарё Буйи,41.199512,69.252235,143,0,0,false,false,false,182493,5,https://api.uybor.uz/api/v1/media/n/17828972247448604.jpg,2026-07-01T09:14:41.452Z,2026-07-01T09:14:41.451Z,2026-08-15T09:14:41.451Z,https://uybor.uz/listings/1316904,2026-07-21 05:06:32
1316905,2026-07-21,sale,Дом,Коттедж,"Продаётся новый 3-комнатный коттедж площадью 55 м² в районе Янги Хаёт Сити, Сергели. Отличное решение для тех, кто хочет жить в собственном доме и при этом сохранить преимущества городской инфраструктуры.

Планировка включает просторную кухню-гостиную, две отдельные спальни и санузел. Выполнен новый современный евроремонт, установлен двухконтурный котёл для отопления и горячего водоснабжения.

Главое преимущество — собственный двор площадью 0,5 сотки и отдельный вход с махалли. На участке достаточно места для беседки, зоны отдыха, барбекю, детской площадки или сада. Размер двора составляет 5×10 метров, что позволяет создать комфортное пространство для всей семьи.

Никаких соседей сверху и лишнего шума — только тишина, уют и ощущение собственного дома.

Ориентир: улица Дарё Буйи, рядом Индекс базар и кольцо автобусов до переезда.

Если нужен более продающий вариант для сайта с акцентом на эмоции и преимущества, могу сделать ещё один стиль — более премиальный или более «семейный».",3,1.0,,1,false,evro,blok,49000.0,589531250.0,USD,Ташкентская область,Ташкент,Сергелийский район,улица Дарё Буйи,41.199512,69.252235,93,0,0,false,false,false,182493,5,https://api.uybor.uz/api/v1/media/n/17828974270973138.jpg,2026-07-01T09:17:54.199Z,2026-07-01T09:17:54.198Z,2026-08-15T09:17:54.198Z,https://uybor.uz/listings/1316905,2026-07-21 05:06:32
1316906,2026-07-21,sale,Дом,Частный дом,"Дом свой !!!
Продаётся дом.
Участок — 6 соток.
Площадь дома — 300 м².
Мирабадский район.
Все фото не умещаются если что звоните пишите скину все фотки дома !

8 комнат.
3 санузла.
Бассейн 8x6 глубина 2м с детской зоной.
Предусмотрено место под сауну.
Два места для машин.
С мебелью и техникой.
Дом новый, сдача в 2025 году
Свежий ремонт.",6+,300.0,,1,false,custom,kirpich,470000.0,5654687500.0,USD,Ташкентская область,Ташкент,Мирабадский район,"улица Файзиабад, 1",41.260136,69.310753,2908,9,4,true,false,false,145301,15,https://api.uybor.uz/api/v1/media/n/17828964500493699.jpg,2026-07-01T09:19:13.586Z,2026-07-01T09:19:13.584Z,2026-08-15T09:19:13.584Z,https://uybor.uz/listings/1316906,2026-07-21 05:06:32
1316907,2026-07-21,sale,Дом,Коттедж,"Янги Хайот район. Сергели 
Улица Даре Буйи. Ориентир Индекс кольцо автобусов до переезда 

Коттедж новой постройки с отдельным входом.
Уютный 2-комнатный коттедж площадью 40 кв.м. с современным евро ремонтом.

Удобная планировка:
коридор, санузел, кухня, зал и отдельная спальня.

Установлен двухконтурный котел для отопления и горячей воды, по дому проведен теплый пол.

Отдельный вход с махалли и свой небольшой уютный дворик создают комфорт и ощущение частного дома.

Дом полностью готов к проживанию.",2,1.0,,1,false,evro,blok,36500.0,439140625.0,USD,Ташкентская область,Ташкент,Сергелийский район,улица Дарё Буйи,41.199512,69.252235,78,0,0,false,false,false,182493,3,https://api.uybor.uz/api/v1/media/n/17828978583254785.jpg,2026-07-01T09:25:45.809Z,2026-07-01T09:25:45.808Z,2026-08-15T09:25:45.808Z,https://uybor.uz/listings/1316907,2026-07-21 05:06:32
1316908,2026-07-21,sale,Дом,Коттедж,"Продаётся новый 2-комнатный коттедж площадью 40 м² в районе Янги Хаёт Сити, Сергели, по улице Дарё Буйи. Ориентир — Индекс базар и кольцо автобусов до переезда.

Дом включает уютную кухню-гостиную, отдельную спальню и просторный санузел. Выполнен новый евроремонт, установлены тёплые полы и двухконтурный котёл для отопления и горячего водоснабжения.

Отдельный вход с махалли и собственный небольшой двор создают ощущение полноценного частного дома без соседей сверху и лишнего шума за стеной.

Отличный вариант для молодой семьи, родителей или инвестиций под аренду. Собственный дом с двориком по цене квартиры — редкое предложение на рынке.

Если нужен ещё более короткий заголовок, можно использовать:",2,1.0,,1,false,evro,blok,39500.0,475234375.0,USD,Ташкентская область,Ташкент,Сергелийский район,улица Дарё Буйи,41.199512,69.252235,88,1,0,false,false,false,182493,7,https://api.uybor.uz/api/v1/media/n/17828980735269404.jpg,2026-07-01T09:28:36.073Z,2026-07-01T09:28:36.072Z,2026-08-15T09:28:36.072Z,https://uybor.uz/listings/1316908,2026-07-21 05:06:32
1316909,2026-07-21,sale,Дом,Частный дом,"Продаётся капитальная коробка 3-этажного дома общей площадью 200 м², расположенная на участке 2,5 сотки.

Дом отлично подойдёт для большой семьи или для реализации собственного проекта с индивидуальной планировкой и дизайном.

3 этажа
Площадь дома — 200 м²
Участок — 2,5 сотки
Капитальная коробка дома
Удобный подъезд и заезд
Возможность сделать планировку под свои потребности
Пространство для двора, парковки или зоны отдыха

Отличный вариант для тех, кто хочет завершить строительство дома по своему вкусу и получить просторное жильё в развивающемся районе Янги Сергели.",6+,200.0,,3,false,chernovaya,kirpich,85000.0,1022656250.0,USD,Ташкентская область,Ташкент,Сергелийский район,улица Янги Сергели,41.229137,69.218506,152,0,0,false,false,false,182493,4,https://api.uybor.uz/api/v1/media/n/17828987094357184.jpg,2026-07-01T09:39:14.486Z,2026-07-01T09:39:14.485Z,2026-08-15T09:39:14.485Z,https://uybor.uz/listings/1316909,2026-07-21 05:06:32
1316910,2026-07-21,sale,Квартира,,"Манзил: Чилонзор 23-квартал
 
2 хонали квартира сотилади 
5-қават 
5 қаватли домда жойлашган  
Умумий майдони: 42 м²     
Евроремонт
Мебель техникаси билан бирга
Ориентир: Ипатека банк

Нархи: 59  000 00 у, е ",2,42.0,5,5,false,evro,panel,59000.0,709843750.0,USD,Ташкентская область,Ташкент,Учтепинский район,23-й квартал,41.287083,69.178413,178,0,0,false,false,false,9526,10,https://api.uybor.uz/api/v1/media/n/17828999447009372.jpeg,2026-07-01T09:59:08.168Z,2026-07-01T09:59:08.167Z,2026-08-15T09:59:08.167Z,https://uybor.uz/listings/1316910,2026-07-21 05:06:32
1316911,2026-07-21,sale,Квартира,," Продается 1-комнатная квартира в новостройке, 1/3/16 -57 500 у.е в ЖК OzMakon от Golden House, ул.Фаргона-йули. Ориентир: УзБУМ,Первушка,Северный Вокзал. Монолитный дом, площадь 30 м²+открытый балкон. Состояние: коробка,white box.Кадастр есть.",1,30.0,3,16,true,chernovaya,monolit,57500.0,691796875.0,USD,Ташкентская область,Ташкент,Мирабадский район,O'zmakon TJM,41.291019,69.297943,289,0,0,false,false,false,43671,4,https://api.uybor.uz/api/v1/media/n/17829006682442951.jpg,2026-07-01T10:11:12.090Z,2026-07-01T10:11:12.089Z,2026-08-15T10:11:12.089Z,https://uybor.uz/listings/1316911,2026-07-21 05:06:32
1316912,2026-07-21,sale,Квартира,,"Своя 
Манзил : Чилонзор 19 кв
Мулжал : Корейский зданиа рўпарасии

3 хона 4 хона қилинган
3-қават
4 қаватли
Умумий майдони : 70 м2
Балкон 1.5/6
Ремонт Евро
Мебел техникалари бн
Дом номир 6
Ипотекага бўлади
Бошига : 50% Бўлиш керак

Нархи : 95.500",3,70.0,3,4,false,evro,panel,95500.0,1148984375.0,USD,Ташкентская область,Ташкент,Чиланзарский район,19-й квартал,41.269955,69.186157,303,1,0,false,false,false,9526,10,https://api.uybor.uz/api/v1/media/n/17829033590195562.jpeg,2026-07-01T10:56:04.036Z,2026-07-01T10:56:04.035Z,2026-08-15T10:56:04.035Z,https://uybor.uz/listings/1316912,2026-07-21 05:06:32
1316920,2026-07-21,sale,Квартира,,"Новостройка NRG MEROS

📍 Мирабадский район, рядом с ТЦ Alfraganus
🏠 2 комнаты
📐 39 м²
🏢 9 этаж / 16 этажей
🔑 Ключи получены, квартира готова к ремонту
🔐 Закрытый двор, охрана, видеонаблюдение и детская площадка

💰 Цена: 65 000 у.е.

",2,39.0,9,16,true,chernovaya,monolit,65000.0,782031250.0,USD,Ташкентская область,Ташкент,Мирабадский район,улица Сурхон,41.280632,69.297997,314,0,0,false,false,false,285777,8,https://api.uybor.uz/api/v1/media/n/17829080257146599.png,2026-07-01T12:15:28.227Z,2026-07-01T12:15:28.226Z,2026-08-15T12:15:28.226Z,https://uybor.uz/listings/1316920,2026-07-21 05:06:32
1316922,2026-07-21,sale,Дом,Частный дом,"Участок 5 соток. Кадастр есть.
Дом одноэтажный, два корпуса.

1 корпус: кухня + 2 комнаты
2 корпус: зал + 2 спальни + холл

Дом жилой, ремонт обновлялся 6 лет назад.
Газ, свет, вода подключены.

В махалле есть школа и поликлиника.
Тихий спокойный район.

В перспективе участок может стать первой линией (по городскому плану) — хорошая инвестиция.",5,506.0,,1,false,sredniy,kirpich,104900.0,1262078125.0,USD,Ташкентская область,Ташкент,Сергелийский район,"улица Богзор, 64",41.250923,69.22921,228,0,0,false,false,false,285776,5,https://api.uybor.uz/api/v1/media/n/17829081655383980.jpg,2026-07-01T12:16:49.249Z,2026-07-01T12:16:49.248Z,2026-08-15T12:16:49.248Z,https://uybor.uz/listings/1316922,2026-07-21 05:06:32
1316932,2026-07-21,sale,Дом,Частный дом,"Продам дом в элитной махалле метроТузель на Крестике,3,5соток 5комнат,одноэтажный,старый,можно под слом можно жить.Все условия есть.Ремонт средний.Огород,въезд авто+парковка,2санузла,летний бассейн.Ориентир за Яшнабадским Райгазом.",5,200.0,,1,false,sredniy,kirpich,140000.0,1684375000.0,USD,Ташкентская область,Ташкент,Яшнабадский район,метро Тузель,41.292,69.356209,237,1,0,false,false,false,6003,10,https://api.uybor.uz/api/v1/media/n/17829089340516799.jpeg,2026-07-01T12:29:40.286Z,2026-07-01T12:29:40.285Z,2026-08-15T12:29:40.285Z,https://uybor.uz/listings/1316932,2026-07-21 05:06:32
1316937,2026-07-21,sale,Дом,Частный дом,"Янгихайт Ховли сотилади ",4,250.0,,1,false,evro,kirpich,198000.0,2382187500.0,USD,Ташкентская область,Ташкент,Янгихаётский район,"4-й тупик Чартак, 3",41.174553,69.222481,226,0,1,false,false,false,274144,9,https://api.uybor.uz/api/v1/media/n/17829099116644627.jpg,2026-07-01T12:45:36.239Z,2026-07-01T12:45:36.237Z,2026-08-15T12:45:36.237Z,https://uybor.uz/listings/1316937,2026-07-21 05:06:32
1316941,2026-07-21,sale,Квартира,,"Продается квартира в Мирзо-Улугбекском районе
Адрес: Мирзо-Улугбекский район, ул.Лафарга, Буюк Ипак Йули
Ориентир: Метро, Кфс, Аптека 36,6

#Комнат — 2
Этаж — 3
Этажность — 5
Площадь: 55 м²

Балкон 2х6
Евроремонт
С Мебелью и Техникой
 
#Цена: 106 000 у.е.",2,55.0,3,5,false,evro,other,106000.0,1275312500.0,USD,Ташкентская область,Ташкент,Мирзо-Улугбекский район,улица Буюк Ипак Йули,41.349583,69.370743,207,0,0,false,false,false,17660,9,https://api.uybor.uz/api/v1/media/n/17829105846249666.jpg,2026-07-01T12:56:27.842Z,2026-07-01T12:56:27.841Z,2026-08-15T12:56:27.841Z,https://uybor.uz/listings/1316941,2026-07-21 05:06:32
1316942,2026-07-21,sale,Квартира,,"ПРОДAЖA - Квартира
#Новостройка
I• Локация: Айбека (пр-т Косманавтов) (улица), Мирабадский
• Комнаты: 2
• Этаж: 7
• Этажность: 9
• Площадь: 42 кв.м
• Цена: 86 000 у.е. (продажа)

Элитная квартира с мебелью
 2/7/9
42м2

Район Мирабод
Адрес Улица Айбек 
Ор-р Лес Айлес
#Новостройка
ЖК Габус 
Состояние Евро ремонт
Арендатор есть  800у.е",2,42.0,7,9,true,evro,other,86000.0,1034687500.0,USD,Ташкентская область,Ташкент,Мирабадский район,улица Мирабад,41.296818,69.268547,227,1,0,false,false,false,17660,7,https://api.uybor.uz/api/v1/media/n/17829107757697307.jpg,2026-07-01T12:59:53.229Z,2026-07-01T12:59:53.228Z,2026-08-15T12:59:53.228Z,https://uybor.uz/listings/1316942,2026-07-21 05:06:32
1316946,2026-07-21,sale,Квартира,,"Продаётся квартира своя! в Жилом Комплексе Янгиабад Резиденс
Яшнабадский район,Массив Курувчилар(Панельный)
1 Комнатная
30м2
8 этаж
10 этажный дом
Кирпичной постройки
Закрытая территория
детские площадки
охрана 24/7",studio,30.0,8,10,true,chernovaya,kirpich,32000.0,385000000.0,USD,Ташкентская область,Ташкент,Яшнабадский район,"массив Оханграбо, 31",41.254509,69.34449,301,4,0,false,false,false,277496,4,https://api.uybor.uz/api/v1/media/n/17829144055981082.jpeg,2026-07-01T14:01:19.696Z,2026-07-01T14:01:19.695Z,2026-08-15T14:01:19.695Z,https://uybor.uz/listings/1316946,2026-07-21 05:06:32
1316947,2026-07-21,sale,Дом,Частный дом,"Продается свой дом в Нурафшоне (Тойтепа). Общая площадь участка — 7 соток. Отличное расположение, хороший въезд для машины, просторный двор. Все коммуникации (свет, вода, газ) есть. Документы в полном порядке, готовы к продаже. Собственник. За подробностями звоните по телефону . Торг уместен ",6+,120.0,,1,false,sredniy,kirpich,89000.0,1070781250.0,USD,Ташкентская область,Нурафшан,,махаллинский сход граждан Нурафшон,41.009346,69.359337,143,0,0,false,false,false,282051,12,https://api.uybor.uz/api/v1/media/n/17829154437664256.jpg,2026-07-01T14:21:41.659Z,2026-07-01T14:21:41.658Z,2026-08-15T14:21:41.658Z,https://uybor.uz/listings/1316947,2026-07-21 05:06:32
1316948,2026-07-21,sale,Квартира,,"Продается  Квартира в новостройке Жк Габус 

Ориентир : ресторан Чайкоф /ул Тараса Шевченко / Broccoli  Метро Ойбек 
Комнат 4  3  сан узла 
Этаж: 7 (Лифт до 6 этажа )
Этажность: 7
Площадь: 185 кв.м
Закрытый и охраняемый двор 

Цена: 500000 у.е.  


#Mirabad   #4хком #габус",4,185.0,7,7,true,evro,kirpich,500000.0,6015625000.0,USD,Ташкентская область,Ташкент,Мирабадский район,улица Тараса Шевченко,41.298862,69.278954,205,0,0,false,false,false,229064,10,https://api.uybor.uz/api/v1/media/n/17829174306478187.jpg,2026-07-01T14:50:36.126Z,2026-07-01T14:50:36.125Z,2026-08-15T14:50:36.125Z,https://uybor.uz/listings/1316948,2026-07-21 05:06:32
1316949,2026-07-21,sale,Квартира,,"Юнусабад 4. 1/4/4. Ипотеку тоже можно. 40м², Балкон 2х6 м
Кирпич, Средний ремонт, все внешние окна с Акфа.
Балкон утепленный и сделано тёплый пол.
Мебель+техника, Ипотека тоже можно
Ориентир: Ресторан «Биллур»
Хорошая локация.
Цена: 50.800 ",1,40.0,4,4,false,sredniy,kirpich,49900.0,600359375.0,USD,Ташкентская область,Ташкент,Алмазарский район,"1-й проезд Гуруч-Арик, 16",41.343891,69.240173,309,2,0,false,false,false,220018,6,https://api.uybor.uz/api/v1/media/n/17829178144992047.jpg,2026-07-01T14:59:42.195Z,2026-07-16T07:39:09.677Z,2026-08-15T14:59:42.194Z,https://uybor.uz/listings/1316949,2026-07-21 05:06:32
1316951,2026-07-21,sale,Земельный участок,Жилой,"Uy sotiladi umumiy yermaydon 7.01 sotx
Sevet gaz suv kanalizatsa bor narx keleshilad
Tinch joy",,,,,false,,,215000.0,2586718750.0,USD,Ташкентская область,Ташкент,Юнусабадский район,2-й тупик Хасанбой,41.396065,69.251816,200,0,1,false,false,false,285784,3,https://api.uybor.uz/api/v1/media/n/17829253523461417.jpg,2026-07-01T17:03:27.144Z,2026-07-01T17:03:27.143Z,2026-08-15T17:03:27.143Z,https://uybor.uz/listings/1316951,2026-07-21 05:06:32
1316953,2026-07-21,sale,Квартира,,"СРОЧНО!!! Продаётся квартира с хорошим ремонтом в Юнусабаде, 3-й квартал. 3/2/4, не торцевая, французская планировка, 72 м². Дом расположен за Юнусабадским рынком, рядом станция метро «Юнусабад».",3,72.0,2,4,false,evro,monolit,99000.0,1191093750.0,USD,Ташкентская область,Ташкент,Юнусабадский район,3-й квартал,41.364273,69.292931,418,5,1,false,false,false,227040,9,https://api.uybor.uz/api/v1/media/n/17829593582021360.jpg,2026-07-02T02:34:03.244Z,2026-07-06T07:56:20.446Z,2026-08-16T02:34:03.243Z,https://uybor.uz/listings/1316953,2026-07-21 05:06:32
1316954,2026-07-21,sale,Квартира,,"Продается 3-комнатная квартира в новостройке, 3/6/8-185 000 у.е на Паркентском,ЖК Vita Alliance. Ориентир: кафе Пеликан.Кирпичный дом. Площадь 117 м²,2 с/у.Две гардеробные,Состояние: евроремонт,мебель,техника.Закрытый,охраняемый двор.Кадастр есть.",3,117.0,6,8,true,evro,kirpich,185000.0,2225781250.0,USD,Ташкентская область,Ташкент,Мирзо-Улугбекский район,жилой комплекс Вита,41.310257,69.335884,97,0,0,false,false,false,43671,10,https://api.uybor.uz/api/v1/media/n/17829625568089733.jpg,2026-07-02T03:22:40.689Z,2026-07-02T03:22:40.681Z,2026-08-16T03:22:40.681Z,https://uybor.uz/listings/1316954,2026-07-21 05:06:32
1316955,2026-07-21,sale,Квартира,," Продается 2-комнатная квартира в новостройке, 2/8/13 -87 500 у.е в ЖК O’z Zamin от Golden House, ул.Фаргона-йули. Ориентир: УзБУМ,Электроаппарат. Монолитный дом, площадь 44 м².Есть открытый балкон.Состояние: евроремонт.Кадастр ожидается.",2,44.0,8,13,true,evro,monolit,87500.0,1052734375.0,USD,Ташкентская область,Ташкент,Яшнабадский район,O'z zamin turar-joy majmuasi,41.281937,69.30735,152,0,0,false,false,false,43671,9,https://api.uybor.uz/api/v1/media/n/17829630778278453.jpg,2026-07-02T03:31:21.111Z,2026-07-02T03:31:21.106Z,2026-08-16T03:31:21.106Z,https://uybor.uz/listings/1316955,2026-07-21 05:06:32
1316956,2026-07-21,sale,Квартира,,"Продается 2-комнатная квартира в новостройке,2/8/14-140 000 у.е в ЖК  Imperial Club City,ул.Ниезбекйули. Ориентир: м.Минор, Финансовый институт. Площадь 47,14 м².Есть открытый балкон. Состояние: евроремонт,мебель,техника.",2,47.14,8,14,true,evro,monolit,140000.0,1684375000.0,USD,Ташкентская область,Ташкент,Юнусабадский район,Imperial club city turar-joy majmuasi,41.323666,69.290627,75,0,0,false,false,false,43671,10,https://api.uybor.uz/api/v1/media/n/17829633517674459.jpg,2026-07-02T03:35:56.244Z,2026-07-02T03:35:56.239Z,2026-08-16T03:35:56.239Z,https://uybor.uz/listings/1316956,2026-07-21 05:06:32
1316957,2026-07-21,sale,Квартира,,"Продается 2-комнатная квартира в новостройке, ЖК Assalom Sohil на ул.Фаргона Йули. Ориентир: УзБум, Электроаппарат. 2/10/16-104 000 у.е . Площадь: 60 м² +5 м² открытый балкон.Монолитный дом. Состояние: евроремонт, мебель,техника.Кухня автономная.Панорамный вид.Благоустроенный двор,детские площадки.Много парковочных мест.",2,60.0,10,16,true,evro,monolit,104000.0,1251250000.0,USD,Ташкентская область,Ташкент,Яшнабадский район,жилой комплекс Assalom! Sohil,41.282993,69.308418,95,0,0,false,false,false,43671,10,https://api.uybor.uz/api/v1/media/n/17829635403545263.jpg,2026-07-02T03:39:03.976Z,2026-07-02T03:39:03.971Z,2026-08-16T03:39:03.971Z,https://uybor.uz/listings/1316957,2026-07-21 05:06:32
1316958,2026-07-21,sale,Квартира,,"Продается 2-комнатная квартира в новостройке,2/3/16 -165 000 у.е в ЖК Infinity, ул.С.Азимова. Ориентир: Первушка, кафе Эффенди. Площадь 43 м²+открытый балкон Состояние: евроремонт,мебель,техника.",2,43.0,3,16,true,evro,monolit,165000.0,1985156250.0,USD,Ташкентская область,Ташкент,Яшнабадский район,жилой комплекс Infinity,41.302292,69.290245,89,0,0,false,false,false,43671,10,https://api.uybor.uz/api/v1/media/n/17829637944103590.jpg,2026-07-02T03:43:17.802Z,2026-07-02T03:43:17.797Z,2026-08-16T03:43:17.797Z,https://uybor.uz/listings/1316958,2026-07-21 05:06:32
1316959,2026-07-21,sale,Квартира,," Продается 1(2)-комнатная квартира, 1(2)/1/4-60 000 у.е в Академгородке.Ориентир: IT Park,кафе БОН.Площадь 25 м².Кирпичный дом. Состояние: евроремонт,мебель,техника.",1,25.0,1,4,false,evro,kirpich,60000.0,721875000.0,USD,Ташкентская область,Ташкент,Мирзо-Улугбекский район,Академгородок,41.338455,69.339172,123,0,0,false,false,false,43671,10,https://api.uybor.uz/api/v1/media/n/17829640730812877.jpg,2026-07-02T03:47:56.446Z,2026-07-02T03:47:56.441Z,2026-08-16T03:47:56.441Z,https://uybor.uz/listings/1316959,2026-07-21 05:06:32
1316961,2026-07-21,sale,Квартира,,Yunsobod 15kv 3⁴/3/4 O'zimmi Uyim Metro Turkistonga yaqin joyda joylashgan lakatsiyasi yaxshi joyda joylashgan ma'lumot uchun,4,70.0,3,4,false,sredniy,panel,84000.0,1010625000.0,USD,Ташкентская область,Ташкент,Юнусабадский район,Юнусабад,41.366776,69.292175,243,3,1,false,false,false,37306,4,https://api.uybor.uz/api/v1/media/n/17829642627987162.jpeg,2026-07-02T03:51:17.704Z,2026-07-02T03:51:17.700Z,2026-08-16T03:51:17.700Z,https://uybor.uz/listings/1316961,2026-07-21 05:06:32
1316962,2026-07-21,sale,Квартира,,"Продается 2-комнатная квартира в новостройке,2/2/10-90 000 у.е на Паркентском, ЖК Parkent Avenue. Ориентир: кафе Pelikan.Площадь 50 м²,Состояние: евроремонт,мебель,техника.",2,50.0,2,10,true,evro,monolit,90000.0,1082812500.0,USD,Ташкентская область,Ташкент,Мирзо-Улугбекский район,жилой комплекс Паркент Авеню,41.310589,69.337097,144,0,0,false,false,false,43671,9,https://api.uybor.uz/api/v1/media/n/17829646140758706.jpg,2026-07-02T03:56:57.680Z,2026-07-02T03:56:57.676Z,2026-08-16T03:56:57.676Z,https://uybor.uz/listings/1316962,2026-07-21 05:06:32
1316963,2026-07-21,sale,Квартира,,"ПРОДАЮ 1-КОМНАТНУЮ КВАРТИРУ ЯНГИХАЁТ  СПУТНИК-6 

1-комнатная квартира
 Янгихаёт, Спутник-6 деревянный дом
Площадь  31 м²
Состояние с ремонтом, можно заехать и жить
Рядом школа и детский сад  Магазины в шаговой доступности





Уютная квартира в хорошем состоянии отличный вариант для проживания или сдачи в аренду.",1,31.0,1,2,false,sredniy,other,32500.0,391015625.0,USD,Ташкентская область,Ташкент,Янгихаётский район,6-й квартал,41.200645,69.223099,263,2,0,false,false,false,277450,5,https://api.uybor.uz/api/v1/media/n/17829643330118120.jpg,2026-07-02T04:00:49.330Z,2026-07-02T04:00:49.328Z,2026-08-16T04:00:49.328Z,https://uybor.uz/listings/1316963,2026-07-21 05:06:32
1316964,2026-07-21,sale,Квартира,,"Продается 2-комнатная квартира в ЖК Koh Ota,2/5/9 -112 000 у.е на ул.Нурафшон. Ориентир: Лабзак,ТРЦ Riviera. Площадь 44 м². Состояние: новый евроремонт,мебель,техника.Потолок 3,20 м.Благоустроенный двор,детские площадки.",2,44.0,5,9,true,evro,monolit,112000.0,1347500000.0,USD,Ташкентская область,Ташкент,Шайхантахурский район,Koh Ota turar-joy majmuasi,41.334946,69.260521,148,0,0,false,false,false,43671,10,https://api.uybor.uz/api/v1/media/n/17829650370235076.jpg,2026-07-02T04:04:00.801Z,2026-07-02T04:04:00.796Z,2026-08-16T04:04:00.796Z,https://uybor.uz/listings/1316964,2026-07-21 05:06:32
1316965,2026-07-21,sale,Квартира,,"Продается 1-комнатная квартира-студия в новостройке,1/5/7-53 000 у.е на ул.Зарбулак,ориентир: Ботанический Сад. Кирпичный дом, площадь 36 м².Состояние: евроремонт,мебель,техника. Имеется лифт,домофон,камеры слежения,детская площадка,стоянка.Возможна ипотека.",1,36.0,5,7,true,evro,kirpich,53000.0,637656250.0,USD,Ташкентская область,Ташкент,Юнусабадский район,улица Зарбулак,41.356014,69.326012,180,1,1,false,false,false,43671,6,https://api.uybor.uz/api/v1/media/n/17829658758259727.jpg,2026-07-02T04:17:59.981Z,2026-07-02T04:17:59.977Z,2026-08-16T04:17:59.977Z,https://uybor.uz/listings/1316965,2026-07-21 05:06:32
1316966,2026-07-21,sale,Квартира,,"Юнусабад 13. 1в2/2/4
38м2
Балкон 1.5/6
Средний ремонт
Ориентир: Анжир
Цена: 50.500
",1,38.0,2,4,false,sredniy,panel,48500.0,583515625.0,USD,Ташкентская область,Ташкент,Юнусабадский район,13-й квартал,41.368446,69.297791,249,0,0,false,false,false,177179,7,https://api.uybor.uz/api/v1/media/n/17829686024435164.jpeg,2026-07-02T05:03:25.548Z,2026-07-02T05:03:25.545Z,2026-08-16T05:03:25.545Z,https://uybor.uz/listings/1316966,2026-07-21 05:06:32
1316967,2026-07-21,sale,Дом,Частный дом,"Юнусабадский район ор-р метро Шахристанская ДОМ  жилой имеются все коммуникации
фасад 13 м2одноэтажное здание земля прямоугольной формы
въезд для машины, канализация",4,88.0,,1,false,sredniy,kirpich,48000.0,577500000.0,USD,Ташкентская область,Ташкент,Юнусабадский район,Шахристан,41.352993,69.288101,250,3,2,false,false,false,285801,6,https://api.uybor.uz/api/v1/media/n/17829733772595608.jpg,2026-07-02T06:12:45.368Z,2026-07-02T06:12:45.366Z,2026-08-16T06:12:45.366Z,https://uybor.uz/listings/1316967,2026-07-21 05:06:32
1316968,2026-07-21,sale,Квартира,,срочно прадается квартира тел,4,73.0,4,4,false,evro,panel,75000.0,902343750.0,USD,Ташкентская область,Ташкент,Мирабадский район,"1-й квартал, 17, подъезд 1",41.247715,69.310951,271,12,1,false,false,false,250754,13,https://api.uybor.uz/api/v1/media/n/17829735790274693.jpeg,2026-07-02T06:28:32.357Z,2026-07-02T06:28:32.355Z,2026-08-16T06:28:32.355Z,https://uybor.uz/listings/1316968,2026-07-21 05:06:32
1316969,2026-07-21,sale,Квартира,,"Продажа квартиры
Район -  Чиланзар - 11
Ориентир - Аль - Хорезми 
Комнат - 2
Этаж - 5
Этажность - 5
Площадь м² - 50
Состояние - без ремонта 
Описание - панель,  балкон - 1,5×3 метра ( Аква рамы+кирпичная кладка ), комнаты зеркальные, санузел совмещён ( перепланировка )
Цена - 51.300

Кристина +",2,50.0,5,5,false,kapital,panel,51300.0,617203125.0,USD,Ташкентская область,Ташкент,Учтепинский район,11-й квартал,41.278355,69.192505,450,2,1,false,false,false,67829,9,https://api.uybor.uz/api/v1/media/n/17829739252976466.jpeg,2026-07-02T06:32:15.981Z,2026-07-06T01:35:30.728Z,2026-08-16T06:32:15.979Z,https://uybor.uz/listings/1316969,2026-07-21 05:06:32
1316973,2026-07-21,sale,Квартира,,"Продажа квартиры
Район -  Чиланзар - 6
Ориентир - метро Мирзо-Улугбек 
Комнат - 2×3
Этаж - 3
Этажность - 4
Площадь м² - 46
Состояние - Евроремонт 
Описание - панель, балкон  1,5×3 метра, комнаты и санузел раздельные, с мебелью и техникой 
Цена - 83.200
",2,46.0,3,4,false,custom,panel,83200.0,1001000000.0,USD,Ташкентская область,Ташкент,Чиланзарский район,6-й квартал,41.286945,69.211113,123,0,0,false,false,false,67829,9,https://api.uybor.uz/api/v1/media/n/17829782736591843.jpeg,2026-07-02T07:44:48.829Z,2026-07-02T07:44:48.828Z,2026-08-16T07:44:48.828Z,https://uybor.uz/listings/1316973,2026-07-21 05:06:32
1316974,2026-07-21,sale,Квартира,,"Продажа квартиры
Район -  Чиланзар - 11
Ориентир - Шухрат
Комнат - 1×2
Этаж - 2
Этажность - 4
Площадь м² - 33
Состояние - Косметика 
Описание - панель, балкон  1,5×3 метра, санузел раздельный, с мебелью и техникой 
Цена - 56.200
",1,33.0,3,4,false,sredniy,panel,56200.0,676156250.0,USD,Ташкентская область,Ташкент,Учтепинский район,11-й квартал,41.278355,69.192505,148,0,0,false,false,false,67829,9,https://api.uybor.uz/api/v1/media/n/17829789468556207.jpeg,2026-07-02T07:55:48.552Z,2026-07-02T07:55:48.551Z,2026-08-16T07:55:48.551Z,https://uybor.uz/listings/1316974,2026-07-21 05:06:32
1316975,2026-07-21,sale,Квартира,,"Продажа квартиры
Район -  Чиланзар - 6
Ориентир - метро Мирзо-Улугбек 
Комнат - 2×3
Этаж - 3
Этажность - 4
Площадь м² - 46
Состояние - Евроремонт 
Описание - панель, балкон  1,5×3 метра, комнаты и санузел раздельные, с мебелью и техникой 
Цена - 83.200
Кристина +",2,46.0,3,4,false,evro,panel,83200.0,1001000000.0,USD,Ташкентская область,Ташкент,Чиланзарский район,6-й квартал,41.286945,69.211113,144,0,0,false,false,false,67829,9,https://api.uybor.uz/api/v1/media/n/17829791245415051.jpeg,2026-07-02T07:58:46.188Z,2026-07-02T07:58:46.186Z,2026-08-16T07:58:46.186Z,https://uybor.uz/listings/1316975,2026-07-21 05:06:32
1316976,2026-07-21,sale,Квартира,,"Продажа квартиры
Район -  Чиланзар - 11
Ориентир - Шох Мед Центр 
Комнат - 3
Этаж - 3
Этажность - 4
Площадь м² - 65
Состояние - Евроремонт 
Описание - панель, балкон  1,5×3 метра, комнаты и санузел раздельные, с мебелью и техникой 
Цена - 93.900
Кристина +",3,65.0,3,4,false,evro,panel,93900.0,1129734375.0,USD,Ташкентская область,Ташкент,Учтепинский район,11-й квартал,41.278355,69.192505,158,0,1,false,false,false,67829,9,https://api.uybor.uz/api/v1/media/n/17829794745586123.jpeg,2026-07-02T08:04:37.003Z,2026-07-02T08:04:37.001Z,2026-08-16T08:04:37.001Z,https://uybor.uz/listings/1316976,2026-07-21 05:06:32
1316977,2026-07-21,sale,Квартира,,"Продажа квартиры
Район -  Чиланзар - 8
Ориентир - Юридический колледж 
Комнат - 2×3
Этаж - 2
Этажность - 4
Площадь м² - 48
Состояние - Евроремонт 
Описание - панель, балкон  1,5×3 метра, комнаты и санузел раздельные, с мебелью и техникой, полностью укомплектована 
Цена - 76.900
Кристина +",2,48.0,3,4,false,evro,panel,76900.0,925203125.0,USD,Ташкентская область,Ташкент,Чиланзарский район,8-й квартал,41.289974,69.204323,190,0,0,false,false,false,67829,8,https://api.uybor.uz/api/v1/media/n/17829799311393959.jpeg,2026-07-02T08:12:13.287Z,2026-07-02T08:12:13.285Z,2026-08-16T08:12:13.285Z,https://uybor.uz/listings/1316977,2026-07-21 05:06:32
1316978,2026-07-21,sale,Дом,Частный дом,"3.7 СОТКИ НЕ ДАЛЕКО ОТ МЕТРО «БУЮК ИПАК ЙУЛИ» — ПОСЛЕДНИЕ УЧАСТКИ В РАЙОНЕ!
📍 Рядом: рестораны «Султан Сулейман» и «Салом», супермаркет «Корзинка», бывш. ул. Циолковского, недалеко от центра Луначарского. В 15 минутах от строящегося «Нового Ташкента» — цены здесь будут только расти!
✅ Газ, свет, вода, канализация — всё подключено 
✅ Дом + сад — БОНУСОМ к покупке 
✅ Кадастр в полном порядке — сделка за дни, а не месяцы 
✅ 1 этаж — готов к ремонту или строительству нового дома мечты

Дом находится в собственности более 40 лет, у объекта один собственник, перепланировок не было — всё соответствует техпаспорту. Счётчики на воду, газ и электричество установлены полностью, что упрощает оформление и расчёты с новым владельцем.
Соседи нейтральные, конфликтов нет, при этом несколько соседей также возможно продадут свои дома ",5,110.0,,1,false,sredniy,other,479300.0,5766578125.0,USD,Ташкентская область,Ташкент,Мирзо-Улугбекский район,"улица Бузарик, 87А",41.323597,69.349281,72,0,0,false,false,false,285162,8,https://api.uybor.uz/api/v1/media/n/17829799157615845.png,2026-07-02T08:14:11.013Z,2026-07-02T08:14:11.011Z,2026-08-16T08:14:11.011Z,https://uybor.uz/listings/1316978,2026-07-21 05:06:32
1316979,2026-07-21,sale,Квартира,,"Продажа квартиры
Район -  Чиланзар - 19
Ориентир - Базарчик
Комнат - 3
Этаж - 3
Этажность - 4
Площадь м² - 65
Состояние - без ремонта 
Описание - панель, балкон  1,5×3 метра, комнаты смежно-раздельные, санузел раздельный
Цена - 72.200
Кристина +",3,65.0,3,4,false,kapital,panel,72200.0,868656250.0,USD,Ташкентская область,Ташкент,Чиланзарский район,19-й квартал,41.269955,69.186157,263,0,0,false,false,false,67829,9,https://api.uybor.uz/api/v1/media/n/17829805905615308.jpeg,2026-07-02T08:23:14.605Z,2026-07-02T08:23:14.603Z,2026-08-16T08:23:14.603Z,https://uybor.uz/listings/1316979,2026-07-21 05:06:32
1316980,2026-07-21,sale,Квартира,,"Продажа квартиры 
Район - Чиланзар - 26
Ориентир - 404 дет.садик
Комнат - 2×3
Этаж - 1
Этажность - 5
Площадь м² - 50
Состояние - чистая
Описание - кирпич, балкон - 2×6 метра, комнаты и санузел раздельные, с мебелью и техникой 
Цена - 62.800
Кристина +",2,50.0,1,5,false,sredniy,kirpich,62800.0,755562500.0,USD,Ташкентская область,Ташкент,Учтепинский район,26-й квартал,41.276863,69.178696,219,1,0,false,false,false,67829,9,https://api.uybor.uz/api/v1/media/n/17829809098135136.jpeg,2026-07-02T08:28:31.554Z,2026-07-02T08:28:31.553Z,2026-08-16T08:28:31.553Z,https://uybor.uz/listings/1316980,2026-07-21 05:06:32
1316981,2026-07-21,sale,Квартира,,"Продажа квартиры 
Район - Чиланзар - 5
Ориентир - метро Хамза  ( Новза )
Комнат - 1
Этаж - 3
Этажность - 4
Площадь м² - 30
Состояние - среднее 
Описание - кирпич, балкон - 1,2×3 метра, санузел совмещён
Цена - 50.000
Кристина +",1,30.0,3,4,false,sredniy,kirpich,50000.0,601562500.0,USD,Ташкентская область,Ташкент,Чиланзарский район,Новза,41.291874,69.22361,306,0,0,false,false,false,67829,7,https://api.uybor.uz/api/v1/media/n/17829813735992583.jpeg,2026-07-02T08:36:16.224Z,2026-07-02T08:36:16.223Z,2026-08-16T08:36:16.223Z,https://uybor.uz/listings/1316981,2026-07-21 05:06:32
1316982,2026-07-21,sale,Квартира,,"22 mavzeda dom sotiladi  arinter uchtepa zaks ",4,4.0,4,4,false,sredniy,kirpich,70000.0,842187500.0,USD,Ташкентская область,Ташкент,Учтепинский район,22-й квартал,41.288185,69.168877,236,3,0,false,false,false,238519,3,https://api.uybor.uz/api/v1/media/n/17829815525039324.jpeg,2026-07-02T08:40:10.057Z,2026-07-02T08:40:10.056Z,2026-08-16T08:40:10.056Z,https://uybor.uz/listings/1316982,2026-07-21 05:06:32
1316983,2026-07-21,sale,Квартира,,"Продажа квартиры, Московская планировка 
Район - Чиланзар - 25
Ориентир - Легион
Комнат - 4
Этаж - 1
Этажность - 5
Площадь м² - 86
Состояние - с ремонтом 
Описание - кирпич, балкон - 2×6 метра, комнаты и санузел раздельные, с мебелью и техникой 
Цена - 93.000
Кристина +",4,82.0,1,5,false,sredniy,kirpich,93000.0,1118906250.0,USD,Ташкентская область,Ташкент,Учтепинский район,25-й квартал,41.280319,69.167801,238,0,0,false,false,false,67829,8,https://api.uybor.uz/api/v1/media/n/17829825719308791.jpeg,2026-07-02T08:56:13.900Z,2026-07-02T08:56:13.898Z,2026-08-16T08:56:13.898Z,https://uybor.uz/listings/1316983,2026-07-21 05:06:32
1316984,2026-07-21,sale,Дом,Частный дом,"Sotiladi – Sergeli tumanida 3 sotix hovli

O'zimiz yashash uchun sifatli va puxta qurishni rejalashtirib boshlagan 2 qavatli g'ishtli uy sotiladi (padvali ham bor). Qurilishda sifatli materiallardan foydalanilgan, ammo shaxsiy sabablar tufayli yakunlanmagan.

Uy 3 sotix yer maydonida joylashgan bo'lib, hozirda korobka holatida. Yangi egasi uni o'z didi va xohishiga ko'ra yakunlashi mumkin.

✔️ 3 sotix yer
✔️ 2 qavatli g'ishtli uy (+ padval)
✔️ Mustahkam va sifatli qurilgan
✔️ Masjid yaqinida joylashgan

",6+,420.0,,3,false,custom,kirpich,180000.0,2165625000.0,USD,Ташкентская область,Ташкент,Сергелийский район,улица Эркинлик,41.247322,69.219894,222,1,0,false,false,false,285805,13,https://api.uybor.uz/api/v1/media/n/17829824458943306.jpeg,2026-07-02T08:59:55.873Z,2026-07-02T08:59:55.871Z,2026-08-16T08:59:55.871Z,https://uybor.uz/listings/1316984,2026-07-21 05:06:32
1316988,2026-07-21,sale,Квартира,,"Продажа квартиры, Галерейного типа
Район - Чиланзар - 20А
Ориентир - Катта Кани
Комнат - 1
Этаж - 3
Этажность - 9
Площадь м² - 25
Состояние - без ремонта 
Описание - кирпич, условия внутри
Цена - 27.800
",1,25.0,3,9,false,kapital,kirpich,27800.0,334468750.0,USD,Ташкентская область,Ташкент,Чиланзарский район,квартал 20А,41.265728,69.190239,449,8,0,false,false,false,67829,6,https://api.uybor.uz/api/v1/media/n/17829847571054788.jpeg,2026-07-02T09:32:38.990Z,2026-07-02T09:32:38.988Z,2026-08-16T09:32:38.988Z,https://uybor.uz/listings/1316988,2026-07-21 05:06:32
1317000,2026-07-21,sale,Квартира,,"Горит! Сергели, кирпич 1/4/8, 62 кв.м. - 52 000 у.е.!

Срочно продается своя квартиру в связи с переездом. 
Квартира на 4 этаже 8 этажного нового дома. Потолки 3,5 метра. Закрытый двор. Все документы в порядке. Есть кадастр.

Рядом находится школа, детсады, магазины, парк, кафе. 


",1,62.5,4,8,false,sredniy,kirpich,52000.0,625625000.0,USD,Ташкентская область,Ташкент,Янгихаётский район,"8-й квартал, 66",41.194199,69.220978,377,7,0,false,false,false,264008,4,https://api.uybor.uz/api/v1/media/n/17829979733337170.jpg,2026-07-02T13:16:37.152Z,2026-07-02T13:16:37.151Z,2026-08-16T13:16:37.151Z,https://uybor.uz/listings/1317000,2026-07-21 05:06:32
1317001,2026-07-21,sale,Дом,Частный дом,"Готовый дом с ремонтом и мебелью!

Площадь - 5 соток
7 комнат
3 кухни
4 сан узла
бассейн
баня 
гараж
огород
терраса на балконе

Дополнительно:
Дом находится возле метро, базарчика, торгового центра

",6+,400.0,,2,false,evro,kirpich,345000.0,4150781250.0,USD,Ташкентская область,Ташкент,Сергелийский район,Янгихаёт,41.213684,69.213898,149,0,0,false,false,false,285819,6,https://api.uybor.uz/api/v1/media/n/17830071487739509.jpeg,2026-07-02T15:46:17.184Z,2026-07-02T15:46:17.182Z,2026-08-16T15:46:17.182Z,https://uybor.uz/listings/1317001,2026-07-21 05:06:32
1317020,2026-07-21,sale,Квартира,,"Продается Квартира 2/4/4
Чиланзар 20 квартал
Ор-р Троллейбусный круг

Общая плошадь: 54м2
Средний ремонт
Балкон 1,5х6
Акфа рамы
Частично остается мебель и Техника

",2,54.0,4,4,false,sredniy,panel,56900.0,684578125.0,USD,Ташкентская область,Ташкент,Чиланзарский район,"квартал 20Д, 16",41.266907,69.177374,375,3,0,false,false,false,230220,7,https://api.uybor.uz/api/v1/media/n/17830113774843637.jpg,2026-07-02T16:57:33.402Z,2026-07-07T04:15:06.148Z,2026-08-16T16:57:33.400Z,https://uybor.uz/listings/1317020,2026-07-21 05:06:32
1317030,2026-07-21,sale,Квартира,,Продаётся,2,43.0,6,16,true,chernovaya,monolit,35000.0,421093750.0,USD,Ташкентская область,Ташкент,Янгихаётский район,жилой комплекс Янги Махалля,41.204338,69.1996,310,8,1,false,false,false,285826,3,https://api.uybor.uz/api/v1/media/n/17830156147669671.jpg,2026-07-02T18:09:33.862Z,2026-07-02T18:09:33.861Z,2026-08-16T18:09:33.861Z,https://uybor.uz/listings/1317030,2026-07-21 05:06:32
1317036,2026-07-21,sale,Квартира,,"Продается 1-комнатная квартира на ул.Ш.Руставели,ориентир: Парк Бабура,перекресток с ул.Бабура, Фрунзенский ТЦ. 1/2/5-55 000 у.е Площадь 27 м².Есть открытый балкон.Состояние: чистое,с обстановкой.Кирпичный дом.",1,27.0,2,5,false,sredniy,kirpich,55000.0,661718750.0,USD,Ташкентская область,Ташкент,Яккасарайский район,улица Шота Руставели,41.274693,69.241867,543,0,0,false,false,false,43671,7,https://api.uybor.uz/api/v1/media/n/17831427278237657.jpg,2026-07-03T04:48:56.502Z,2026-07-15T05:45:51.477Z,2026-08-17T04:48:56.501Z,https://uybor.uz/listings/1317036,2026-07-21 05:06:32
1317043,2026-07-21,sale,Для бизнеса,Производство,"Бектемирский район Бектемир угловой цех 30-сотых земли, 2000кв.м. заезд с 3сторон ангары высотой почти 8-метров, 2 кран балки,свой трансформаторная 2 штуки по 630вт, вода есть, для любого бизнеса. 
Bektemir tumanida joylashgan ushbu sanoat obyekti burchakda joylashgan bo‘lib, 3 000 kv.m (30 sotix) maydon va 2 000 kv.m li binoni o‘z ichiga oladi. Hududga uch tomondan kirish imkoniyati mavjud bo‘lib, u yerda shift balandligi qariyb 8 metr bo‘lgan angarlar, ikkita ko‘prikli kran hamda ikkita alohida 630 kVA quvvatli transformator mavjud. Suv ta’minoti yo‘lga qo‘yilgan; mazkur hudud har qanday turdagi biznes faoliyati uchun mos keladi.",,2000.0,1,1,false,sredniy,monolit,1200000.0,14437500000.0,USD,Ташкентская область,Ташкент,Бектемирский район,махаллинский сход граждан Бектемир,41.229687,69.336052,137,0,0,false,false,false,129679,8,https://api.uybor.uz/api/v1/media/n/17830578125161217.jpeg,2026-07-03T05:50:23.712Z,2026-07-03T05:50:23.711Z,2026-08-17T05:50:23.711Z,https://uybor.uz/listings/1317043,2026-07-21 05:06:32
1317044,2026-07-21,sale,Дом,Частный дом,"Мирзо Улугбекский район мечеть Ялангач дом под строительство, заезд с двух сторон, фасад каждый сторон по 15-метров, можно построить два дома, все коммуникации есть. 
Mirzo Ulug‘bek tumani, Yalang‘och masjidi yaqinida: ikki tomondan kirish imkoniyati va har bir tomonida 15 metrli yuz qismiga (fasadiga) ega bo‘lgan qurilish uchun yer uchastkasi; ikkita uy qurishga mos keladi. Barcha kommunikatsiyalar mavjud.",3,111.0,,1,false,sredniy,other,200000.0,2406250000.0,USD,Ташкентская область,Ташкент,Мирзо-Улугбекский район,массив Буз-2,41.346661,69.352608,168,1,0,false,false,false,129679,3,https://api.uybor.uz/api/v1/media/n/17830583952445936.jpeg,2026-07-03T06:00:14.687Z,2026-07-08T05:52:47.247Z,2026-08-17T06:00:14.685Z,https://uybor.uz/listings/1317044,2026-07-21 05:06:32
1317063,2026-07-21,sale,Квартира,,"Участка срочно сотилади, холати зур,кириб бемалол яшаса булади, мебель и техникалари билан сотилади, махалла тинч ",5,108.0,1,1,false,custom,kirpich,220000.0,2646875000.0,USD,Ташкентская область,Ташкент,Яшнабадский район,"1-й проезд Мумтоз, 29",41.248814,69.326241,103,0,0,false,false,false,285841,7,https://api.uybor.uz/api/v1/media/n/17830607047944183.jpeg,2026-07-03T06:38:38.095Z,2026-07-03T06:38:38.093Z,2026-08-17T06:38:38.093Z,https://uybor.uz/listings/1317063,2026-07-21 05:06:32
1317072,2026-07-21,sale,Квартира,,"Банковская !

Ц квартал Чиланзар улица Мехр пересечение с ул. Катартал с другой Проспектом Бунедкор,недалеко от ресторана ""Окшам"" городское ГАИ,хакимият,налоговый комитет Чиланзарского района метро Мирзо Улугбек и Чиланзар.

Общая площадь : 128 кв.м

Продается: Банковская 4-х комнатная светлая просторная с удобной планировкой  квартира в отличном состояние ,встроенной мебелью .

Количество комнат : 4

Количество санузлов : 2

Этаж : 4

Этажность: 5

Район имеет развитую инфраструктуру: школы, детские сады, магазины развлекательные заведение.

Помощь в проведении сделки.

Оперативный показ.

Собственника недвижимости представляет:

ООО «GOLD REAL ESTATE»

лицензия гос. Ком. Конкуренции rl 001 №0041",4,128.0,4,5,true,sredniy,kirpich,160000.0,1925000000.0,USD,Ташкентская область,Ташкент,Чиланзарский район,"улица Мехр, 50",41.2808,69.20697,88,0,0,false,false,false,52944,7,https://api.uybor.uz/api/v1/media/n/17830655894732579.png,2026-07-03T08:01:15.953Z,2026-07-03T08:01:15.952Z,2026-08-17T08:01:15.952Z,https://uybor.uz/listings/1317072,2026-07-21 05:06:32
1317077,2026-07-21,sale,Квартира,,"Банковская !

Ц квартал Чиланзар улица Мехр пересечение с ул. Катартал с другой Проспектом Бунедкор,недалеко от ресторана ""Окшам"" городское ГАИ,хакимият,налоговый комитет Чиланзарского района метро Мирзо Улугбек и Чиланзар.

Общая площадь : 100 кв.м

Продается: Банковская 3-х комнатная светлая просторная с удобной планировкой  квартира в отличном состояние ,с мебелью и бытовой техникой .

Количество комнат : 3

Санузел раздельный

Этаж : 1

Этажность: 4

Район имеет развитую инфраструктуру: школы, детские сады, магазины развлекательные заведение.

Помощь в проведении сделки.

Оперативный показ.

Собственника недвижимости представляет:

ООО «GOLD REAL ESTATE»

лицензия гос. Ком. Конкуренции rl 001 №0041
",3,100.0,1,4,true,sredniy,kirpich,140000.0,1684375000.0,USD,Ташкентская область,Ташкент,Чиланзарский район,улица Мехр,41.280685,69.204887,93,0,0,false,false,false,52944,9,https://api.uybor.uz/api/v1/media/n/17830683473985683.png,2026-07-03T08:46:26.857Z,2026-07-03T08:46:26.855Z,2026-08-17T08:46:26.855Z,https://uybor.uz/listings/1317077,2026-07-21 05:06:32
1317080,2026-07-21,sale,Квартира,,"Продается новая квартира в новостройке ЖК NRG Hayot

Ориентир : Метро Шахристан  Беш Казан плов Центр 
Комнат 2  
Этаж: 3  
Этажность: 6
Площадь: 70 кв.м Балкон  
Закрытый и охраняемый двор 

#Yunusabad   #2хком",2,70.0,3,6,true,evro,kirpich,165000.0,1985156250.0,USD,Ташкентская область,Ташкент,Юнусабадский район,"улица Ифтихор, 1A",41.348175,69.285187,169,0,0,false,false,false,229064,10,https://api.uybor.uz/api/v1/media/n/17830694217306044.jpg,2026-07-03T09:03:53.632Z,2026-07-03T09:03:53.629Z,2026-08-17T09:03:53.629Z,https://uybor.uz/listings/1317080,2026-07-21 05:06:32
1317081,2026-07-21,sale,Квартира,,"Продается новая квартира в новостройке Жк U Tower 

Ориентир : Дружба Народов Ташкент сити 
Комнат 3   
Этаж: 25  
Этажность: 27
Площадь: 110 кв.м 2 сан узла 
Авторский проект 
Система Умный дом (Алиса)
Круговой балкон с панорамным видом 
Имеется видео квартиры 

Цена: 530000 у.е.   Торг 

#Shayxontaxur    #3хком",3,110.0,25,27,true,evro,monolit,530000.0,6376562500.0,USD,Ташкентская область,Ташкент,Шайхантахурский район,жилой комплекс NRG U-Tower,41.311096,69.239304,189,0,0,false,false,false,229064,10,https://api.uybor.uz/api/v1/media/n/17830694928991004.jpg,2026-07-03T09:05:03.480Z,2026-07-03T09:05:03.478Z,2026-08-17T09:05:03.478Z,https://uybor.uz/listings/1317081,2026-07-21 05:06:32
1317082,2026-07-21,sale,Дом,Частный дом,"Мирзо Улугбекский район рядом Бозсу  Набережная Кибрая дом под строительство фасад 21,5-метра 11,24-сотки ,рядом река Бозсу .Mirzo Ulug‘bek tumani, Bo‘zsuv kanali va Qibray qirg‘oq bo‘yi yaqinida: Bo‘zsuv daryosi bo‘yida joylashgan, old tomoni 21,5 metrni tashkil etuvchi va maydoni 11,24 sotix (taxminan 1124 kv. m) bo‘lgan qurilish uchun yer uchastkasi.",2,107.0,,1,false,kapital,other,160000.0,1925000000.0,USD,Ташкентская область,Ташкент,Мирзо-Улугбекский район,"массив Ялангач, 25Б/4",41.347343,69.344658,149,1,2,false,false,false,129679,3,https://api.uybor.uz/api/v1/media/n/17830701363179873.jpeg,2026-07-03T09:15:48.354Z,2026-07-03T09:15:48.353Z,2026-08-17T09:15:48.353Z,https://uybor.uz/listings/1317082,2026-07-21 05:06:32
1317085,2026-07-21,sale,Квартира,,"Юнусабад 11. 3/4/4.ИПОТЕКА🔥
67м2.
Балкон 1.5/6
Ком. Смежно-раздельные
Без ремонта
Торец
Ориентир: 240 школа
5 минут Мегапланет, метро
Цена: 66500
Тел:",3,67.0,4,4,false,kapital,panel,66500.0,800078125.0,USD,Ташкентская область,Ташкент,Юнусабадский район,11-й квартал,41.370537,69.28997,114,0,0,false,false,false,177179,4,https://api.uybor.uz/api/v1/media/n/17830727138951269.jpeg,2026-07-03T09:58:42.195Z,2026-07-03T09:58:42.194Z,2026-08-17T09:58:42.194Z,https://uybor.uz/listings/1317085,2026-07-21 05:06:32
1317088,2026-07-21,sale,Квартира,,"Юнусабад 9. 3/7/9
105м2
Комфорт Хаус
Комнаты раздельные
2 сан. Узла
Евро ремонт
Мебель+техника
Цена: 135.000
Тел:",3,105.0,7,9,true,evro,panel,135000.0,1624218750.0,USD,Ташкентская область,Ташкент,Юнусабадский район,9-й квартал,41.376926,69.278038,61,0,0,false,false,false,177179,10,https://api.uybor.uz/api/v1/media/n/17830747556669926.jpeg,2026-07-03T10:32:40.696Z,2026-07-03T10:32:40.694Z,2026-08-17T10:32:40.694Z,https://uybor.uz/listings/1317088,2026-07-21 05:06:32
1317089,2026-07-21,sale,Квартира,,"школ дет сод астановка магазин рестаран ",2,50.0,2,4,false,evro,monolit,73000.0,878281250.0,USD,Ташкентская область,Ташкент,Юнусабадский район,"7-й квартал, 38",41.371459,69.267825,144,1,1,false,false,false,284595,4,https://api.uybor.uz/api/v1/media/n/17830755407121534.jpeg,2026-07-03T10:48:40.988Z,2026-07-03T10:48:40.987Z,2026-08-17T10:48:40.987Z,https://uybor.uz/listings/1317089,2026-07-21 05:06:32
1317091,2026-07-21,sale,Квартира,,"Юнусабад 10. 2/2/5.ИПОТЕКА🔥
58м2.
Комнаты раздельные
Балкон 2/6
Без ремонт
Ориентир: конечка 93
Цена: 59500
Тел: ",2,58.0,2,5,false,kapital,panel,59500.0,715859375.0,USD,Ташкентская область,Ташкент,Юнусабадский район,10-й квартал,41.382103,69.285118,223,0,1,false,false,false,177179,7,https://api.uybor.uz/api/v1/media/n/17830768183548585.jpeg,2026-07-03T11:06:59.989Z,2026-07-03T11:06:59.987Z,2026-08-17T11:06:59.987Z,https://uybor.uz/listings/1317091,2026-07-21 05:06:32
1317092,2026-07-21,sale,Квартира,,"Юнусабад 11. 2/7/9.ИПОТЕКА🔥
58м2.
Франция, зал 5/6
Общий коридор
Средний ремонт
Комнаты раздельные
Ориентир: Хавас, по линии метро
Цена:  62.000
Ипотека 63.000
Тел: ",2,58.0,7,9,false,sredniy,panel,62000.0,745937500.0,USD,Ташкентская область,Ташкент,Юнусабадский район,11-й квартал,41.370537,69.28997,152,0,0,false,false,false,177179,4,https://api.uybor.uz/api/v1/media/n/17830772019255054.jpeg,2026-07-03T11:13:23.354Z,2026-07-03T11:13:23.353Z,2026-08-17T11:13:23.353Z,https://uybor.uz/listings/1317092,2026-07-21 05:06:32
1317094,2026-07-21,sale,Квартира,,"Юнусабад 14. 3/3/4
72м2
Балкон 2/6
Комнаты раздельные
Средний ремонт
Ориентир: Корзинка, Метро Туркистон
Цена: 85000
Тел: ",3,72.0,3,4,false,sredniy,panel,85000.0,1022656250.0,USD,Ташкентская область,Ташкент,Юнусабадский район,14-й квартал,41.372028,69.303703,145,0,0,false,false,false,177179,6,https://api.uybor.uz/api/v1/media/n/17830773365638114.jpeg,2026-07-03T11:15:38.154Z,2026-07-03T11:15:38.153Z,2026-08-17T11:15:38.153Z,https://uybor.uz/listings/1317094,2026-07-21 05:06:32
1317095,2026-07-21,sale,Квартира,,"Юнусабад 13. 1/3/5.ИПОТЕКА🔥
42м2
Балкон 2/6
Евро ремонт
Ориентир: Самара, Корзинка
Цена: 60.000
Тел:",1,42.0,3,5,false,evro,panel,59900.0,720671875.0,USD,Ташкентская область,Ташкент,Юнусабадский район,14-й квартал,41.372028,69.303703,237,0,0,false,false,false,177179,7,https://api.uybor.uz/api/v1/media/n/17830776738994709.jpeg,2026-07-03T11:21:20.666Z,2026-07-03T11:21:20.664Z,2026-08-17T11:21:20.664Z,https://uybor.uz/listings/1317095,2026-07-21 05:06:32
1317096,2026-07-21,sale,Квартира,,"Юнусабад 15. 2/4/5.
58м2.
Комнаты раздельные
Балкон 2/6
Без ремонта
Прописка пустая, ключ в нотариусе🔑🔑
Ориентир:  конечка 91.
Метро Туркистон 10 минут
Цена: 61.900
Тел: ",2,58.0,4,5,false,kapital,panel,61900.0,744734375.0,USD,Ташкентская область,Ташкент,Юнусабадский район,15-й квартал,41.378193,69.301384,164,1,0,false,false,false,177179,7,https://api.uybor.uz/api/v1/media/n/17830777549223569.jpeg,2026-07-03T11:22:36.544Z,2026-07-03T11:22:36.542Z,2026-08-17T11:22:36.542Z,https://uybor.uz/listings/1317096,2026-07-21 05:06:32
1317097,2026-07-21,sale,Квартира,,"Юнусабад 5. 2/5/5.
58м2.
Комнаты раздельные
Балкон 2/6
Средний ремонт
Ориентир: Шохсарой, эвос
Цена: 59.000
Тел: ",2,58.0,5,5,false,sredniy,panel,59000.0,709843750.0,USD,Ташкентская область,Ташкент,Юнусабадский район,5-й квартал,41.361111,69.274643,231,1,1,false,false,false,177179,9,https://api.uybor.uz/api/v1/media/n/17830781584811464.jpeg,2026-07-03T11:29:21.082Z,2026-07-03T11:29:21.081Z,2026-08-17T11:29:21.081Z,https://uybor.uz/listings/1317097,2026-07-21 05:06:32
1317098,2026-07-21,sale,Квартира,,"1 собственник. Состояние окон, полов и прочих вещей - удовлетворительное. 
Есть балкон 2х6м. ",3,55.0,2,4,false,sredniy,kirpich,79000.0,950468750.0,USD,Ташкентская область,Ташкент,Шайхантахурский район,"массив Лабзак, 13",41.32695,69.256424,258,1,1,false,false,false,285853,15,https://api.uybor.uz/api/v1/media/n/17830798965446740.jpg,2026-07-03T12:01:13.359Z,2026-07-03T12:01:13.357Z,2026-08-17T12:01:13.357Z,https://uybor.uz/listings/1317098,2026-07-21 05:06:32
1317099,2026-07-21,sale,Земельный участок,Жилой,"Sotuvga 8 sotix yer maydoni taklif qilinadi. Hudud Tashmi postidan 6 km ichkarida, Tutzorda joylashgan.
Imorat: 3 xonali karobka (qurilishi boshlangan uy)
Kommunikatsiyalar:
Gaz mavjud
Suv mavjud
Elektr (svet) mavjud
Qo‘shimcha imkoniyatlar:
Chorvachilik fermasi yoki ishlab chiqarish uchun qulay joy
Qo‘shimcha yer qo‘shib olish imkoniyati mavjud (zaxvat)
Manzil: Tashmi postidan 6 km, Tutzor
Aloqa: ",,,,,false,chernovaya,other,100000.0,1203125000.0,USD,Ташкентская область,махаллинский сход граждан Дийдор,,улица Шифобахш сувлар,41.354362,69.140633,226,0,0,false,false,false,285854,3,https://api.uybor.uz/api/v1/media/n/17830807112271195.png,2026-07-03T12:14:07.669Z,2026-07-03T12:14:07.667Z,2026-08-17T12:14:07.668Z,https://uybor.uz/listings/1317099,2026-07-21 05:06:32
1317101,2026-07-21,sale,Квартира,,"Жилой комплекс: Green house
Oриентир: #Index bozor
Инфраструктура комплекса: охрана, парковка, детская площадка
Инфраструктура рядом: Школы, детские сады Магазины, супермаркеты
Транспорт, метро/автобус
Парки, зоны отдыха Magic Safar Park
Самый большой рынок в центральной Азии Tashkent INDEX
Кол-во комнат: 2
Общая площадь:54
Этаж: 5
Этажность: 9
Санузел: Разделный
Состояния: евро ремонт С мебелю
Ипотека до 300 миллионов
Собственный дом.",2,54.0,5,9,true,evro,kirpich,53900.0,648484375.0,USD,Ташкентская область,Ташкент,Сергелийский район,улица Райхон,41.192451,69.240585,315,2,0,false,false,false,282713,11,https://api.uybor.uz/api/v1/media/n/17830817710336604.jpg,2026-07-03T12:30:39.485Z,2026-07-03T12:30:39.483Z,2026-08-17T12:30:39.483Z,https://uybor.uz/listings/1317101,2026-07-21 05:06:32
1317102,2026-07-21,sale,Дом,Частный дом,"Продается!

Район:Юнусабад, Зенит махалля
Ориентир:Зенит Alfraganus

Комнат:8
Площадь:4сотки
площадь дома:700кв.м.
Этажность:3 (4 уровня)

Описание:продается добротный дом, в хорошей востребованной махалле Зенит, преимущества участка (локация, широкая улица, чистый воздух, продуманная планировка участка, так же много и других преимуществ). Форма участка прямоугольная, хорошие соседи, все коммуникации работаю отлично, электр 3 фазы
7 комнат, мансарда и подвал, 8 сан узлов, 2 кухни, гараж для 2 машин.
Реальным клиентам небольшой торг есть звоните

Цена:380 000у.е.
",6+,700.0,,3,false,evro,kirpich,380000.0,4571875000.0,USD,Ташкентская область,Ташкент,Юнусабадский район,махаллинский сход граждан Тикланиш,41.377171,69.258881,176,0,1,false,false,false,65608,10,https://api.uybor.uz/api/v1/media/n/17830841132496650.jpeg,2026-07-03T13:09:04.177Z,2026-07-03T13:09:04.175Z,2026-08-17T13:09:04.175Z,https://uybor.uz/listings/1317102,2026-07-21 05:06:32
1317114,2026-07-21,sale,Для бизнеса,Здание,"ПРОДАЁТСЯ
Нежилого помещения 110м²

Адрес: Юнусабадский р-н
Ор: Юнусабад круг, 8-квартал

✅ Удобная локация 

▫️Состояние: отлично 
▫️кол-во ком: open space
▫️площадь: 105м²
▫️Этаж: 1
🅿️ парковка 

💵 Цена Продаж: 160.000 y.e",,105.0,,1,false,sredniy,monolit,160000.0,1925000000.0,USD,Ташкентская область,Ташкент,Юнусабадский район,8-й квартал,41.370903,69.280991,71,0,0,false,false,false,285869,5,https://api.uybor.uz/api/v1/media/n/17831171593585904.jpeg,2026-07-03T22:23:18.569Z,2026-07-03T22:23:18.568Z,2026-08-17T22:23:18.568Z,https://uybor.uz/listings/1317114,2026-07-21 05:06:32
1317115,2026-07-21,sale,Дом,Частный дом,"продаётся 3-х уровневый дом пяти летней постройки. Дом построен на возвышенности с прекрасным видом в хорошую погоду на горы.
Подвальная часть дома с половым обогревом, далее котельная,холодная комната и далее по своему усмотрению.
1-й этаж  - холл,зал,спальня,кухня-столовая и сан.узел. 
2-й этаж  - 3 спальни,зал,сан.узел и трасса.
",6+,280.0,,3,false,evro,kirpich,550000.0,6617187500.0,USD,Ташкентская область,Ташкент,Мирзо-Улугбекский район,улица Хирмантепа,41.317146,69.336037,75,1,0,false,false,false,62994,15,https://api.uybor.uz/api/v1/media/n/17831288503048342.jpeg,2026-07-04T01:35:13.297Z,2026-07-04T01:35:13.296Z,2026-08-18T01:35:13.296Z,https://uybor.uz/listings/1317115,2026-07-21 05:06:32
1317116,2026-07-21,sale,Квартира,,"Продаётся своя трех комнатная квартира на втором этаже кирпичного семи этажного дома. 
Квартира находится по улице Махтумкули, главной, связующей улице между старым и Новым Ташкентом, по улице, ведущей от центра города - Сквера им.А.Темура до парка Новый Узбекистан.
Ремонт в квартире средний, то есть от 2020 года.
Квартира сквозная, то есть имеет окна на передний и задние дворы.. Планировка хорошая, комнаты не смежные, просторные, светлые.
Санузел раздельный.
Имеется небольшой балкон.
Отопление свое, не централизованное, от двухконтурного котла.
В обеих дворах имеются целеные зоны, спорт инвентарь и беседки.
На уровень первого этажа выведена точка для зарядки электромобиля.",3,78.0,2,7,false,sredniy,kirpich,110000.0,1323437500.0,USD,Ташкентская область,Ташкент,Яшнабадский район,"улица Махтумкули, 158",41.304169,69.327454,79,2,0,false,false,false,285872,3,https://api.uybor.uz/api/v1/media/n/17831412258213243.jpeg,2026-07-04T05:00:29.999Z,2026-07-04T05:00:29.997Z,2026-08-18T05:00:29.997Z,https://uybor.uz/listings/1317116,2026-07-21 05:06:32
1317117,2026-07-21,sale,Квартира,,продам 3 комнатную квартиру на Буз1 художников.не торец.орентир единого окно Мирзо улугбекский район.,3,63.0,2,5,false,kapital,panel,87000.0,1046718750.0,USD,Ташкентская область,Ташкент,Мирзо-Улугбекский район,массив Буз-1,41.33239,69.33033,156,1,0,false,false,false,285873,9,https://api.uybor.uz/api/v1/media/n/17831419048151961.jpeg,2026-07-04T05:20:12.300Z,2026-07-04T05:20:12.299Z,2026-08-18T05:20:12.299Z,https://uybor.uz/listings/1317117,2026-07-21 05:06:32
1317118,2026-07-21,sale,Квартира,,"Просторная квартира с двумя лоджиями и 2 сан.узла.  С мебелью и бытовой техникой. Имеется своё парковочное место для авто. 
",3,147.0,3,4,false,evro,kirpich,195000.0,2346093750.0,USD,Ташкентская область,Ташкент,Яшнабадский район,улица Эльбека,41.297394,69.312668,101,0,0,false,false,false,62994,14,https://api.uybor.uz/api/v1/media/n/17831432150308563.jpeg,2026-07-04T05:34:43.790Z,2026-07-04T05:34:43.788Z,2026-08-18T05:34:43.788Z,https://uybor.uz/listings/1317118,2026-07-21 05:06:32
1317119,2026-07-21,sale,Квартира,,"Юнусабад 11. 3/4/4.ИПОТЕКА🔥
67м2.
Балкон 1.5/6
Ком. Смежно-раздельные
Без ремонта
Торец
Ориентир: 240 школа
5 минут Мегапланет, метро
Цена: 66.500
",3,67.0,4,4,false,kapital,panel,66500.0,800078125.0,USD,Ташкентская область,Ташкент,Юнусабадский район,11-й квартал,41.370537,69.28997,93,0,0,false,false,false,177179,8,https://api.uybor.uz/api/v1/media/n/17831485817391025.jpeg,2026-07-04T07:03:04.247Z,2026-07-04T07:03:04.246Z,2026-08-18T07:03:04.246Z,https://uybor.uz/listings/1317119,2026-07-21 05:06:32
1317120,2026-07-21,sale,Квартира,,"Юнусабад 12. 2/2/4.ИПОТЕКА🔥
46м2
Смежно-раздельные ком.
Кирпичный дом🔥
Новый Евро ремонт
С мебелью
Ориентир: Туркистон Метро
Цена: 69.900

",2,46.0,2,4,false,evro,kirpich,69900.0,840984375.0,USD,Ташкентская область,Ташкент,Юнусабадский район,12-й квартал,41.377663,69.294052,113,2,0,false,false,false,177179,9,https://api.uybor.uz/api/v1/media/n/17831491402546654.jpeg,2026-07-04T07:12:22.667Z,2026-07-04T07:12:22.666Z,2026-08-18T07:12:22.666Z,https://uybor.uz/listings/1317120,2026-07-21 05:06:32
1317121,2026-07-21,sale,Квартира,,"Рядом есть: Больница, поликлиника, Детская площадка, Детский сад, Остановки, Парк, зелёная зона, Развлекательные заведения, Рестораны, кафе, Стоянка, Супермаркет, магазины, Школа
",1,35.0,19,20,true,chernovaya,monolit,30000.0,360937500.0,USD,Ташкентская область,Ташкент,Алмазарский район,Silver tower TJM,41.359669,69.238861,248,4,0,false,false,false,285874,4,https://api.uybor.uz/api/v1/media/n/17831506062525093.jpeg,2026-07-04T07:39:30.980Z,2026-07-04T07:39:30.979Z,2026-08-18T07:39:30.979Z,https://uybor.uz/listings/1317121,2026-07-21 05:06:32
1317122,2026-07-21,sale,Квартира,,"Уй сотилади 11 хонали 6,5 сотих.Тошми постидан 2,5 км кирганда пишган гиштдан курилган газ сув светдан муаммо йок нархи 200.000 келишиладиган жойи бор уни уйи тепасида гаплашамиз 
",6+,350.0,2,2,false,chernovaya,kirpich,200000.0,2406250000.0,USD,Ташкентская область,населённый пункт Илгор,,кладбище Рамадан,41.374409,69.147964,191,1,1,false,false,false,285875,11,https://api.uybor.uz/api/v1/media/n/17831511297811287.jpg,2026-07-04T07:46:24.716Z,2026-07-04T07:46:24.715Z,2026-08-18T07:46:24.715Z,https://uybor.uz/listings/1317122,2026-07-21 05:06:32
1317125,2026-07-21,sale,Квартира,,"Квартира своя!
Продаём только на наличные деньги
Кирпичный дом, состоятие хорошее.
Есть в квартире:
Газ, свет, горячая вода, холодная вода, конализация, подвал.
Адрес:
р-н. Кибрай, пос. Салар, мах. Бобур (Лимонария)
Ориентир:
Сампи, Сельхоз, школа 25, Мечит, парк Локаматив , дет.сад, кафе-ресторан.",2,61.0,1,4,false,sredniy,kirpich,53000.0,637656250.0,USD,Ташкентская область,городской посёлок Салар,,городской посёлок Салар,41.375539,69.365858,170,0,1,false,false,false,285876,11,https://api.uybor.uz/api/v1/media/n/17831525157283574.jpeg,2026-07-04T08:19:24.504Z,2026-07-04T08:19:24.502Z,2026-08-18T08:19:24.502Z,https://uybor.uz/listings/1317125,2026-07-21 05:06:32
1317135,2026-07-21,sale,Дом,Частный дом,Uy sotiladi,4,235.0,,1,false,sredniy,kirpich,78000.0,938437500.0,USD,Ташкентская область,населённый пункт Кипчак,,улица Кипчок,41.375317,69.497276,149,1,0,false,false,false,285881,6,https://api.uybor.uz/api/v1/media/n/17831581879529488.jpg,2026-07-04T09:43:15.807Z,2026-07-04T09:43:15.805Z,2026-08-18T09:43:15.805Z,https://uybor.uz/listings/1317135,2026-07-21 05:06:32
1317139,2026-07-21,sale,Земельный участок,Жилой,"Дома уже 2 года никто не живёт! Планируем продать, может кому-то под строительство! С документами всё в порядке, проблем с наследниками не будет, дом свой! Цена за сотку 29900",,,,,false,,,125580.0,1510884375.0,USD,Ташкентская область,Ташкент,Мирабадский район,"3-й проезд Абдуллы Каххара, 93А",41.268925,69.265129,202,1,0,false,false,false,285892,9,https://api.uybor.uz/api/v1/media/n/17831825558673801.jpg,2026-07-04T16:31:20.320Z,2026-07-04T16:31:20.318Z,2026-08-18T16:31:20.318Z,https://uybor.uz/listings/1317139,2026-07-21 05:06:32
1317140,2026-07-21,sale,Дом,Частный дом,"На территории дома имеется зеленая зона и места для автомобиля
Отличная локация, развитая инфраструктура",5,200.0,,2,false,custom,kirpich,350000.0,4210937500.0,USD,Ташкентская область,Ташкент,Мирзо-Улугбекский район,"улица Махатмы Ганди, 14",41.313988,69.293861,225,0,1,false,false,false,284712,7,https://api.uybor.uz/api/v1/media/n/17831839484461089.jpg,2026-07-04T16:53:08.760Z,2026-07-04T16:53:08.758Z,2026-08-18T16:53:08.758Z,https://uybor.uz/listings/1317140,2026-07-21 05:06:32
1317144,2026-07-21,sale,Квартира,,yangi Dom 1etaj 3xonalik yeyro remont Xamma sharoitga ega mebillari bor kuxniya mebillerga ega aftamat kir moshina haladelnik 2ta kansaner 3ta telvezor vay faygacha bor uyga kirib yashab bersa buldi qolganini tel orqali gaplasham,3,57.0,1,5,false,evro,kirpich,600000000.0,7218750000000.0,USD,Кашкадарьинская область,махаллинский сход граждан Чаман,,"Mahalla chaman, 1/8",38.865705,65.855233,42,0,0,false,false,false,285903,5,https://api.uybor.uz/api/v1/media/n/17832069289051451.jpeg,2026-07-04T23:21:06.565Z,2026-07-04T23:21:06.563Z,2026-08-18T23:21:06.563Z,https://uybor.uz/listings/1317144,2026-07-21 05:06:32
1317147,2026-07-21,sale,Квартира,,"Премиальная 3-комнатная квартира в центре Ташкента! Просторная квартира с новым дизайнерским ремонтом, современной мебелью и всей необходимой бытовой техникой. Престижная локация, стильный интерьер и максимальный комфорт для жизни. Без комисси и процентов, продажа от собственника.  

Toshkent markazidagi premium 3 xonali kvartira! Yangi dizaynerlik ta'miri, zamonaviy mebellar va barcha zarur maishiy texnikalar bilan jihozlangan keng kvartira. Nufuzli joylashuv va maksimal qulaylik. Komissiya va foizlarsiz, mulkdorning o‘zidan sotish.  

Premium 3-Bedroom Apartment in Central Tashkent! Spacious apartment with a brand-new designer renovation, modern furniture, and fully equipped with high-quality appliances. Prime location and exceptional comfort. No commissions or interest, direct sale from the owner.
",3,90.0,1,2,false,evro,other,199999.0,2406237968.75,USD,Ташкентская область,Ташкент,Чиланзарский район,"улица Бешагач, 10А",41.305988,69.252083,73,0,0,false,false,false,285908,7,https://api.uybor.uz/api/v1/media/n/17832294816949462.jpeg,2026-07-05T05:31:34.201Z,2026-07-05T05:31:34.200Z,2026-08-19T05:31:34.200Z,https://uybor.uz/listings/1317147,2026-07-21 05:06:32
1317150,2026-07-21,sale,Земельный участок,Жилой,"Продаётся под жильё или застройку участок 12соток в дачном товариществе Катортол Газовик недалеко от Эшонгузара и Алгоритма, от метро Чиланзар ходит городской автобус . Участок ровный, прямоугольной формы. Все удобства газ, свет, вода, отопление, канализация, бассейн.",,,,,false,,,150000.0,1804687500.0,USD,Ташкентская область,населённый пункт Кахрамон,,улица Катортол Газовик,41.227501,69.131569,112,1,0,false,false,false,258541,7,https://api.uybor.uz/api/v1/media/n/17835185347667522.jpeg,2026-07-05T06:24:12.701Z,2026-07-05T06:24:12.700Z,2026-08-19T06:24:12.700Z,https://uybor.uz/listings/1317150,2026-07-21 05:06:32
1317151,2026-07-21,sale,Квартира,,"продаю чил р-он массив.домбрабад с.ремонтом бал 120х3 звонит ",1,30.0,2,2,false,custom,kirpich,38000.0,457187500.0,USD,Ташкентская область,Ташкент,Чиланзарский район,массив Домбрабад,41.262508,69.210358,150,2,0,false,false,false,166493,3,https://api.uybor.uz/api/v1/media/n/17832344887314665.jpg,2026-07-05T06:56:40.568Z,2026-07-05T06:56:40.567Z,2026-08-19T06:56:40.567Z,https://uybor.uz/listings/1317151,2026-07-21 05:06:32
1317152,2026-07-21,sale,Квартира,,"Продажа квартиры,
Район -  Чиланзар - 11
Ориентир - Шер кафе
Комнат - 1×2
Этаж - 2
Этажность - 4
Площадь м² - 33
Состояние - среднее 
Описание - панель, балкон  1,5×3 метра, санузел раздельный
Цена - 51.200
Кристина +",1,33.0,2,4,false,sredniy,panel,51200.0,616000000.0,USD,Ташкентская область,Ташкент,Учтепинский район,11-й квартал,41.278355,69.192505,138,1,0,false,false,false,67829,7,https://api.uybor.uz/api/v1/media/n/17832376029202432.jpeg,2026-07-05T07:46:44.657Z,2026-07-05T07:46:44.656Z,2026-08-19T07:46:44.656Z,https://uybor.uz/listings/1317152,2026-07-21 05:06:32
1317153,2026-07-21,sale,Квартира,,"Продажа квартиры
Район - Чиланзар - 23
Ориентир - Фархадский 
Комнат - 1
Этаж - 3
Этажность - 5
Площадь м² - 42
Состояние - косметика 
Описание - кирпич, балкон - 2×6 метра, санузел совмещён, мебель и техника
Цена - 52.900
Кристина +",1,42.0,3,4,false,sredniy,kirpich,52900.0,636453125.0,USD,Ташкентская область,Ташкент,Учтепинский район,26-й квартал,41.276863,69.178696,171,1,0,false,false,false,67829,9,https://api.uybor.uz/api/v1/media/n/17832379618397702.jpeg,2026-07-05T07:52:43.608Z,2026-07-05T07:52:43.606Z,2026-08-19T07:52:43.606Z,https://uybor.uz/listings/1317153,2026-07-21 05:06:32
1317154,2026-07-21,sale,Квартира,,"Продажа квартиры,
Район -  Чиланзар - 11
Ориентир - Аль-Хорезми 
Комнат - 1×2
Этаж - 2
Этажность - 5
Площадь м² - 33
Состояние - Евроремонт 
Описание - панель, балкон  1,5×3 метра, санузел раздельный, с мебелью и техникой 
Цена - 59.200
",1,33.0,2,5,false,evro,panel,59200.0,712250000.0,USD,Ташкентская область,Ташкент,Учтепинский район,11-й квартал,41.278355,69.192505,171,0,0,false,false,false,67829,9,https://api.uybor.uz/api/v1/media/n/17832383508533012.jpeg,2026-07-05T07:59:13.185Z,2026-07-05T07:59:13.184Z,2026-08-19T07:59:13.184Z,https://uybor.uz/listings/1317154,2026-07-21 05:06:32
1317155,2026-07-21,sale,Квартира,,"Продажа квартиры
Район - Чиланзар - 6
Ориентир - Парус
Комнат - 1
Этаж - 2
Этажность - 4
Площадь м² - 30
Состояние - косметика 
Описание - кирпич, балкон - 1,2×3 метра, санузел совмещён, мебель и техника
Цена - 53.999
Кристина +",1,30.0,2,4,false,sredniy,kirpich,53999.0,649675468.75,USD,Ташкентская область,Ташкент,Чиланзарский район,6-й квартал,41.286945,69.211113,189,1,0,false,false,false,67829,8,https://api.uybor.uz/api/v1/media/n/17832387065151212.jpeg,2026-07-05T08:05:08.293Z,2026-07-05T08:05:08.291Z,2026-08-19T08:05:08.291Z,https://uybor.uz/listings/1317155,2026-07-21 05:06:32
1317156,2026-07-21,sale,Квартира,,"61.000 y.e
2/3х3комнатная на Юнусобод

Ориентир: Шифонур / Американский посолство 54-дом
Район: Юнусобод
Комнаты: 3
Этаж: 4
Этажность: 4
Площадь: 50 м2
Цена: 61.000 у.е.
#2/3ком",2,50.0,4,4,false,sredniy,panel,61000.0,733906250.0,USD,Ташкентская область,Ташкент,Юнусабадский район,"4-й квартал, 54",41.365833,69.277191,228,5,0,false,false,false,285922,6,https://api.uybor.uz/api/v1/media/n/17832471600147770.JPG,2026-07-05T10:26:45.385Z,2026-07-05T10:26:45.384Z,2026-08-19T10:26:45.384Z,https://uybor.uz/listings/1317156,2026-07-21 05:06:32
1317157,2026-07-21,sale,Квартира,,Бир хонали уй сотилади,1,46.0,4,4,false,custom,blok,19000.0,228593750.0,USD,Бухарская область,Бухара,,массив Шарк-1,39.76416,64.454544,180,0,1,false,false,false,285923,4,https://api.uybor.uz/api/v1/media/n/17832496030313361.jpg,2026-07-05T11:09:27.084Z,2026-07-05T11:09:27.083Z,2026-08-19T11:09:27.083Z,https://uybor.uz/listings/1317157,2026-07-21 05:06:32
1317158,2026-07-21,sale,Квартира,,"Сотилади 3 хонали квартира:

* 4 қаватли ғиштли уйнинг 3-қавати
* Майдони: 75 кв.м
* 2 та балкон.
Катта балкон: 6,8 × 2,2 м
* Милицейский дом - Тинч жой
* Максим Горький метрога битта транспортда етиб борилади
* Троицкийга яқин
* Таъмири: ўртача (средний)

Телефон: +998996318502",3,75.0,3,4,false,sredniy,kirpich,59000.0,709843750.0,USD,Ташкентская область,Чирчик,,"проспект Алишера Навои, 95",41.441959,69.553627,154,0,0,false,false,false,285924,3,https://api.uybor.uz/api/v1/media/n/17832502770267242.jpeg,2026-07-05T11:18:47.938Z,2026-07-05T11:18:47.937Z,2026-08-19T11:18:47.937Z,https://uybor.uz/listings/1317158,2026-07-21 05:06:32
1317160,2026-07-21,sale,Земельный участок,Жилой,"8 сотих ер майдони
5 та хона
Кадастр ҳужжатлари тайёр
2015 йил қурилган
Таъмири ўрта ҳолатда
Газ, электр ва ичимлик суви мавжуд
Асфальт йўл бўйида, маҳалла тинч ва инфратузилмаси яхши
Уй оилавий яшаш учун жуда қулай. Ҳужжатлари жойида, олди-сотдига тайёр.
💰 Нархи: 94000 АҚШ доллари. Жиддий харидорлар билан нарх келишилади.
",,,,,false,,,94000.0,1130937500.0,USD,Ташкентская область,село Яварлик,,Ташкентский район,41.429405,69.234515,133,0,0,false,false,false,285929,5,https://api.uybor.uz/api/v1/media/n/17832566578422513.jpeg,2026-07-05T13:04:47.291Z,2026-07-05T13:04:47.290Z,2026-08-19T13:04:47.290Z,https://uybor.uz/listings/1317160,2026-07-21 05:06:32
1317165,2026-07-21,sale,Квартира,,"2х хонали студия 77.44 кв шувок стяшка газ сув счетчик wi-fi тв тел бор +
",studio,77.4,1,5,false,chernovaya,kirpich,77400.0,931218750.0,USD,Самаркандская область,Самарканд,,"Узбекистанская улица, 116A",39.639217,66.939003,115,0,0,false,false,false,285889,7,https://api.uybor.uz/api/v1/media/n/17832748601459507.jpg,2026-07-05T18:08:58.575Z,2026-07-05T18:08:58.573Z,2026-08-19T18:08:58.573Z,https://uybor.uz/listings/1317165,2026-07-21 05:06:32
1317167,2026-07-21,sale,Квартира,,"Kvartira sotiladi yunusobod 2 kvartil 
Arinter intranservis ",1,27.0,4,4,false,sredniy,kirpich,36800.0,442750000.0,USD,Ташкентская область,Ташкент,Юнусабадский район,2-й квартал,41.361214,69.285667,132,1,0,false,false,false,279989,4,https://api.uybor.uz/api/v1/media/n/17832758499089742.jpg,2026-07-05T18:27:11.005Z,2026-07-05T18:27:11.004Z,2026-08-19T18:27:11.004Z,https://uybor.uz/listings/1317167,2026-07-21 05:06:32
1317168,2026-07-21,sale,Квартира,,"СРОЧНО ПРОДАЮ СВОЯ 
Чиланзар-1 кв, 40-дом,
3/3/4 ВЫСОКОПОТОЛОЧЬНЫЙ,
Евроремонт, с мебелью и техникой, 
2 балкона, 2х7 и 1х3, 
Переделн. - в-4, 
Домофон 
Видео наблюдения
Ор-р: ул. Гагарин. 103-школа 
Цена-137 000 у, е.",4,87.0,3,4,false,evro,kirpich,137000.0,1648281250.0,USD,Ташкентская область,Ташкент,Чиланзарский район,"1-й квартал, 40",41.281342,69.228363,47,2,0,false,false,false,285940,3,https://api.uybor.uz/api/v1/media/n/17832793435232992.jpg,2026-07-05T19:23:04.686Z,2026-07-05T19:23:04.685Z,2026-08-19T19:23:04.685Z,https://uybor.uz/listings/1317168,2026-07-21 05:06:32
1317169,2026-07-21,sale,Квартира,,"Срочно продаётся своя 2-комнатная квартира рядом с Паркентским базаром ",2,57.0,9,9,false,sredniy,panel,57000.0,685781250.0,USD,Ташкентская область,Ташкент,Яшнабадский район,Яшнабадский район,41.283463,69.339798,49,0,0,false,false,false,282200,6,https://api.uybor.uz/api/v1/media/n/17832831361007948.jpeg,2026-07-05T20:25:48.142Z,2026-07-05T20:25:48.141Z,2026-08-19T20:25:48.141Z,https://uybor.uz/listings/1317169,2026-07-21 05:06:32
1317170,2026-07-21,sale,Земельный участок,Жилой,Ховли сотилади.  Манзил: Самарканд вилояти Каттакурган тумани Чагатой мфй . Ёр майдони 21. мурожат учун : +,,,,,false,,,70000.0,842187500.0,USD,Самаркандская область,Каттакурган,,улица Самарканд,39.915508,66.255119,53,0,0,false,false,false,285941,4,https://api.uybor.uz/api/v1/media/n/17832831925645329.jpg,2026-07-05T20:31:20.412Z,2026-07-05T20:31:20.411Z,2026-08-19T20:31:20.411Z,https://uybor.uz/listings/1317170,2026-07-21 05:06:32
1317171,2026-07-21,sale,Квартира,,"Продажа квартиры
Район - Чиланзар - Новза
Ориентир - Мукими
Комнат - 1
Этаж - 2
Этажность - 4
Площадь м² - 30
Состояние - с ремонтом 
Описание - кирпич, балкон - 1,2×3 метра, санузел совмещён, мебель и техника
Цена - 56.300
Кристина +",1,30.0,2,101,false,sredniy,kirpich,56300.0,677359375.0,USD,Ташкентская область,Ташкент,Чиланзарский район,Новза,41.291874,69.22361,51,0,0,false,false,false,67829,7,https://api.uybor.uz/api/v1/media/n/17833005274255161.jpeg,2026-07-06T01:15:29.374Z,2026-07-06T01:15:29.373Z,2026-08-20T01:15:29.373Z,https://uybor.uz/listings/1317171,2026-07-21 05:06:32
1317172,2026-07-21,sale,Квартира,,"Продажа квартиры, Новостройка 
Район - Чиланзар - Новза
Ориентир - Новза, Aliev Gold 
Комнат - 4
Этаж - 2
Этажность - 7
Площадь м² - 90
Состояние - Евроремонт 
Описание - кирпич, комнаты и санузел раздельный, с мебелью и техникой 
Цена - 143.500
Кристина +",4,90.0,2,7,true,custom,kirpich,143500.0,1726484375.0,USD,Ташкентская область,Ташкент,Чиланзарский район,Новза,41.291874,69.22361,58,0,0,false,false,false,67829,9,https://api.uybor.uz/api/v1/media/n/17833008861276705.jpeg,2026-07-06T01:21:28.209Z,2026-07-06T01:21:28.207Z,2026-08-20T01:21:28.207Z,https://uybor.uz/listings/1317172,2026-07-21 05:06:32
1317173,2026-07-21,sale,Квартира,,"Продажа квартиры, Высокопотолочка 
Район -  Чиланзар - 1
Ориентир - Аллея Гагарина 
Комнат - 3×4
Этаж - 3
Этажность - 4
Площадь м² - 86
Состояние - Евроремонт 
Описание - кирпич, два балкона - 2×7 и 1×3 метра, комнаты раздельные, санузел совмещён, с мебелью и техникой, видеонаблюдение 
Цена - 137.200
Кристина +",3,86.0,3,4,false,custom,kirpich,137200.0,1650687500.0,USD,Ташкентская область,Ташкент,Чиланзарский район,1-й квартал,41.284649,69.228806,43,0,0,false,false,false,67829,10,https://api.uybor.uz/api/v1/media/n/17833017893676967.jpeg,2026-07-06T01:36:31.267Z,2026-07-06T01:36:31.266Z,2026-08-20T01:36:31.266Z,https://uybor.uz/listings/1317173,2026-07-21 05:06:32
1317174,2026-07-21,sale,Квартира,,"Продажа квартиры
Район -  Чиланзар - 1
Ориентир - Мукими
Комнат - 2
Этаж - 4
Этажность - 4
Площадь м² - 50
Состояние - чистая
Описание - кирпич, балкон - 2×4 метра, комнаты смежные, санузел совмещён
Цена - 65.400
Кристина +",2,50.0,4,4,false,sredniy,kirpich,65400.0,786843750.0,USD,Ташкентская область,Ташкент,Чиланзарский район,1-й квартал,41.284649,69.228806,115,0,2,false,false,false,67829,9,https://api.uybor.uz/api/v1/media/n/17833027821543652.jpeg,2026-07-06T01:53:04.291Z,2026-07-06T01:53:04.289Z,2026-08-20T01:53:04.289Z,https://uybor.uz/listings/1317174,2026-07-21 05:06:32
1317175,2026-07-21,sale,Квартира,,"Продажа квартиры,
Район -  Чиланзар - 19
Ориентир - Макаронка
Комнат - 2×3
Этаж - 1
Этажность - 4
Площадь м² - 52
Состояние - Евроремонт 
Описание - панель, балкон  1,5×3 метра, комнаты зеркальные, санузел раздельный, с мебелью и техникой 
Цена - 76.900
",2,52.0,1,4,false,custom,panel,76900.0,925203125.0,USD,Ташкентская область,Ташкент,Чиланзарский район,19-й квартал,41.269955,69.186157,43,0,0,false,false,false,67829,9,https://api.uybor.uz/api/v1/media/n/17833036273169380.jpeg,2026-07-06T02:07:58.378Z,2026-07-06T02:07:58.376Z,2026-08-20T02:07:58.376Z,https://uybor.uz/listings/1317175,2026-07-21 05:06:32
1317176,2026-07-21,sale,Квартира,,"Продажа квартиры,
Район -  Чиланзар - 11
Ориентир - Шер кафе
Комнат - 2×3
Этаж - 1
Этажность - 4
Площадь м² - 47
Состояние - Евроремонт 
Описание - панель, балкон  1,5×3 метра, комнаты смежные, санузел раздельный, с мебелью и техникой, подвал, огород 
Цена - 74.200
Кристина +",2,47.0,1,4,false,evro,panel,74200.0,892718750.0,USD,Ташкентская область,Ташкент,Чиланзарский район,19-й квартал,41.269955,69.186157,45,0,0,false,false,false,67829,9,https://api.uybor.uz/api/v1/media/n/17833041202268674.jpeg,2026-07-06T02:15:24.241Z,2026-07-06T02:15:24.240Z,2026-08-20T02:15:24.240Z,https://uybor.uz/listings/1317176,2026-07-21 05:06:32
1317177,2026-07-21,sale,Квартира,,"Продажа квартиры, ДУПЛЕКС Новостройка 
Район -  Чиланзар - Алгоритм
Ориентир - ИЗЗА, Шерхон
Комнат - 7
Этаж - 1
Этажность - 3
Площадь м² - 200
Состояние - Евроремонт 
Описание - кирпич, комнаты раздельные, 4-санузла, мебель и техника 
Цена - 190.000
Кристина +",6+,2001.0,1,3,true,custom,kirpich,190000.0,2285937500.0,USD,Ташкентская область,Ташкент,Учтепинский район,улица Изза,41.281517,69.155167,46,0,0,false,false,false,67829,10,https://api.uybor.uz/api/v1/media/n/17833046864661630.jpeg,2026-07-06T02:25:10.251Z,2026-07-06T02:25:10.250Z,2026-08-20T02:25:10.250Z,https://uybor.uz/listings/1317177,2026-07-21 05:06:32
1317178,2026-07-21,sale,Квартира,,"Продажа квартиры,
Район -  Чиланзар - 13
Ориентир - Атлант, Арка
Комнат - 2
Этаж - 3
Этажность - 4
Площадь м² - 49
Состояние - с ремонтом 
Описание - панель, балкон  1,5×3 метра, комнаты зеркальные, санузел раздельный, мебель и техника 
Цена - 67.800
",2,49.0,3,4,false,sredniy,panel,67800.0,815718750.0,USD,Ташкентская область,Ташкент,Учтепинский район,13-й квартал,41.291187,69.186234,46,0,0,false,false,false,67829,9,https://api.uybor.uz/api/v1/media/n/17833051522628546.jpeg,2026-07-06T02:32:33.993Z,2026-07-06T02:32:33.991Z,2026-08-20T02:32:33.991Z,https://uybor.uz/listings/1317178,2026-07-21 05:06:32
1317179,2026-07-21,sale,Квартира,,"СРОЧНО | ПРОДАЁТСЯ

2-комнатная квартира

ЛОКАЦИЯ
Район: Чиланзар
Махалля: Казирабад
Ориентир: 16-Гор. Больница

ОБ ОБЪЕКТЕ:
• Количество комнат: 2
• Этаж: 2
• Этажность дома: 9
• Балкона: 0.90 х7.70 м
• Общая площадь: 60м²
• Материал дома: монолит
• Планировка: Французская, всё разлельно
• Состояние квартиры: среднее
• Общий коридор
• Кладовка
• Парковочное место

ЦЕНА:
816 000 000 сум | 68 000 у.е.

ПРЕИМУЩЕСТВА:

- Удобное расположение: рядом станция метро «Чиланзар», супермаркет Korzinka, 16-я городская больница, 33-я поликлиника, Медицинский колледж и другие объекты инфраструктуры.
- Отличная транспортная развязка
",2,59.0,2,9,false,kapital,monolit,68000.0,818125000.0,USD,Ташкентская область,Ташкент,Чиланзарский район,метро Чиланзар,41.274357,69.20491,59,1,0,false,false,false,130778,8,https://api.uybor.uz/api/v1/media/n/17833073385989560.jpeg,2026-07-06T03:09:04.276Z,2026-07-06T03:09:04.275Z,2026-08-20T03:09:04.275Z,https://uybor.uz/listings/1317179,2026-07-21 05:06:32
1317180,2026-07-21,sale,Квартира,,"Продается 2(3)-комнатная квартира в новостройке, 2(3)/11/16 -133 000 у.е в ЖК OzMakon от Golden House, ул.Фаргона-йули. Ориентир: УзБУМ,Первушка. Монолитный дом, площадь 54 м²..Состояние: евроремонт,мебель,техника.",2,54.0,11,16,true,evro,monolit,133000.0,1600156250.0,USD,Ташкентская область,Ташкент,Мирабадский район,O'zmakon TJM,41.291019,69.297943,29,0,0,false,false,false,43671,10,https://api.uybor.uz/api/v1/media/n/17833102293114282.jpg,2026-07-06T03:57:13.420Z,2026-07-06T03:57:13.418Z,2026-08-20T03:57:13.418Z,https://uybor.uz/listings/1317180,2026-07-21 05:06:32
1317181,2026-07-21,sale,Квартира,," Продается 3-комнатная квартира в Ташкент Сити,ЖК Nest One. 3/32/51 - 230 000 у.е. Площадь 79 м².Состояние: коробка.Вид на Консерваторию.",3,79.0,32,51,true,chernovaya,monolit,230000.0,2767187500.0,USD,Ташкентская область,Ташкент,Шайхантахурский район,жилой комплекс Nest One,41.312058,69.251816,100,1,0,false,false,false,43671,5,https://api.uybor.uz/api/v1/media/n/17833103113273832.jpg,2026-07-06T03:58:34.957Z,2026-07-06T03:58:34.955Z,2026-08-20T03:58:34.955Z,https://uybor.uz/listings/1317181,2026-07-21 05:06:32
1317182,2026-07-21,sale,Квартира,,"Продается 3-комнатная квартира в новостройке, 3/9/10 - 110 000 у.е в ЖК Via Port, на ул.А.Каххара (ул.Заводская). Ориентир: ресторан Челси.Площадь 67,4 м².Состояние: коробка,межкомнатные стены.Кадастр в ожидании.",3,67.4,9,10,true,chernovaya,kirpich,110000.0,1323437500.0,USD,Ташкентская область,Ташкент,Яккасарайский район,Via port turar-joy majmuasi,41.284283,69.257584,57,0,0,false,false,false,43671,7,https://api.uybor.uz/api/v1/media/n/17833104059475177.jpg,2026-07-06T04:00:09.423Z,2026-07-06T04:00:09.422Z,2026-08-20T04:00:09.422Z,https://uybor.uz/listings/1317182,2026-07-21 05:06:32
1317183,2026-07-21,sale,Квартира,,"Продается 3-комнатная квартира в новостройке, 3/10/25 - 210 000 у.е в ЖК Modera Towers, на ул.Ш.Руставели. ориентир: Отель Grand Mir,ул.Ивлева.Площадь 57 м².Состояние: евроремонт,мебель,техника.Угловая,вид на ЖК Мирабад Авеню и Пирамит.",3,57.0,10,25,true,evro,monolit,210000.0,2526562500.0,USD,Ташкентская область,Ташкент,Яккасарайский район,Modera Towers turar-joy majmuasi,41.292339,69.263664,47,0,0,false,false,false,43671,10,https://api.uybor.uz/api/v1/media/n/17833104989497833.jpg,2026-07-06T04:01:42.276Z,2026-07-06T04:01:42.275Z,2026-08-20T04:01:42.275Z,https://uybor.uz/listings/1317183,2026-07-21 05:06:32
1317184,2026-07-21,sale,Квартира,,"Продается 2-комнатная квартира в новостройке,2/7/9-98 000 у.е на Паркентском, ЖК Parkent Avenue. Ориентир: кафе Pelikan.Площадь 61 м²,Состояние: евроремонт,мебель,техника.Возможна ипотека.",2,61.0,7,9,true,evro,kirpich,98000.0,1179062500.0,USD,Ташкентская область,Ташкент,Мирзо-Улугбекский район,жилой комплекс Паркент Авеню,41.310589,69.337097,50,0,0,false,false,false,43671,9,https://api.uybor.uz/api/v1/media/n/17833105715966444.jpg,2026-07-06T04:02:54.919Z,2026-07-06T04:02:54.917Z,2026-08-20T04:02:54.917Z,https://uybor.uz/listings/1317184,2026-07-21 05:06:32
1317185,2026-07-21,sale,Квартира,,"Продается 2-комнатная квартира в новостройке,2/3/9-88 000 у.е на Паркентском, ЖК Parkent Avenue. Ориентир: кафе Pelikan.Площадь 51 м²,Состояние: евроремонт,мебель,техника.Возможна ипотека.",2,51.0,3,9,true,evro,kirpich,88000.0,1058750000.0,USD,Ташкентская область,Ташкент,Мирзо-Улугбекский район,жилой комплекс Паркент Авеню,41.310589,69.337097,46,1,0,false,false,false,43671,10,https://api.uybor.uz/api/v1/media/n/17833106163618106.jpg,2026-07-06T04:03:39.865Z,2026-07-06T04:03:39.864Z,2026-08-20T04:03:39.864Z,https://uybor.uz/listings/1317185,2026-07-21 05:06:32
1317186,2026-07-21,sale,Квартира,,"Продается 3-комнатная квартира в новостройке,3/3/10-155 000 у.е, в ЖК Яккасарай Сити Молл. Ориентир: МКАД,ул.Ш.Руставели,Братский Мемориал. Кирпичный дом, 90 м²+5 м² открытый балкон..Евроремонт, мебель,техника.Охраняемый двор,детская площадка.",3,90.0,3,10,true,evro,monolit,155000.0,1864843750.0,USD,Ташкентская область,Ташкент,Яккасарайский район,жилой комплекс Яккасарой сити молл,41.265511,69.236862,49,0,0,false,false,false,43671,10,https://api.uybor.uz/api/v1/media/n/17833106975917014.jpg,2026-07-06T04:05:01.245Z,2026-07-06T04:05:01.243Z,2026-08-20T04:05:01.243Z,https://uybor.uz/listings/1317186,2026-07-21 05:06:32
1317187,2026-07-21,sale,Дом,Частный дом,"Продается дом-коробка, 3-уровня,6-комнат, 2,3-сотки, 300 м² - 79 000 у.е. Сергелийский район, ул.Янги Сергели. Ориентир: Южный Вокзал. Состояние: коробка.Все коммуникации.",6+,300.0,,2,false,chernovaya,kirpich,79000.0,950468750.0,USD,Ташкентская область,Ташкент,Сергелийский район,улица Янги Сергели,41.229137,69.218506,91,0,1,false,false,false,43671,7,https://api.uybor.uz/api/v1/media/n/17833108846634713.jpg,2026-07-06T04:08:08.026Z,2026-07-06T04:08:08.025Z,2026-08-20T04:08:08.025Z,https://uybor.uz/listings/1317187,2026-07-21 05:06:32
1317188,2026-07-21,sale,Дом,Частный дом,"Продается дом в Мирзо-Улугбекском районе, на ул.Циолковского, ориентир: ресторан Султан Сулейман. 5-комнат, 3-уровня, 2-сотки, 242 м² вместе с подвалом, 3 с/у - 350 000 у.е  Новый ремонт.Видеонаблюдение по участку.В подвале имеется 1 большая комната и котельная.Парковка на 4 машины.",5,242.0,,2,false,evro,kirpich,350000.0,4210937500.0,USD,Ташкентская область,Ташкент,Мирзо-Улугбекский район,улица Олтинтепа,41.317902,69.339294,61,1,1,false,false,false,43671,10,https://api.uybor.uz/api/v1/media/n/17833110133856332.jpg,2026-07-06T04:10:17.269Z,2026-07-06T04:10:17.267Z,2026-08-20T04:10:17.267Z,https://uybor.uz/listings/1317188,2026-07-21 05:06:32
1317189,2026-07-21,sale,Квартира,,"Продается 4-комнатная квартира в новостройке, 4/14/15-210 000 у.е, на м.Буюк Ипак Йули, в ЖК Regnum Plaza на ул.Сайрам. Ориентир: Бузбазар.Застройщик Murad Buildings,Монолитный дом, площадь 106 м². Состояние: коробка,White Box.Кадастр есть.",4,106.0,14,15,true,chernovaya,monolit,210000.0,2526562500.0,USD,Ташкентская область,Ташкент,Мирзо-Улугбекский район,жилой комплекс Regnum Plaza,41.331455,69.32309,113,0,0,false,false,false,43671,7,https://api.uybor.uz/api/v1/media/n/17833111388194268.jpg,2026-07-06T04:12:22.578Z,2026-07-06T04:12:22.576Z,2026-08-20T04:12:22.576Z,https://uybor.uz/listings/1317189,2026-07-21 05:06:32
1317190,2026-07-21,sale,Квартира,,"Продается 2-комнатная квартира в новостройке ЖК Vita Stroy, 2/3/8-73 000 у.е на Паркентском.. Кирпичный дом. Площадь 51 м²,. Состояние: средний ремонт.Возможна частичная ипотека.",2,51.0,3,8,true,sredniy,kirpich,73000.0,878281250.0,USD,Ташкентская область,Ташкент,Мирзо-Улугбекский район,жилой комплекс Вита,41.310257,69.335884,102,0,0,false,false,false,43671,6,https://api.uybor.uz/api/v1/media/n/17833112255352927.jpg,2026-07-06T04:13:48.697Z,2026-07-06T04:13:48.695Z,2026-08-20T04:13:48.695Z,https://uybor.uz/listings/1317190,2026-07-21 05:06:32
1317191,2026-07-21,sale,Квартира,,"Продается 2-комнатная квартира в новостройке ЖК Vita Stroy, 2/3/8-70 000 у.е на Паркентском.. Кирпичный дом. Площадь 46 м²,. Состояние: средний ремонт.Возможна частичная ипотека.",2,46.0,3,8,true,sredniy,kirpich,70000.0,842187500.0,USD,Ташкентская область,Ташкент,Мирзо-Улугбекский район,жилой комплекс Вита,41.310257,69.335884,57,0,0,false,false,false,43671,5,https://api.uybor.uz/api/v1/media/n/17833112754614539.jpg,2026-07-06T04:14:39.162Z,2026-07-06T04:14:39.162Z,2026-08-20T04:14:39.162Z,https://uybor.uz/listings/1317191,2026-07-21 05:06:32
1317192,2026-07-21,sale,Квартира,,"Продается 2-комнатная квартира в новостройке ЖК Assalom Bog'lar от Golden House, 2/7/12-86 000 у.е на ул.Шахриабад,ориентир: Ялангач,бывшая Налоговая. Монолитный дом, площадь 53 м².Состояние: ремонт от застройщика.Кадастр есть.",2,53.0,7,12,true,chernovaya,monolit,86000.0,1034687500.0,USD,Ташкентская область,Ташкент,Мирзо-Улугбекский район,Assalom Bog'lar TJM,41.349972,69.329308,113,0,0,false,false,false,43671,10,https://api.uybor.uz/api/v1/media/n/17833113813903637.jpg,2026-07-06T04:16:25.186Z,2026-07-06T04:16:25.185Z,2026-08-20T04:16:25.185Z,https://uybor.uz/listings/1317192,2026-07-21 05:06:32
1317193,2026-07-21,sale,Квартира,,"Продается 1-комнатная квартира в новостройке,1/9/14 -135 000 у.е в ЖК Green Island от Ulkan Development, ул.С.Азимова,Ц-1.Площадь 38 м².Состояние: евроремонт,мебель,техника.",1,38.0,9,14,true,evro,monolit,135000.0,1624218750.0,USD,Ташкентская область,Ташкент,Яшнабадский район,улица Садыка Азимова,41.30444,69.288979,61,0,0,false,false,false,43671,10,https://api.uybor.uz/api/v1/media/n/17833122231161444.jpg,2026-07-06T04:30:26.644Z,2026-07-06T04:30:26.642Z,2026-08-20T04:30:26.642Z,https://uybor.uz/listings/1317193,2026-07-21 05:06:32
1317194,2026-07-21,sale,Квартира,,"Продается 2(3)-комнатная квартира,2(3)/3/4-125 000 у.е. на ул.Новомосковская, ориентир: кафе БОН. Кирпичный дом,площадь 60 м²,2 с/у.Состояние: евроремонт,мебель,техника.77-серия.",2,60.0,3,4,false,evro,kirpich,125000.0,1503906250.0,USD,Ташкентская область,Ташкент,Мирзо-Улугбекский район,улица Аккурган,41.327229,69.304703,67,0,0,false,false,false,43671,10,https://api.uybor.uz/api/v1/media/n/17833122824439375.jpg,2026-07-06T04:31:26.405Z,2026-07-06T04:31:26.404Z,2026-08-20T04:31:26.404Z,https://uybor.uz/listings/1317194,2026-07-21 05:06:32
1317195,2026-07-21,sale,Квартира,,"Продается 3-комнатная квартира, 3/4/9-95 000 у.е  на Паркентском, массив Риезий. Площадь 70 м². Состояние: ремонт,мебель,техника.Французская планировка.",3,70.0,4,9,false,evro,panel,95000.0,1142968750.0,USD,Ташкентская область,Ташкент,Яшнабадский район,массив Мавлоно Риёзи,41.312588,69.326088,62,0,0,false,false,false,43671,7,https://api.uybor.uz/api/v1/media/n/17833123539024693.jpg,2026-07-06T04:32:39.730Z,2026-07-06T04:32:39.728Z,2026-08-20T04:32:39.728Z,https://uybor.uz/listings/1317195,2026-07-21 05:06:32
1317196,2026-07-21,sale,Квартира,,"Продается 3-комнатная квартира в новостройке, 3/4/5-113 000 у.е  на Паркентском.Ориентир: Завод Шампанских Вин,школа №307. Кирпичный дом. Площадь 92 м².Состояние: с ремонтом.Без лифта.",3,92.0,4,5,true,evro,kirpich,113000.0,1359531250.0,USD,Ташкентская область,Ташкент,Яшнабадский район,улица Султанали Машхади,41.311062,69.31974,63,0,0,false,false,false,43671,5,https://api.uybor.uz/api/v1/media/n/17833124348197692.jpg,2026-07-06T04:33:59.349Z,2026-07-06T04:33:59.348Z,2026-08-20T04:33:59.348Z,https://uybor.uz/listings/1317196,2026-07-21 05:06:32
1317197,2026-07-21,sale,Квартира,,"Продается 4-комнатная квартира,4/2/4-160 000 у.е на м.Космонавтов.Ориентир: Корзинка МВД. Площадь 80 м².Кирпичный дом.Состояние: средний ремонт.2-линия.",4,80.0,2,4,false,sredniy,kirpich,160000.0,1925000000.0,USD,Ташкентская область,Ташкент,Яккасарайский район,Космонавтов,41.305161,69.264793,62,0,0,false,false,false,43671,8,https://api.uybor.uz/api/v1/media/n/17833124962284517.jpg,2026-07-06T04:34:59.571Z,2026-07-06T04:34:59.569Z,2026-08-20T04:34:59.569Z,https://uybor.uz/listings/1317197,2026-07-21 05:06:32
1317198,2026-07-21,sale,Квартира,,"Продается 3-комнатная квартира-дуплекс в новостройке,3/9-10/10-125 000 у.е, на ул.Махтумкули, ЖК  Poytaxt Residence. Ориентир: IT парк, с/м Макро. Кирпичный дом, 90 м²,2 с/у.Терраса.Состояние: ремонт,мебель,техника.Благоустроенный двор,детская площадка.Подземный паркинг.",3,90.0,9,10,false,evro,monolit,125000.0,1503906250.0,USD,Ташкентская область,Ташкент,Яшнабадский район,улица Махтумкули,41.304623,69.310181,71,0,0,false,false,false,43671,10,https://api.uybor.uz/api/v1/media/n/17833125808037162.jpg,2026-07-06T04:36:24.262Z,2026-07-06T04:36:24.261Z,2026-08-20T04:36:24.261Z,https://uybor.uz/listings/1317198,2026-07-21 05:06:32
1317199,2026-07-21,sale,Квартира,,"Продается 1-комнатная квартира в новостройке, 1/10/16- 95 000 у.е в ЖК Истанбул Сити, на ул.А.Каххара. Состояние: ремонт,мебель,техника.. Площадь 33 м².Кадастр ожидается.",1,33.0,10,16,true,evro,monolit,95000.0,1142968750.0,USD,Ташкентская область,Ташкент,Яккасарайский район,жилой комплекс Стамбул Сити,41.274841,69.265976,72,0,0,false,false,false,43671,10,https://api.uybor.uz/api/v1/media/n/17833127609129078.jpg,2026-07-06T04:39:24.533Z,2026-07-06T04:39:24.532Z,2026-08-20T04:39:24.532Z,https://uybor.uz/listings/1317199,2026-07-21 05:06:32
1317200,2026-07-21,sale,Квартира,," Продается 3-комнатная квартира-дуплекс в новостройке, 3/0-1/8-191 000 у.е в ЖК Barocco, ул.Ниёзбек-йули, ориентир: Гидрометцентр, м.Минор. Состояние: коробка. Площадь 196 м².Потолки 3,20 м.Закрытый, охраняемый 24/7 двор.",3,196.0,1,8,false,chernovaya,kirpich,191000.0,2297968750.0,USD,Ташкентская область,Ташкент,Юнусабадский район,улица Ниёзбек Йули,41.323963,69.291359,158,0,0,false,false,false,43671,10,https://api.uybor.uz/api/v1/media/n/17833128518186965.jpg,2026-07-06T04:40:55.324Z,2026-07-06T04:40:55.323Z,2026-08-20T04:40:55.323Z,https://uybor.uz/listings/1317200,2026-07-21 05:06:32
1317201,2026-07-21,sale,Квартира,,"Продается 2-комнатная квартира в новостройке,2/5/9-125 000 у.е в ЖК Elegant на ул.Нукус, ориентир: ГорГАИ Глинка, кафе София,бутик Baby House.Площадь 76 м².Состояние: евроремонт,мебель,техника.",2,76.0,5,9,true,evro,kirpich,125000.0,1503906250.0,USD,Ташкентская область,Ташкент,Мирабадский район,улица Нукус,41.289204,69.274216,76,0,0,false,false,false,43671,7,https://api.uybor.uz/api/v1/media/n/17833129260605225.jpg,2026-07-06T04:42:09.038Z,2026-07-06T04:42:09.037Z,2026-08-20T04:42:09.037Z,https://uybor.uz/listings/1317201,2026-07-21 05:06:32
1317202,2026-07-21,sale,Дом,Частный дом,"Assalomu alekum uy sotiladi 
3ta. Spalniy 
2ta zal
1ta oshxona 
4ta sanuzel 
Har bitta spalniyni ozini sanuzeli bor 
Gaz suv svet wifi hamma sharoiti bor xonadon mebelllari blan sotiladi 
Faqat texnika ob chiqib ketiladi 
SROCHNI SOTILADI 
Yangi Toshmi postida 4km kirganda.

",5,135.0,,1,false,evro,kirpich,81000.0,974531250.0,USD,Ташкентская область,село Яварлик,,Ташкентский район,41.429405,69.234515,87,5,0,false,false,false,284722,10,https://api.uybor.uz/api/v1/media/n/17833129308052068.jpeg,2026-07-06T04:42:37.805Z,2026-07-06T04:42:37.804Z,2026-08-20T04:42:37.804Z,https://uybor.uz/listings/1317202,2026-07-21 05:06:32
1317203,2026-07-21,sale,Квартира,,"Продается 4-комнатная квартира,4/3/4-163 000 у.е на м.Космонавтов.Ориентир: Корзинка МВД. Площадь 85 м².Кирпичный дом.Состояние: ремонт,мебель,техника.2-линия.",4,85.0,3,4,false,evro,kirpich,163000.0,1961093750.0,USD,Ташкентская область,Ташкент,Яккасарайский район,Космонавтов,41.305161,69.264793,70,0,0,false,false,false,43671,10,https://api.uybor.uz/api/v1/media/n/17833129987647739.jpg,2026-07-06T04:43:22.802Z,2026-07-06T04:43:22.801Z,2026-08-20T04:43:22.801Z,https://uybor.uz/listings/1317203,2026-07-21 05:06:32
1317204,2026-07-21,sale,Квартира,,"Продается 4-комнатная квартира-дуплекс в новостройке,4/9-10/10-155 000 у.е на Паркентском.ЖК Yulduz,ориентир: Авиатор Корзинка.Площадь 130 м²,50 м²+80 м².В кадастре указано 50 м² 3 с/у.Кухня автономная.Состояние: евроремонт,мебель,техника.Монолитный дом.",4,130.0,9,10,true,evro,monolit,155000.0,1864843750.0,USD,Ташкентская область,Ташкент,Яшнабадский район,улица Паркент,41.315166,69.323143,77,0,0,false,false,false,43671,10,https://api.uybor.uz/api/v1/media/n/17833131180361687.jpg,2026-07-06T04:45:21.236Z,2026-07-06T04:45:21.234Z,2026-08-20T04:45:21.234Z,https://uybor.uz/listings/1317204,2026-07-21 05:06:32
1317205,2026-07-21,sale,Квартира,,"Продается 1-комнатная квартира в новостройке, 1/7/10-73 500 у.е в на ул.Нукус. Ориентир: бутик Glamour. Площадь 35 м².Открытый балкон. Состояние: ремонт от застройщика.Монолитный дом.Кадастр ожидается.",1,35.0,7,10,true,sredniy,monolit,73500.0,884296875.0,USD,Ташкентская область,Ташкент,Мирабадский район,улица Нукус,41.289204,69.274216,134,2,0,false,false,false,43671,6,https://api.uybor.uz/api/v1/media/n/17833132105176314.jpg,2026-07-06T04:46:53.890Z,2026-07-06T04:46:53.888Z,2026-08-20T04:46:53.888Z,https://uybor.uz/listings/1317205,2026-07-21 05:06:32
1317206,2026-07-21,sale,Квартира,,"Чиланзар 26 квартал
Новостройка
Ориентир кафе Чирокчи
2/9/10
Площадь 47 м2
Комната раздельные
Санузел совмещенный
70.000",2,47.0,9,10,true,evro,kirpich,70000.0,842187500.0,USD,Ташкентская область,Ташкент,Учтепинский район,26-й квартал,41.276863,69.178696,75,0,0,false,false,false,9526,10,https://api.uybor.uz/api/v1/media/n/17833148240684832.jpeg,2026-07-06T05:13:46.818Z,2026-07-06T05:13:46.817Z,2026-08-20T05:13:46.817Z,https://uybor.uz/listings/1317206,2026-07-21 05:06:32
1317208,2026-07-21,sale,Квартира,,"СРОЧНО ПРОДАЮ СВОЯ 
Чиланзар-1 кв,   40-дом,
3/3/4  ВЫСОКОПОТОЛОЧЬНЫЙ,
Евроремонт, с мебелью и техникой, 
2 балкона, 2х7 и 1х3, 
Переделн. - в-4, 
Домофон 
Видео наблюдения
Ор-р: ул. Гагарин. 103-школа 
Цена-136 000 у, е. 
",3,90.0,3,4,false,evro,kirpich,136000.0,1636250000.0,USD,Ташкентская область,Ташкент,Чиланзарский район,1-й квартал,41.284649,69.228806,85,0,0,false,false,false,9526,12,https://api.uybor.uz/api/v1/media/n/17833152373761389.jpeg,2026-07-06T05:20:39.948Z,2026-07-06T05:20:39.946Z,2026-08-20T05:20:39.946Z,https://uybor.uz/listings/1317208,2026-07-21 05:06:32
1317209,2026-07-21,sale,Квартира,,"Учтепа тумани, 23-квартал, 
21-дом
1 хонали своя квартира 
Кирпичный дом
1/ 3 / 5 қаватли уй Майдони: 40 м² 
Балкон: 2×6 
 Без ремонт 
Қулай жойлашув
 Нарх: 52 000(на руки)
Тг оркали мурожат",1,40.0,3,5,false,sredniy,kirpich,52000.0,625625000.0,USD,Ташкентская область,Ташкент,Учтепинский район,23-й квартал,41.287083,69.178413,141,4,0,false,false,false,9526,5,https://api.uybor.uz/api/v1/media/n/17833155849944718.jpeg,2026-07-06T05:26:41.221Z,2026-07-06T05:26:41.221Z,2026-08-20T05:26:41.221Z,https://uybor.uz/listings/1317209,2026-07-21 05:06:32
1317210,2026-07-21,sale,Квартира,,"Продается своя квартира Чиланзар Новза метро,Улица Бунёдкор 
НОВОСТРОЙКА 
4/2/7
Сквозная планировка
Кирпичный дом 
Авторский Евроремонт с мебелью и техникой 
После ремонта никто нежил 
Общие площадь:90 м2
Ориентир:Напротив Новза мечит 
Цена:140000 на руки 
Телефон:
+",4,90.0,2,7,true,evro,kirpich,140000.0,1684375000.0,USD,Ташкентская область,Ташкент,Чиланзарский район,массив Чиланзар,41.28614,69.205605,86,2,0,false,false,false,9526,10,https://api.uybor.uz/api/v1/media/n/17833159349875701.jpeg,2026-07-06T05:32:20.091Z,2026-07-06T05:32:20.090Z,2026-08-20T05:32:20.090Z,https://uybor.uz/listings/1317210,2026-07-21 05:06:32
1317211,2026-07-21,sale,Дом,Частный дом,"Продаётся 3-х уровневый дом, земельный участок по кадастру 7,50 сотки (744 кв.м.) + 2 сотки прилегающей территории.
Дом капитальный, 1985 года постройки, на участке большой гараж + бассейн.
В доме всё коммуникации (свет, газ, холодная/горячая вода + централизованное отопление, центральная городская канализация}.
Общая площадь дома 180 кв. м². 
На первом этаже расположены большой зал (гостиная), кухня-столовая, большая веранда, большой санузел, лестница на второй этаж.
На втором этаже расположены 4 спальни, большой санузел.
Под всем домом большой подвал ~ 65 кв. м.
Летняя кухня с зарегистрированной газовой плитой. 
Бассейн выложенный мозаикой. 
Площадь участка 7,5 соток + 2 сотки прилегающей территории.
Прописка: г. Ташкент, Янгихаетский район, массив ""Бинокор"".
ориентир - бывший ДСК ""Бинокор"", и Бектемирский завод металлоконструкций.
Цена 125 000 у.е.",5,180.0,,3,false,sredniy,kirpich,125000.0,1503906250.0,USD,Ташкентская область,Ташкент,Янгихаётский район,микрорайон Бинокор,41.181313,69.250511,199,0,0,false,false,true,41,14,https://api.uybor.uz/api/v1/media/n/17833166401214988.jpg,2026-07-06T05:47:42.441Z,2026-07-19T06:09:00.109Z,2026-08-20T05:47:42.439Z,https://uybor.uz/listings/1317211,2026-07-21 05:06:32
1317213,2026-07-21,sale,Квартира,,"Продаётся большая 2-х комнатная квартира переделанная в 3-х комнатную, панельный дом, улучшенная планировка, лоджия 2х6 + кухня перенесена на лоджию, комнаты раздельные, ванная и туалет раздельные, большой коридор, в коридоре + кладовая комната, общая площадь 60 кв.м.

В зале остаётся стенка, диван, 2 кресла, в спальне 2 кровати, кухонная вытяжка.

Очень развитая инфраструктура, в шаговой доступности 3 школы, 3 детских садика, 3 остановки, 3 кафе, Корзинка-махалля, различные магазины.

массив Феруза, ориентир – школа № 205, Дока-хлеб, тойхона, кафе Балык.

Цена 67 500 у.е.",2,60.0,3,5,false,sredniy,panel,67500.0,812109375.0,USD,Ташкентская область,Ташкент,Мирзо-Улугбекский район,массив Феруза-3,41.359634,69.369583,455,2,1,false,false,true,41,11,https://api.uybor.uz/api/v1/media/n/17833173073209072.jpg,2026-07-06T05:56:06.894Z,2026-07-19T06:08:00.113Z,2026-08-20T05:56:06.893Z,https://uybor.uz/listings/1317213,2026-07-21 05:06:32
1317223,2026-07-21,sale,Дом,Частный дом,"Дом находится 7 километров от поста ТашМи. 
3 жилых комнат + кухня 
Сан узел находится внутри дома не отдельный. 
Очень хорошая Махалля с хорошими соседями. 
Дом был построен для себя и прожили 5 лет в этом доме. 

С газом, светом и водой не каких проблем нет. Есть емкость на 1 тонну. 

Причина продажи уменьшение территории земельного участка. ",4,96.0,,1,false,sredniy,kirpich,67000.0,806093750.0,USD,Ташкентская область,махаллинский сход граждан Октош,,улица Ирода,41.352524,69.087929,399,0,0,false,false,false,285952,9,https://api.uybor.uz/api/v1/media/n/17833216264163640.jpg,2026-07-06T07:07:38.758Z,2026-07-06T07:07:38.756Z,2026-08-20T07:07:38.756Z,https://uybor.uz/listings/1317223,2026-07-21 05:06:32
1317224,2026-07-21,sale,Квартира,,"Ориентир: 4 бекат(Олмос) метро
2 -х ком. переделанная в 3-х
77 серия кирпичный 
Средний ремонт 
1 этаж
Удобства: метро, садик, школа, базар, поликлиника. Все рядом.
Дом расположен на центральной улице 
Въезд для двух автомашин отдельно, имеется подвал без ремонта
Свой огород.",2,64.42,1,4,false,sredniy,kirpich,82000.0,986562500.0,USD,Ташкентская область,Ташкент,Яшнабадский район,"Ахангаранский проспект, 7",41.27758,69.360405,158,0,0,false,false,false,285953,13,https://api.uybor.uz/api/v1/media/n/17833264214529740.jpg,2026-07-06T08:27:12.882Z,2026-07-06T08:27:12.880Z,2026-08-20T08:27:12.880Z,https://uybor.uz/listings/1317224,2026-07-21 05:06:32
1317232,2026-07-21,sale,Квартира,,"Олмазор сите квартира Сотилади 
3/8/12
Хамма нарсаси колади 
Квартирант холати яхши 
Тел ",3,86.0,8,12,false,evro,monolit,115000.0,1383593750.0,USD,Ташкентская область,Ташкент,Алмазарский район,жилой комплекс Olmazor Business City,41.349747,69.246353,85,1,0,false,false,false,279580,8,https://api.uybor.uz/api/v1/media/n/17833288812827157.jpeg,2026-07-06T09:10:56.584Z,2026-07-06T09:10:56.582Z,2026-08-20T09:10:56.582Z,https://uybor.uz/listings/1317232,2026-07-21 05:06:32
1317234,2026-07-21,sale,Квартира,,"Юнусабад 11. 3/4/4.ИПОТЕКА🔥
67м2.
Балкон 1.5/6
Ком. Смежно-раздельные
Без ремонта
Торец
Ориентир: 240 школа
5 минут Мегапланет, метро
Цена: 66.500
Тел: +",3,67.0,4,4,false,kapital,panel,66500.0,800078125.0,USD,Ташкентская область,Ташкент,Юнусабадский район,11-й квартал,41.370537,69.28997,66,0,0,false,false,false,177179,9,https://api.uybor.uz/api/v1/media/n/17833298040823489.jpeg,2026-07-06T09:23:30.771Z,2026-07-06T09:23:30.770Z,2026-08-20T09:23:30.770Z,https://uybor.uz/listings/1317234,2026-07-21 05:06:32
1317235,2026-07-21,sale,Квартира,,"Юнусабад 16. 3/16/16.
ЖК ""Океан"" 67м2
60м2 + балкон 7м2.
Евро ремонт
Мебель+техника
Цена: 70.500
Тел: +",3,67.0,16,16,true,evro,panel,70500.0,848203125.0,USD,Ташкентская область,Ташкент,Юнусабадский район,16-й квартал,41.382797,69.302177,93,1,0,false,false,false,177179,8,https://api.uybor.uz/api/v1/media/n/17833301885837658.jpeg,2026-07-06T09:30:05.290Z,2026-07-06T09:30:05.288Z,2026-08-20T09:30:05.288Z,https://uybor.uz/listings/1317235,2026-07-21 05:06:32
1317236,2026-07-21,sale,Квартира,,"Юнусабад 14. 3/3/4
72м2
Балкон 2/6
Комнаты раздельные
Средний ремонт
Ориентир: Корзинка, Метро Туркистон
Цена: 85000
Тел: +",3,72.0,3,4,false,sredniy,panel,82000.0,986562500.0,USD,Ташкентская область,Ташкент,Юнусабадский район,14-й квартал,41.372028,69.303703,139,0,0,false,false,false,177179,7,https://api.uybor.uz/api/v1/media/n/17833302887412981.jpeg,2026-07-06T09:31:30.800Z,2026-07-06T09:31:30.799Z,2026-08-20T09:31:30.799Z,https://uybor.uz/listings/1317236,2026-07-21 05:06:32
1317237,2026-07-21,sale,Квартира,,"Юнусабад 9. 3/5/9
77м2. Новостройка
Кирпичный дом
Комнаты раздельные
Евро ремонт
Мебель+техника
Ориентир: Корзинка, Сетор
Цена: 112.000
Тел: +",3,77.0,5,9,true,evro,kirpich,107000.0,1287343750.0,USD,Ташкентская область,Ташкент,Юнусабадский район,9-й квартал,41.376926,69.278038,73,0,0,false,false,false,177179,9,https://api.uybor.uz/api/v1/media/n/17833303646915952.jpeg,2026-07-06T09:32:48.736Z,2026-07-06T09:32:48.733Z,2026-08-20T09:32:48.733Z,https://uybor.uz/listings/1317237,2026-07-21 05:06:32
1317239,2026-07-21,sale,Квартира,,"Продается 3-комнатная квартира в ЖК NRG JOMIY. 3/11/12 -85 000 у.е. Монолитный дом, площадь 73 м². Состояние: коробка,white box.Кадастр есть.",3,73.0,11,12,true,chernovaya,monolit,85000.0,1022656250.0,USD,Ташкентская область,Ташкент,Алмазарский район,ЖК НРГ Жомий,41.351742,69.255455,103,0,0,false,false,false,43671,7,https://api.uybor.uz/api/v1/media/n/17833332411491759.jpg,2026-07-06T10:20:44.690Z,2026-07-06T10:20:44.688Z,2026-08-20T10:20:44.688Z,https://uybor.uz/listings/1317239,2026-07-21 05:06:32
1317240,2026-07-21,sale,Квартира,,"Дархан Проспект Мустакиллик пересечение с ул.Аккурганская (быв.Новомосковская)недалеко от метро Хамида Алимджана, рядом бизнес центр ""Инконель"" Ирригационный институт ЗАГС Мирзо Улугбекского района.

Общая площадь : 107 кв.м

Продается: 4 х переделанная в 2-х комнатную светлая просторная с удобной планировкой квартира с евро ремонтом мебелью и бытовой техникой .

Количество комнат : 2

Санузел совмещен, душ кабинка в спальни.

Плита электрическая 50%

Этаж : 9 ( 2 лифта)

Этажность: 12

Район имеет развитую инфраструктуру: школы, детские сады, магазины развлекательные заведение.

Помощь в проведении сделки.

Оперативный показ.

Собственника недвижимости представляет:

ООО «GOLD REAL ESTATE»

лицензия гос. Ком. Конкуренции rl 001 №0041",2,107.0,9,12,false,evro,monolit,130000.0,1564062500.0,USD,Ташкентская область,Ташкент,Мирзо-Улугбекский район,"проспект Мустакиллик, 77",41.32106,69.300804,106,1,0,false,false,false,52944,8,https://api.uybor.uz/api/v1/media/n/17833345201423037.png,2026-07-06T10:42:49.640Z,2026-07-06T10:42:49.638Z,2026-08-20T10:42:49.638Z,https://uybor.uz/listings/1317240,2026-07-21 05:06:32
1317241,2026-07-21,sale,Квартира,,"Буюук ипак Йули метро (быв.Максима Горького) у входа метро пересечение с ул.Мухаммада Юсуфа (быв.Дагестанская) Мирзо Улугбекский район.

Общая площадь : 80 кв.м

Продается: 4 х  комнатная квартира в кирпичном доме, квартира без ремонта комнаты и санузел раздельные .

Количество комнат : 4

Лоджия 2 х 6 метров

Санузел раздельный.

Этаж : 4

Этажность: 5

Район имеет развитую инфраструктуру: школы, детские сады, магазины развлекательные заведение.

Помощь в проведении сделки.

Оперативный показ.

Собственника недвижимости представляет:

ООО «GOLD REAL ESTATE»

лицензия гос. Ком. Конкуренции rl 001 №0041
",4,80.0,4,5,false,kapital,kirpich,105000.0,1263281250.0,USD,Ташкентская область,Ташкент,Мирзо-Улугбекский район,"улица Буюк Ипак Йули, 58",41.325706,69.32827,72,0,0,false,false,false,52944,9,https://api.uybor.uz/api/v1/media/n/17833362650464780.png,2026-07-06T11:11:54.307Z,2026-07-06T11:11:54.305Z,2026-08-20T11:11:54.305Z,https://uybor.uz/listings/1317241,2026-07-21 05:06:32
1317245,2026-07-21,sale,Квартира,,"Срочно продам свою квартиру в новом ЖК NEWPORT. Комплекс уже на 100% готово. Локация супер, Шикарный двор. Точно не пожалеете что купили. Кадастр до конца лето выйдет. Если сейчас купить, то кадастр сразу на Ваше им выйдет. еще один большой плюс, эта очень близко к аэропорту. ",2,44.0,3,16,true,chernovaya,monolit,80000.0,962500000.0,USD,Ташкентская область,Ташкент,Яккасарайский район,Newport turar-joy majmuasi,41.274597,69.268707,579,4,0,false,false,false,285961,15,https://api.uybor.uz/api/v1/media/n/17833397056303493.jpg,2026-07-06T12:14:05.963Z,2026-07-06T12:14:05.961Z,2026-08-20T12:14:05.961Z,https://uybor.uz/listings/1317245,2026-07-21 05:06:32
1317252,2026-07-21,sale,Дом,Частный дом,"Продаю частный дом в элитной махалле в центре города
2 этажа, жилой подвал, отдельно стоящая сауна, бассейн и веранда
4 комнаты, кабинет, 4 санузла, гостинная и кухня
Дом полностью обставлен мебелью
На территории дома внутри 3 парковочных места, снаружи перед воротами 3 парковочных места
Рядом есть магазины (корзинка и минимаркеты)


",6+,255.0,,2,false,sredniy,kirpich,800000.0,9625000000.0,USD,Ташкентская область,Ташкент,Яккасарайский район,"4-й проезд Богтепа, 10",41.296127,69.254501,60,1,0,false,false,false,285967,8,https://api.uybor.uz/api/v1/media/n/17833488294506050.jpg,2026-07-06T14:46:19.468Z,2026-07-06T14:46:19.466Z,2026-08-20T14:46:19.466Z,https://uybor.uz/listings/1317252,2026-07-21 05:06:32
1317253,2026-07-21,sale,Для бизнеса,Офис,"Юнусобод туман 19-кварталда 9каватли турар жой биносининиг 1-каватида 84кв.м нотурар жой сотилади, бизнесингиз учун мослаб ремонт килиб олишга яхши вариант. Мулжал корзинка Юнусабад ва Фармацевтика талим ва тадкикот институти ",,84.0,1,9,false,sredniy,panel,105000.0,1263281250.0,USD,Ташкентская область,Ташкент,Юнусабадский район,"19-й квартал, 8, подъезд 1",41.373798,69.312012,26,0,0,false,false,false,285970,8,https://api.uybor.uz/api/v1/media/n/17833504389386978.jpg,2026-07-06T15:08:31.185Z,2026-07-06T15:08:31.183Z,2026-08-20T15:08:31.183Z,https://uybor.uz/listings/1317253,2026-07-21 05:06:32
1317255,2026-07-21,sale,Земельный участок,Жилой,"✅ Участок 12,5 соток.
✅ Удобный заезд с дороги
✅ Рядом автобусная остановка.
✅ Парк»Новый Узбекистан» неподолеку. 
✅ Все документы готовы к слелке. 
✅ Один собственник
✅ Спокойный район, хорошие соседи.
✅ Реальному покупателю возможен разумный торг
✅ Участок ровный, правильной формы, отлично подходит для строительства нового дома. 
✅ Установлены пластиковые окна. 
✅ Дом можна использовать под сносили реконструкцию
✅ Установлены все счетчики.
",,,,,false,,,40000.0,481250000.0,USD,Ташкентская область,Ташкент,Мирзо-Улугбекский район,"улица Миллий Бог, 106",41.33543,69.446678,143,7,2,false,false,false,285965,3,https://api.uybor.uz/api/v1/media/n/17833439851652906.jpg,2026-07-06T15:37:38.578Z,2026-07-06T15:37:38.577Z,2026-08-20T15:37:38.577Z,https://uybor.uz/listings/1317255,2026-07-21 05:06:32
1317258,2026-07-21,sale,Земельный участок,Жилой,"G‘azalkentda, Ikkita 4 sotxdan yer sotiladi.
Kadastri bor ikkasi alohida.
Besh honaga fundament quyilgan proyekt va ruxsatnomasi bor.
Chegara devorlari qilingan.
Gaz,svet va suv bor.
ko‘chala asfalt bo‘gan
Цена за сотх 6250",,,,,false,kapital,other,25000.0,300781250.0,USD,Ташкентская область,Ташкент,Яшнабадский район,махаллинский сход граждан Яшнобод,41.293748,69.344209,243,4,2,false,false,false,153488,5,https://api.uybor.uz/api/v1/media/n/17833556294443414.jpeg,2026-07-06T16:34:19.315Z,2026-07-06T16:34:19.314Z,2026-08-20T16:34:19.314Z,https://uybor.uz/listings/1317258,2026-07-21 05:06:32
1317263,2026-07-21,sale,Квартира,,"Продается Новостройка 
ГОЛДЕН ХАУС 
АССАЛОМ СОХИЛ 
3/5/16
Узбум 
До Ц1 и ЖК Инфинити 5 мин на машине 
Общая площадь 74 кв2 
По кадастру 68 кв2 без балкона
Два Лифта 
Евролюкс ремонт
Все под ключ готово ✅ 
Есть стиральная и сушильная машинка , посудамойка , кондиционер 
Раздельная трёхкомнатная квартира
2 санузла 
Панорамные окна 
В комплексе на первом этаже частный детский садик
Много бесплатных парковочных мест
Кадастр есть !!!
На каждый подьезд стоят генераторы.",3,74.0,5,16,false,evro,kirpich,125000.0,1503906250.0,USD,Ташкентская область,Ташкент,Яшнабадский район,"жилой комплекс Assalom! Sohil, 25/11",41.283943,69.3088,151,0,0,false,false,false,62256,10,https://api.uybor.uz/api/v1/media/n/17833631636729413.jpg,2026-07-06T18:39:29.563Z,2026-07-06T18:39:29.562Z,2026-08-20T18:39:29.562Z,https://uybor.uz/listings/1317263,2026-07-21 05:06:32
1317264,2026-07-21,sale,Квартира,,"Новостройка  
ГОЛДЕН ХАУС
Ассалом Сохил 
До Ц1 и ЖК Инфинити 5 мин на машине 
1/4/9
Площадь по кадастру 27кв2
+ балкон сплошной 4 кв2
Общая площадь с балконом 30кв2
Ремонт евро Люкс 
Сделали под ключ
Новый евро ремонт 


Спальня отдельно 
Кадастр есть .",1,27.0,4,9,false,evro,kirpich,60000.0,721875000.0,USD,Ташкентская область,Ташкент,Яшнабадский район,"жилой комплекс Assalom! Sohil, 25/11",41.283943,69.3088,212,0,0,false,false,false,62256,6,https://api.uybor.uz/api/v1/media/n/17833633915995061.jpg,2026-07-06T18:43:17.580Z,2026-07-06T18:43:17.579Z,2026-08-20T18:43:17.579Z,https://uybor.uz/listings/1317264,2026-07-21 05:06:32
1317265,2026-07-21,sale,Квартира,,"Продается 
Новостройка 
Ж/К Imperial Club City 

Комнат-2
Этажи-8
Этажность-14
Площадь-39.35м+ Балкон 

Состояние-коробка
#Вид на Двор 

Юнусабадский район 
Ориентир: Алайский рынок 
 

Кадастр: # Скоро!!! ",2,39.0,8,14,false,kapital,kirpich,90000.0,1082812500.0,USD,Ташкентская область,Ташкент,Юнусабадский район,Imperial club city turar-joy majmuasi,41.323666,69.290627,142,0,0,false,false,false,62256,5,https://api.uybor.uz/api/v1/media/n/17833636135944166.jpg,2026-07-06T18:46:58.526Z,2026-07-06T18:46:58.525Z,2026-08-20T18:46:58.525Z,https://uybor.uz/listings/1317265,2026-07-21 05:06:32
1317266,2026-07-21,sale,Квартира,,"
Район -  Чиланзар - 11
Ориентир - Аль - Хорезми 
2/5/5
Площадь м² - 51
Состояние - без ремонта 
Описание - панель,  балкон - 1,5×3 метра ( Аква рамы+кирпичная кладка ), комнаты зеркальные, санузел совмещён ( перепланировка )
Цена - 51000",2,51.0,5,5,false,kapital,panel,51000.0,613593750.0,USD,Ташкентская область,Ташкент,Учтепинский район,11-й квартал,41.278355,69.192505,226,2,0,false,false,false,67829,3,https://api.uybor.uz/api/v1/media/n/17833637350648372.jpeg,2026-07-06T18:49:07.651Z,2026-07-06T18:49:07.650Z,2026-08-20T18:49:07.650Z,https://uybor.uz/listings/1317266,2026-07-21 05:06:32
1317267,2026-07-21,sale,Квартира,,"🏙️ IMPERIAL CITY CLUB

✨ Квартира в одном из самых востребованных комплексов Ташкента

📍 Ц-2
🏢 9 этаж из 16 (2/9/16)
📐 Общая площадь с балконом — 45 м²
📐 По кадастру — 39 м²

🔥 Полностью готовая квартира с дорогим евро люкс ремонтом, где всё продумано до мелочей.

✔️ Гардеробная комната
✔️ Стиральная и сушильная машины
✔️ Вся необходимая бытовая техника
✔️ Заезжай и живи без дополнительных вложений

🌟 Инфраструктура комплекса:
• Бассейн
• Тренажерный зал
• Кинотеатр
• Две детские площадки
• Фонтаны
• Большой закрытый двор
• Футбольное поле
• Терраса общего пользования для отдыха.",2,45.0,9,16,false,evro,kirpich,135000.0,1624218750.0,USD,Ташкентская область,Ташкент,Юнусабадский район,Imperial club city turar-joy majmuasi,41.323666,69.290627,146,0,0,false,false,false,62256,9,https://api.uybor.uz/api/v1/media/n/17833639939024140.jpg,2026-07-06T18:53:17.811Z,2026-07-06T18:53:17.808Z,2026-08-20T18:53:17.808Z,https://uybor.uz/listings/1317267,2026-07-21 05:06:32
1317268,2026-07-21,sale,Квартира,,"ЭЛИТНЫЙ КОМПЛЕКС 
ЖК ""МУХТАШАМ"" 3/9/11
ЗАКРЫТЫЙ охран.двор 

Метро ""Минор Алайский 
ор-р Финансовый инст.

Общая площадь: 101м2 
Состояние: КОРОБКА 
Планировка: сквозная.",3,101.0,9,11,false,kapital,kirpich,170000.0,2045312500.0,USD,Ташкентская область,Ташкент,Юнусабадский район,Минор,41.326889,69.283119,217,0,0,false,false,false,62256,8,https://api.uybor.uz/api/v1/media/n/17833644421636940.jpg,2026-07-06T19:00:47.653Z,2026-07-06T19:00:47.651Z,2026-08-20T19:00:47.651Z,https://uybor.uz/listings/1317268,2026-07-21 05:06:32
1317269,2026-07-21,sale,Квартира,,"Akay city 3/3/25 Дархан
ЭЛИТНЫЙ КОМПЛЕКС
Х.Алимджана/К.Ниязова 

Общая площадь: 101м2
Состояние: Евро ремонт 
Мебелью и ТЕХНИКОЙ.",3,101.0,3,25,false,evro,kirpich,190000.0,2285937500.0,USD,Ташкентская область,Ташкент,Мирзо-Улугбекский район,жилой комплекс Akay City,41.32074,69.294792,159,0,0,false,false,false,62256,9,https://api.uybor.uz/api/v1/media/n/17833646099883080.jpg,2026-07-06T19:03:34.182Z,2026-07-06T19:03:34.181Z,2026-08-20T19:03:34.181Z,https://uybor.uz/listings/1317269,2026-07-21 05:06:32
1317271,2026-07-21,sale,Квартира,,"НОВОСТРОЙКА! 2/3/9
Компл. BI Sado Business 
ор-р: Корзинка авиатор
(Яшнабадский район)

ОБЩАЯ Площадь: 42м2
Состояние: новый ремонт.",2,42.0,3,9,false,evro,kirpich,88000.0,1058750000.0,USD,Ташкентская область,Ташкент,Яшнабадский район,ЖК Би Сад'о,41.303619,69.344742,199,0,0,false,false,false,62256,6,https://api.uybor.uz/api/v1/media/n/17833649903802109.jpg,2026-07-06T19:09:59.062Z,2026-07-06T19:09:59.061Z,2026-08-20T19:09:59.061Z,https://uybor.uz/listings/1317271,2026-07-21 05:06:32
1317272,2026-07-21,sale,Квартира,,"НОВОСТРОЙКА 2/7/9
ЖК ""Parkent Avenue
Паркентская улица 
(ор-р Авиатор Корзинка 
Закрытый охран.двор 

Площадь: кирпич 61м2
Состояние: с ремонтом 
Укомплектована/новая 
Мебелью и ТЕХНИКОЙ.",2,61.0,7,9,false,evro,kirpich,105000.0,1263281250.0,USD,Ташкентская область,Ташкент,Мирзо-Улугбекский район,жилой комплекс Паркент Авеню,41.310589,69.337097,162,0,0,false,false,false,62256,9,https://api.uybor.uz/api/v1/media/n/17833652044128884.jpg,2026-07-06T19:13:28.744Z,2026-07-06T19:13:28.743Z,2026-08-20T19:13:28.743Z,https://uybor.uz/listings/1317272,2026-07-21 05:06:32
1317274,2026-07-21,sale,Квартира,,"Продается 3-комнатная квартира в новостройке,ЖК Уют, 3/2/8-112 000 у.е на массиве Ялангач, ориентир: Академгородок. Кирпичный дом, площадь 86,08 м².Состояние: коробка.Подземный паркинг,детская площадка.Кадастр в наличии.",3,86.08,2,8,true,chernovaya,kirpich,112000.0,1347500000.0,USD,Ташкентская область,Ташкент,Мирзо-Улугбекский район,массив Ялангач,41.350452,69.343277,133,0,0,false,false,false,43671,3,https://api.uybor.uz/api/v1/media/n/17834027678341360.jpg,2026-07-07T05:39:31.750Z,2026-07-07T05:39:31.748Z,2026-08-21T05:39:31.748Z,https://uybor.uz/listings/1317274,2026-07-21 05:06:32
1317275,2026-07-21,sale,Квартира,,"Продается 3-комнатная квартира в новостройке,ЖК Уют, 3/2/8-118 000 у.е на массиве Ялангач, ориентир: Академгородок. Кирпичный дом, площадь 91 м²,терраса 30 м².Состояние: коробка.Подземный паркинг,детская площадка.Кадастр в наличии.",3,91.0,2,8,true,chernovaya,kirpich,118000.0,1419687500.0,USD,Ташкентская область,Ташкент,Мирзо-Улугбекский район,массив Ялангач,41.350452,69.343277,144,0,0,false,false,false,43671,4,https://api.uybor.uz/api/v1/media/n/17834028181592123.jpg,2026-07-07T05:40:21.546Z,2026-07-07T05:40:21.545Z,2026-08-21T05:40:21.545Z,https://uybor.uz/listings/1317275,2026-07-21 05:06:32
1317276,2026-07-21,sale,Квартира,,"Продается 3-комнатная квартира в новостройке,ЖК Уют, 3/2/8-145 000 у.е на массиве Ялангач, ориентир: Академгородок. Кирпичный дом, площадь 112 м²,терраса 50 м².Состояние: коробка.Подземный паркинг,детская площадка.Кадастр в наличии.",3,112.0,2,8,true,chernovaya,kirpich,145000.0,1744531250.0,USD,Ташкентская область,Ташкент,Мирзо-Улугбекский район,массив Ялангач,41.350452,69.343277,146,0,0,false,false,false,43671,4,https://api.uybor.uz/api/v1/media/n/17834028637432946.jpg,2026-07-07T05:41:06.811Z,2026-07-07T05:41:06.810Z,2026-08-21T05:41:06.810Z,https://uybor.uz/listings/1317276,2026-07-21 05:06:32
1317277,2026-07-21,sale,Квартира,,"Продается 5-комнатная квартира в новостройке,ЖК Уют, 5/2/8-257 000 у.е на массиве Ялангач, ориентир: Академгородок. Кирпичный дом, площадь 198 м²,терраса 50 м².Состояние: коробка.Подземный паркинг,детская площадка.Кадастр в наличии.",5,198.0,2,8,true,chernovaya,kirpich,257000.0,3092031250.0,USD,Ташкентская область,Ташкент,Мирзо-Улугбекский район,массив Ялангач,41.350452,69.343277,138,0,0,false,false,false,43671,3,https://api.uybor.uz/api/v1/media/n/17834029187293555.jpg,2026-07-07T05:42:02.635Z,2026-07-07T05:42:02.634Z,2026-08-21T05:42:02.634Z,https://uybor.uz/listings/1317277,2026-07-21 05:06:32
1317278,2026-07-21,sale,Квартира,," Продается 1(2)-комнатная квартира в новостройке, 1(2)/11/14 - 68 500 у.е в ЖК Prestige Gardens, на ул.Ш.Руставели. Ориентир:Южный Вокзал.Состояние: евроремонт,мебель,техника.Площадь 30 м².Есть открытый балкон.Идеально под аренду.",1,30.0,11,14,true,evro,monolit,68500.0,824140625.0,USD,Ташкентская область,Ташкент,Яккасарайский район,Prestige garden turar-joy majmuasi,41.261463,69.22831,89,0,0,false,false,false,43671,10,https://api.uybor.uz/api/v1/media/n/17834036146273182.jpg,2026-07-07T05:53:38.223Z,2026-07-07T05:53:38.221Z,2026-08-21T05:53:38.221Z,https://uybor.uz/listings/1317278,2026-07-21 05:06:32
1317279,2026-07-21,sale,Квартира,,"Продается 1(2)-комнатная квартира в новостройке, 1(2)/8/14 - 68 500 у.е в ЖК Prestige Gardens, на ул.Ш.Руставели. Ориентир:Южный Вокзал.Состояние: евроремонт,мебель,техника.Площадь 30 м².Есть открытый балкон.Идеально под аренду.",1,30.0,8,14,true,evro,monolit,68500.0,824140625.0,USD,Ташкентская область,Ташкент,Яккасарайский район,Prestige garden turar-joy majmuasi,41.261463,69.22831,97,0,0,false,false,false,43671,10,https://api.uybor.uz/api/v1/media/n/17834037704979251.jpg,2026-07-07T05:56:14.149Z,2026-07-07T05:56:14.148Z,2026-08-21T05:56:14.148Z,https://uybor.uz/listings/1317279,2026-07-21 05:06:32
1317280,2026-07-21,sale,Дом,Частный дом,"Олмазор тумани Сулола туйхонаси
Продается Свой дом 2,02 соток
Фасад 16 метров
5 комнат, 2 санузел, кухня
Свежий ремонт, 2х контур котел, Аристон, летняя кухня
Свой огород во дворе, уютный домик, место для электромобиля во дворе
Камеры, интернет Wi Fi, 10квт Стабилизатор",5,100.0,,1,false,evro,kirpich,150000.0,1804687500.0,USD,Ташкентская область,Ташкент,Алмазарский район,"проезд Пахта Махалля улицы Сагбан, 28",41.362118,69.226501,406,0,1,false,false,false,285981,12,https://api.uybor.uz/api/v1/media/n/17834039435754597.jpg,2026-07-07T05:59:38.615Z,2026-07-07T05:59:38.614Z,2026-08-21T05:59:38.614Z,https://uybor.uz/listings/1317280,2026-07-21 05:06:32
1317281,2026-07-21,sale,Квартира,,"Продается 4-комнатная квартира, 4/3/4-105 000 у.е на м-ве Феруза-2. Ориентир: Эко Базар.Кирпичный дом,площадь 80 м².Состояние: чистое.Тихий,зеленый двор.Возможна ипотека.",4,80.0,3,4,false,evro,kirpich,105000.0,1263281250.0,USD,Ташкентская область,Ташкент,Мирзо-Улугбекский район,массив Феруза-2,41.352222,69.359322,98,0,0,false,false,false,43671,10,https://api.uybor.uz/api/v1/media/n/17834042691564207.jpg,2026-07-07T06:04:32.603Z,2026-07-07T06:04:32.602Z,2026-08-21T06:04:32.602Z,https://uybor.uz/listings/1317281,2026-07-21 05:06:32
1317283,2026-07-21,sale,Дом,Частный дом,Зомин тумани маркази,6+,150.0,,1,false,chernovaya,other,58181.82,700000000.0,UZS,Джизакская область,Джизак,,Джизак,40.112929,67.846007,67,1,0,false,false,false,280093,3,https://api.uybor.uz/api/v1/media/n/17834044712778483.jpeg,2026-07-07T06:08:15.244Z,2026-07-07T06:08:15.243Z,2026-08-21T06:08:15.243Z,https://uybor.uz/listings/1317283,2026-07-21 05:06:32
1317284,2026-07-21,sale,Квартира,,"ЖК Gulobod, Ташкент – новостройка

Мансардная квартира 115,95 м² с кадастром, 9+10 этажи – от собственника

9 этаж: 58.85 м2
10 этаж: 57.10 м2

Плюсы:
–Двухуровневая планировка – тихо и спокойно
–Панорамный вид
–Своя терраса редкий для этого ЖК

Локация и ориентиры:
Общественный транспорт – 200м
Базар Чорсу – 500м
Медресе Кукельдаш – 1км
Ташкент Сити Парк –2км

Адрес: Массив Гулобод, Шайхантахурский район
Рядом продаю такую же квартиру, можно объединить по планировке.

Цена: 127 600 USD
Торг при осмотре",4,115.95,9,10,true,kapital,kirpich,127600.0,1535187500.0,USD,Ташкентская область,Ташкент,Шайхантахурский район,массив Гульабад,41.324608,69.225479,223,5,0,false,false,false,174010,8,https://api.uybor.uz/api/v1/media/n/17834045273292957.png,2026-07-07T06:12:43.988Z,2026-07-07T06:12:43.987Z,2026-08-21T06:12:43.987Z,https://uybor.uz/listings/1317284,2026-07-21 05:06:32
1317286,2026-07-21,sale,Квартира,,"Продается 2-комнатная квартира,2/2/9-79 000 у.е на Ц-5. Ориентир: магазин Дафна. Площадь 58 м². Состояние: ремонт,мебель,техника.Дом галерейного типа.Есть арендатор за 550 у.е.",2,58.0,2,9,false,evro,blok,79000.0,950468750.0,USD,Ташкентская область,Ташкент,Юнусабадский район,массив Марказ 5,41.325893,69.27803,126,1,0,false,false,false,43671,9,https://api.uybor.uz/api/v1/media/n/17834053098495765.jpg,2026-07-07T06:21:54.863Z,2026-07-07T06:21:54.862Z,2026-08-21T06:21:54.862Z,https://uybor.uz/listings/1317286,2026-07-21 05:06:32
1317288,2026-07-21,sale,Квартира,,"Продается 2-комнатная квартира в новостройке,2/9/14-129 000 у.е в ЖК  Imperial Club City,ул.Ниезбекйули. Ориентир: м.Минор, Финансовый институт. Площадь 40 м².Есть открытый балкон. Состояние: евроремонт,мебель,техника.Есть арендатор за 1100 у.е.",2,40.0,9,14,true,evro,monolit,129000.0,1552031250.0,USD,Ташкентская область,Ташкент,Юнусабадский район,Imperial club city turar-joy majmuasi,41.323666,69.290627,107,0,0,false,false,false,43671,10,https://api.uybor.uz/api/v1/media/n/17834059347494269.jpg,2026-07-07T06:32:18.459Z,2026-07-07T06:32:18.458Z,2026-08-21T06:32:18.458Z,https://uybor.uz/listings/1317288,2026-07-21 05:06:32
1317289,2026-07-21,sale,Земельный участок,Нежилой,"Яккасарайский район, улица Жамбула, пересечение с улицей Богибустон (бывш. Саламатина),Камила Яшина Шота Руставелли недалеко от Кафе ""Фрегат""

Продается: Земельный участок под строительство жилого или коммерческого назначения , идеально под строительство гостиничного комплекса, офиса, детского садика, частной школы и.т.д

На участке старый дом под слом.

Общая площадь: 5,7 соток

Фасадная часть: 15 метров

Улица широкая, не тупиковая.

Свет, газ, вода, канализация.

Район имеет развитую инфраструктуру: школы, детские сады, магазины.

Для более подробной информацией звоните.

Собственника недвижимости представляет:

ООО «GOLD REAL ESTATE»
лицензия гос. Ком. Конкуренции rl 001 №0041",,,,,false,,,300000.0,3609375000.0,USD,Ташкентская область,Ташкент,Яккасарайский район,"улица Джамбула, 21",41.274357,69.235977,116,0,0,false,false,false,52944,4,https://api.uybor.uz/api/v1/media/n/17834060620605704.png,2026-07-07T06:34:34.109Z,2026-07-07T06:34:34.108Z,2026-08-21T06:34:34.108Z,https://uybor.uz/listings/1317289,2026-07-21 05:06:32
1317290,2026-07-21,sale,Квартира,,"Продается 4-комнатная квартира, 4/2/5-149 000 у.е на м.БИЙ, ориентир: Саехат,школа 171, с-м Макро.. Кирпичный дом, площадь 76 м². Балкон 2х6 м. Состояние: ремонт,мебель,техника.Первая линия.Возможна ипотека.",4,76.0,2,5,false,evro,kirpich,149000.0,1792656250.0,USD,Ташкентская область,Ташкент,Мирзо-Улугбекский район,Буюк Ипак Йули,41.326092,69.328491,115,0,0,false,false,false,43671,5,https://api.uybor.uz/api/v1/media/n/17834064954561006.jpg,2026-07-07T06:41:39.401Z,2026-07-07T06:41:39.400Z,2026-08-21T06:41:39.400Z,https://uybor.uz/listings/1317290,2026-07-21 05:06:32
1317291,2026-07-21,sale,Квартира,,"Мирзо-Улугбекский район
Ориентир - Паркентский,Тапоич Мост 
Новостройка 
ЖК PARKENT AVENUE 

Комнат-3
Этаж-9
Этажность-10
Площадь- 70 м2

Состояние - Под Ключ,Авторский ремонт,Мебель и Техника HOFFMAN !

Цена-128 900 у.е 


#3к",3,70.0,9,10,false,custom,other,218900.0,2633640625.0,USD,Ташкентская область,Ташкент,Мирзо-Улугбекский район,жилой комплекс Паркент Авеню,41.310589,69.337097,115,0,0,false,false,false,285982,10,https://api.uybor.uz/api/v1/media/n/17834102984706030.jpg,2026-07-07T07:46:24.909Z,2026-07-07T07:46:24.908Z,2026-08-21T07:46:24.908Z,https://uybor.uz/listings/1317291,2026-07-21 05:06:32
1317302,2026-07-21,sale,Квартира,,"Продаётся 1-комнатная квартира в кирпичном доме возле парка Гафура Гуляма, метро Мирзо Улугбек. Евроремонт. Квартира продается с мебелью и техникой. Удобна для тех, кто хочет купить и сразу заселиться.",1,30.0,3,4,false,evro,kirpich,62000.0,745937500.0,USD,Ташкентская область,Ташкент,Чиланзарский район,"4-й квартал, 2",41.284019,69.216385,121,1,0,false,false,false,285992,7,https://api.uybor.uz/api/v1/media/n/17834163011623470.jpg,2026-07-07T09:25:56.566Z,2026-07-07T09:25:56.565Z,2026-08-21T09:25:56.565Z,https://uybor.uz/listings/1317302,2026-07-21 05:06:32
1317305,2026-07-21,sale,Квартира,,"Срочно сотилади пул зарилиги учун йон атрофида хамма нарса хамма шароитла бор 5 хоналик хамма хонала обой килинган расмла эски хамма жойла аккуратно обойла мойиши нарх келшилади ",5,120.0,6,9,false,sredniy,panel,125000.0,1503906250.0,USD,Ташкентская область,Ташкент,Шайхантахурский район,"массив Джарарык, 40",41.340479,69.182269,175,1,0,false,false,false,285998,7,https://api.uybor.uz/api/v1/media/n/17834214605054081.jpeg,2026-07-07T10:51:56.801Z,2026-07-07T10:51:56.800Z,2026-08-21T10:51:56.800Z,https://uybor.uz/listings/1317305,2026-07-21 05:06:32
1317308,2026-07-21,sale,Квартира,,"Ж\К ""Prestige Garden""элитный жилой комплекс.

Шота руставелли Яккасарайский район пересечение с ул.Кичик Халка йули недалеко от южного Вокзала.

Продается: После качественного дизайнерского  евро ремонта, обставленная новой современной мебелью и бытовой техникой , 2-х комнатная  светлая, с удобной планировкой квартира на 12-ом этаже, 14-ти этажного дома.

Общая площадь: 47 м²

Этаж : 12

Этажность : 14

Санузел совмещен, зал студия объединено с кухней.

Район имеет развитую инфраструктуру: школы, детские сады, магазины.

Помощь в проведении сделки.

Оперативный показ.

Собственника недвижимости представляет:

ООО «GOLD REAL ESTATE»
лицензия гос. Ком. Конкуренции rl 001 №0041",2,47.0,12,14,true,custom,kirpich,98000.0,1179062500.0,USD,Ташкентская область,Ташкент,Яккасарайский район,Prestige garden turar-joy majmuasi,41.261463,69.22831,115,0,1,false,false,false,52944,11,https://api.uybor.uz/api/v1/media/n/17834244172679003.png,2026-07-07T11:40:25.011Z,2026-07-07T11:40:25.009Z,2026-08-21T11:40:25.009Z,https://uybor.uz/listings/1317308,2026-07-21 05:06:32
1317309,2026-07-21,sale,Квартира,,"Shayxontohur tumanida, Chorsu maydoni, Samarqand Darvoza ko‘chasi 1-uyda yorug‘ va shinam 2 xonali kvartira sotiladi.
Umumiy maydoni — 54 m².
Qavati — 12/12.
Uy turi — panelli.
Kvartirada yangi yevro ta’mir qilingan: laminat pol, tekis va bo‘yalgan devorlar, yangi ichki eshiklar, mustahkam kirish eshigi, rozetkalar o‘rnatilgan. Sanuzel to‘liq kafel bilan qoplangan.
Kvartira mebelsiz sotiladi, shu sababli yangi egasi uni o‘z didiga mos ravishda jihozlashi mumkin.
Derazalardan shaharga chiroyli panoramali manzara ochiladi. Uyda yangi lift va domofon mavjud.
Joylashuvi juda qulay: Chorsu, Samarqand Darvoza, do‘konlar, jamoat transporti va barcha zarur infratuzilma yaqinida.
",2,54.0,12,12,false,evro,panel,65000.0,782031250.0,USD,Ташкентская область,Ташкент,Шайхантахурский район,"улица Самарканд Дарвоза, 1В",41.319698,69.234291,188,0,1,false,false,false,275348,10,https://api.uybor.uz/api/v1/media/n/17834253988729903.jpeg,2026-07-07T11:56:51.330Z,2026-07-07T11:56:51.328Z,2026-08-21T11:56:51.328Z,https://uybor.uz/listings/1317309,2026-07-21 05:06:32
1317310,2026-07-21,sale,Квартира,,"🏡 Продается уютная 2-комнатная квартира в новостройке рядом с Ботаническим садом!

✔ Общая площадь — 39,91 м²
✔ Формат: отдельная спальня + кухня-гостиная
✔ Просторная лоджия — 5,13 м²
✔ Отделка White Box — все грязные работы уже выполнены, остается сделать ремонт по своему вкусу.

Планировка продумана для комфортной жизни:
• спальня — 11,08 м²;
• кухня-гостиная — 12,42 м²;
• просторная прихожая — 6,94 м²;
• санузел — 4,34 м²;
• большая лоджия с дополнительным пространством для отдыха или рабочего места.

Отличное расположение рядом с Ботаническим садом — свежий воздух, прогулочные зоны, удобная транспортная развязка и вся необходимая инфраструктура в шаговой доступности.

Идеальный вариант как для собственного проживания, так и для инвестиции с последующей сдачей в аренду.

📞 Звоните или пишите, отвечу на все вопросы и организую просмотр квартиры.",1,40.0,13,16,true,kapital,monolit,57000.0,685781250.0,USD,Ташкентская область,Ташкент,Мирзо-Улугбекский район,"улица Шахриабад, 34/2, подъезд 5",41.350437,69.329216,257,1,0,false,false,false,286003,4,https://api.uybor.uz/api/v1/media/n/17834256228161140.jpg,2026-07-07T12:02:46.892Z,2026-07-07T12:02:46.890Z,2026-08-21T12:02:46.890Z,https://uybor.uz/listings/1317310,2026-07-21 05:06:32
1317311,2026-07-21,sale,Квартира,,"Ц-4 массив Кашгар рядом кафе ""Бухоро"" супермаркет корзинка улица Алишера Новаи пересечение с ул.Шарафа Рашидова недалеко от метро Мустакиллик,Алайский Базар.

Общая площадь : 90 кв.м

Продается:  4 х комнатная светлая просторная квартира с отличным евро ремонтом ,обставленная частично современной мебелью и бытовой техникой.

Количество комнат : 4

Санузел раздельный

Этаж : 2

Этажность: 4

Лоджия 2 х 6 метров.

Район имеет развитую инфраструктуру: школы, детские сады, магазины супермаркеты, развлекательные заведение.

Помощь в проведении сделки.

Оперативный показ.

Собственника недвижимости представляет:

ООО «GOLD REAL ESTATE»

лицензия гос. Ком. Конкуренции rl 001 №0041",4,90.0,2,4,false,evro,kirpich,155000.0,1864843750.0,USD,Ташкентская область,Ташкент,Юнусабадский район,"массив Кашгар, 15",41.319157,69.274147,177,0,0,false,false,false,52944,12,https://api.uybor.uz/api/v1/media/n/17834267770416430.png,2026-07-07T12:21:22.143Z,2026-07-07T12:21:22.141Z,2026-08-21T12:21:22.141Z,https://uybor.uz/listings/1317311,2026-07-21 05:06:32
1317313,2026-07-21,sale,Квартира,,Ozimni uyimni sotaman. Uy juda qulay lokatsiyada joylashgan. Hovlilar qoriqlanadi podezdlar toza turadi ozining tozalovchilari bor. Lift yangi buzulmaydi. Balkondan suv ajoyib manzara korinadi. Mebel texnikalar gilam pardalar qoladi.,4,95.0,9,9,false,evro,monolit,135000.0,1624218750.0,USD,Ташкентская область,Ташкент,Чиланзарский район,ЖК Ак-Тепа сохил буйи,41.299141,69.204109,185,2,0,false,false,false,221151,7,https://api.uybor.uz/api/v1/media/n/17834290916225311.jpg,2026-07-07T12:59:32.877Z,2026-07-07T12:59:32.860Z,2026-08-21T12:59:32.860Z,https://uybor.uz/listings/1317313,2026-07-21 05:06:32
1317314,2026-07-21,sale,Квартира,,"Мирабад. Теплый кирпичный дом, окна во двор, настоящий европейский ремонт, очень тихо и уютно. Сразу за Mirabad Avenue.

Полный капитальный ремонт для собственного проживания. Все сделано для максимального комфорта. Ремонт, материалы, инженерия и планировка – все на высшем уровне, качественно и на долгие годы.

Ключевые ценности:
— два санузла;
— гардероб,
— европейский уровень ремонта и дизайна;
— только натуральные европейские материалы, никакого пластика;
— газовый котел Viessmann, индивидуальное отопление;
— smart-кондиционеры Mitsubishi;
— бытовая техника – лучшие модели Electrolux и Franke;
— климат-контроль по комнатам;
— окна во двор, детская площадка и зеленые деревья;
— квартира полностью новая, никто не жил.

Это квартира для состоятельного покупателя, который выбирает только все самое лучшее - суперкомфорт, тишину, тепло, красоту, высокое качество, и одну из лучших локаций в городе.

Такие квартиры делают только для себя и редко продают.

Торг уместен после просмотра.
",3,97.0,2,6,false,custom,kirpich,380000.0,4571875000.0,USD,Ташкентская область,Ташкент,Мирабадский район,"1-й проезд Катта Мирабад, 5/2",41.288254,69.270157,2832,8,1,true,true,true,285994,15,https://api.uybor.uz/api/v1/media/n/17834294472599225.jpg,2026-07-07T13:09:18.760Z,2026-07-19T13:26:00.111Z,2026-08-21T13:09:18.758Z,https://uybor.uz/listings/1317314,2026-07-21 05:06:32
1317315,2026-07-21,sale,Квартира,,"Продается своя квартира в черновой отделке, свободная планировка, двухсторонняя выход окон во двор и на улицу, площадью 126 м2, дом заселен, имеется лифт, во  дворе детская игровая площадка. Адрес Куйлюк-1, д.66Б, кв10",freeLayout,123.0,2,6,true,chernovaya,kirpich,85000.0,1022656250.0,USD,Ташкентская область,Ташкент,Мирабадский район,"1-й квартал, 66В",41.246712,69.317589,249,2,0,false,false,false,286006,3,https://api.uybor.uz/api/v1/media/n/17834313174604107.jpg,2026-07-07T13:38:05.371Z,2026-07-07T13:38:05.370Z,2026-08-21T13:38:05.370Z,https://uybor.uz/listings/1317315,2026-07-21 05:06:32
1317316,2026-07-21,sale,Дом,Частный дом,"Sergli 1 bekat yaqinda joylashgan 4 xona katej sotladi kanalizatsa bor metroga yaqin                    ",4,50.0,,50,false,evro,other,39500.0,475234375.0,USD,Ташкентская область,Ташкент,Янгихаётский район,улица Чаштепа,41.239361,69.194504,478,1,0,false,false,false,286009,3,https://api.uybor.uz/api/v1/media/n/17834349611147477.jpeg,2026-07-07T14:37:10.543Z,2026-07-07T14:37:10.542Z,2026-08-21T14:37:10.542Z,https://uybor.uz/listings/1317316,2026-07-21 05:06:32
1317325,2026-07-21,sale,Квартира,,"ЖК BOBUR RESIDENCE
Ор-р: первая нотариальная 
ЖК узбегим через дорогу
(Яккасарайский район)

3/10/14; площадь: 70м2
БАЛКОН 4м2
Состояние: дизайн проект 
Полностью укомплектована 
Мебель ТЕХНИКА Hoffman 

Закрытый двор/Детская площадка.",3,70.0,10,14,false,evro,kirpich,155000.0,1864843750.0,USD,Ташкентская область,Ташкент,Яккасарайский район,жилой комплекс Узбегим,41.277859,69.256104,158,0,0,false,false,false,62256,10,https://api.uybor.uz/api/v1/media/n/17834485840558536.jpg,2026-07-07T18:23:08.027Z,2026-07-07T18:23:08.025Z,2026-08-21T18:23:08.025Z,https://uybor.uz/listings/1317325,2026-07-21 05:06:32
1317326,2026-07-21,sale,Квартира,,"ЭЛИТНЫЙ КОМПЛЕКС 
""NUR"" А.Кодирий улица 
(ор-р Алайский рынок)

Закрытый охран.двор 
Детские площ., фитнес
Прогулочная зона

2/7/9; площадь: 48м2

Состояние: Евро ЛЮКС 
Укомплектована/новая 
Мебелью и ТЕХНИКОЙ.",2,48.0,7,9,false,evro,kirpich,128000.0,1540000000.0,USD,Ташкентская область,Ташкент,Юнусабадский район,улица Абдуллы Кадыри,41.321648,69.280754,161,0,0,false,false,false,62256,8,https://api.uybor.uz/api/v1/media/n/17834488185518436.jpg,2026-07-07T18:27:03.293Z,2026-07-07T18:27:03.292Z,2026-08-21T18:27:03.292Z,https://uybor.uz/listings/1317326,2026-07-21 05:06:32
1317327,2026-07-21,sale,Квартира,,"GOLDEN House"" 2в3/11/16
КОМПЛЕКС ""Oz Makon""
ПАНОРАМНЫМ ВИДОМ 

МИРАБАДСКИЙ район 
(ор-р Переушка мост)
Нукусская/Фаргона йули 

ОБЩАЯ площадь: 54м2
Состояние: Евро ЛЮКС 
Укомплектована/новая 
Мебелью и ТЕХНИКОЙ.",2,54.0,11,16,false,evro,kirpich,135000.0,1624218750.0,USD,Ташкентская область,Ташкент,Мирабадский район,Ферганское шоссе,41.269856,69.312462,165,0,0,false,false,false,62256,10,https://api.uybor.uz/api/v1/media/n/17834490283555892.jpg,2026-07-07T18:30:33.274Z,2026-07-07T18:30:33.272Z,2026-08-21T18:30:33.272Z,https://uybor.uz/listings/1317327,2026-07-21 05:06:32
1317328,2026-07-21,sale,Квартира,,"ЧИЛАНЗАР 20-КВАРТАЛ 
Ор-р: Глобус мал/ корзинка

3/8/9; площадь: 72м2
Состояние: евро ремонт
Полностью укомплектована 
Мебелью и техникой 

Есть свое парковочное место.",3,72.0,8,9,false,evro,kirpich,90000.0,1082812500.0,USD,Ташкентская область,Ташкент,Чиланзарский район,квартал 20Д,41.266464,69.180428,159,0,2,false,false,false,62256,10,https://api.uybor.uz/api/v1/media/n/17834492310079809.jpg,2026-07-07T18:34:09.304Z,2026-07-07T18:34:09.302Z,2026-08-21T18:34:09.302Z,https://uybor.uz/listings/1317328,2026-07-21 05:06:32
1317329,2026-07-21,sale,Квартира,,"НОВОСТРОЙКА! 4/4/10
Комплекс ”Seoul MUN”
Ориентир: ТРЦ ”NEXT”
(Яккасарайский Район)

ОБЩАЯ Площадь: 118м2
Состояние: Евро - ЛЮКС
С Мебелью и ТЕХНИКОЙ.",4,118.0,4,10,false,evro,kirpich,310000.0,3729687500.0,USD,Ташкентская область,Ташкент,Чиланзарский район,Сеул Мун,41.29858,69.244804,175,0,0,false,false,false,62256,10,https://api.uybor.uz/api/v1/media/n/17834494332265015.jpg,2026-07-07T18:37:28.708Z,2026-07-07T18:37:28.706Z,2026-08-21T18:37:28.706Z,https://uybor.uz/listings/1317329,2026-07-21 05:06:32
1317330,2026-07-21,sale,Квартира,,"Продажа квартиры
Район -  Чиланзар - 6
Ориентир - метро Мирзо-Улугбек 
Комнат - 2×3
Этаж - 2
Этажность - 4
Площадь м² - 45
Состояние - Капитальный ремонт 
Описание - панель,  балкон - 1,5×3 метра, комнаты смежные, санузел раздельный 
Цена - 73.300
Кристина +",2,45.0,2,4,false,sredniy,panel,73300.0,881890625.0,USD,Ташкентская область,Ташкент,Чиланзарский район,6-й квартал,41.286945,69.211113,157,0,0,false,false,false,67829,13,https://api.uybor.uz/api/v1/media/n/17834601304629915.jpeg,2026-07-07T21:35:33.789Z,2026-07-07T21:35:33.787Z,2026-08-21T21:35:33.787Z,https://uybor.uz/listings/1317330,2026-07-21 05:06:32
1317333,2026-07-21,sale,Для бизнеса,Склад,"Предлагается к продаже современный производственно-складской комплекс, предназначенный для хранения, переработки, сортировки, упаковки и отгрузки плодоовощной продукции. Объект полностью готов к эксплуатации и идеально подходит для организации логистического центра, экспортной базы или перерабатывающего предприятия.
Основные характеристики
• Общая площадь территории - 30 516 кв. м.
• Общая площадь складских помещений - 12 668 кв. м.
• 8 холодильных камер ULO общей площадью 3 341 кв. м.
• Общая вместимость холодильных камер - 1 200 тонн.
Холодильные камеры оснащены современным оборудованием с регулируемой атмосферой хранения (ULO), произведенным компаниями Plattenhardt + Wirth GmbH (Германия) и Van Amerongen CA Technology B.V. (Нидерланды). Технология ULO обеспечивает длительное хранение плодоовощной продукции с сохранением ее качества, свежести и товарного вида. Комплекс идеально подходит для хранения, переработки, упаковки и экспорта фруктов и овощей.",,30516.0,,,false,sredniy,other,3324675.32,40000000000.0,UZS,Ферганская область,городской посёлок Янги Маргилан,,улица Янги Фаргона,40.436371,71.716499,35,0,0,false,false,false,286028,13,https://api.uybor.uz/api/v1/media/n/17834868826187840.jpg,2026-07-08T05:02:50.237Z,2026-07-08T05:02:50.235Z,2026-08-22T05:02:50.236Z,https://uybor.uz/listings/1317333,2026-07-21 05:06:32
1317335,2026-07-21,sale,Квартира,,"Продается 2-комнатная квартира в новостройке, 2/10/10-80 000 у.е  на м.Буюк Ипак Йули, ориентир: чайхана Салом, Корзинка. Площадь 70 м². Состояние: евроремонт,мебель,техника.Кадастр есть.",2,70.0,10,10,true,evro,kirpich,80000.0,962500000.0,USD,Ташкентская область,Ташкент,Мирзо-Улугбекский район,Буюк Ипак Йули,41.326092,69.328491,77,0,0,false,false,false,43671,8,https://api.uybor.uz/api/v1/media/n/17834883701893135.jpg,2026-07-08T05:26:13.931Z,2026-07-08T05:26:13.930Z,2026-08-22T05:26:13.930Z,https://uybor.uz/listings/1317335,2026-07-21 05:06:32
1317336,2026-07-21,sale,Квартира,,"Продается квартира Bi Sado Business 
Состояние: Новый ремонт Мебель и техника: Остаются
Собственник. торг на месте",2,41.0,9,9,true,evro,kirpich,85000.0,1022656250.0,USD,Ташкентская область,Ташкент,Яшнабадский район,"Ахангаранское шоссе (дублёр), 55/1",41.302738,69.344261,90,0,0,false,false,false,286030,8,https://api.uybor.uz/api/v1/media/n/17834901847773760.jpg,2026-07-08T05:56:49.357Z,2026-07-08T05:56:49.355Z,2026-08-22T05:56:49.355Z,https://uybor.uz/listings/1317336,2026-07-21 05:06:32
1317337,2026-07-21,sale,Квартира,,"Продается 4-комнатная квартира в новостройке,4/7/10-185 000 у.е, на ул.Махтумкули, ЖК  Poytaxt Residence. Ориентир: IT парк, с/м Макро. Кирпичный дом, 101 м²,2 с/у.Мастер-спальня.Гардеробная.Открытый балкон.Состояние: евроремонт,мебель,техника.Благоустроенный двор,детская площадка.Кадастр есть.",4,101.0,7,10,true,evro,kirpich,185000.0,2225781250.0,USD,Ташкентская область,Ташкент,Яшнабадский район,улица Махтумкули,41.304623,69.310181,73,0,0,false,false,false,43671,8,https://api.uybor.uz/api/v1/media/n/17834911135684600.jpg,2026-07-08T06:11:57.194Z,2026-07-08T06:11:57.192Z,2026-08-22T06:11:57.192Z,https://uybor.uz/listings/1317337,2026-07-21 05:06:32
1317338,2026-07-21,sale,Квартира,,"Продается 3-комнатная квартира в новостройке, 3/3/16 -126 000 у.е в ЖК OzMakon от Golden House, ул.Фаргона-йули. Ориентир: УзБУМ,Первушка. Монолитный дом, площадь 55 м².Состояние: евроремонт,мебель,техника. Гардеробная.Кухня автономная.Закрытый зеленый двор без машин.Детская площадка.Кадастр есть.",3,55.0,3,16,true,evro,monolit,126000.0,1515937500.0,USD,Ташкентская область,Ташкент,Мирабадский район,O'zmakon TJM,41.291019,69.297943,76,0,0,false,false,false,43671,10,https://api.uybor.uz/api/v1/media/n/17834911714019218.jpg,2026-07-08T06:12:58.093Z,2026-07-08T06:12:58.092Z,2026-08-22T06:12:58.092Z,https://uybor.uz/listings/1317338,2026-07-21 05:06:32
1317339,2026-07-21,sale,Квартира,,"Продается 2-комнатная квартира,2/4/9-95 000 у.е на Паркентском. Площадь 65 м².Евроремонт,мебель,техника.Французская планировка,зал 5х6 м.Комнаты и с/у раздельные.Отдельный вход.Возможна ипотека.",2,65.0,4,9,false,evro,panel,95000.0,1142968750.0,USD,Ташкентская область,Ташкент,Яшнабадский район,улица Паркент,41.315166,69.323143,83,0,0,false,false,false,43671,8,https://api.uybor.uz/api/v1/media/n/17834918788654878.jpg,2026-07-08T06:24:42.106Z,2026-07-08T06:24:42.105Z,2026-08-22T06:24:42.105Z,https://uybor.uz/listings/1317339,2026-07-21 05:06:32
1317340,2026-07-21,sale,Квартира,,"Продается 4-комнатная квартира в новостройке, 4/10/10 -195 000 у.е в ЖК New Life УзБум, ул.Фаргона-йули. Ориентир: Первушка мост, УзБУМ. Кирпичный дом, площадь 105 м²,2 с/у.Гардеробная.Состояние: евроремонт,мебель,техника.Полноценный этаж,лифт.Закрытый двор,детская площадка.",4,105.0,10,10,true,evro,monolit,195000.0,2346093750.0,USD,Ташкентская область,Ташкент,Яшнабадский район,"Ферганское шоссе, 147",41.288422,69.302879,75,0,0,false,false,false,43671,10,https://api.uybor.uz/api/v1/media/n/17834935286994156.jpg,2026-07-08T06:52:12.943Z,2026-07-08T06:52:12.942Z,2026-08-22T06:52:12.942Z,https://uybor.uz/listings/1317340,2026-07-21 05:06:32
1317341,2026-07-21,sale,Квартира,,"Гранд мир отель ул.Мирабад пересечение с ул.Шахрисабзская рядом Гранд мир отель,недалеко от метро Космонавты и метро Айбек Мирабадский район.

Общая площадь : 75 кв.м

Продается: 3 х комнатная светлая просторная квартира французской планировки с отличным евро ремонтом ,обставленная частично современной мебелью и бытовой техникой.

Количество комнат : 3

Санузел раздельный

Этаж : 3

Этажность: 9

Балкон 1 х 8 метров.

Район имеет развитую инфраструктуру: школы, детские сады, магазины супермаркеты, развлекательные заведение.

Помощь в проведении сделки.

Оперативный показ.

Собственника недвижимости представляет:

ООО «GOLD REAL ESTATE»

лицензия гос. Ком. Конкуренции rl 001 №0041",3,75.0,3,9,false,evro,panel,135000.0,1624218750.0,USD,Ташкентская область,Ташкент,Яккасарайский район,"улица Мирабад, 12",41.298599,69.26754,70,0,0,false,false,false,52944,7,https://api.uybor.uz/api/v1/media/n/17834951552392223.png,2026-07-08T07:19:27.077Z,2026-07-08T07:19:27.075Z,2026-08-22T07:19:27.075Z,https://uybor.uz/listings/1317341,2026-07-21 05:06:32
1317342,2026-07-21,sale,Квартира,,"Ж\К ""Мирабад Авеню"" элитный  комплекс.

Гранд мир отель ул.Мирабад пересечение с ул.Фидокор (Чехова)  Гранд мир отель, недалеко от Госпитального Базара, метро Космонавты и метро Айбек Мирабадский район.

Общая площадь : 64 кв.м

Продается: В элитном жилом комплексе 2 х комнатная светлая просторная квартира   с отличным евро ремонтом ,обставленная частично современной мебелью и бытовой техникой.

Количество комнат : 2

Санузел совмещен

Этаж : 2

Этажность: 12


Район имеет развитую инфраструктуру: школы, детские сады, магазины супермаркеты, развлекательные заведение.

Помощь в проведении сделки.

Оперативный показ.

Собственника недвижимости представляет:

ООО «GOLD REAL ESTATE»

лицензия гос. Ком. Конкуренции rl 001 №0041",2,64.0,2,12,true,custom,kirpich,250000.0,3007812500.0,USD,Ташкентская область,Ташкент,Мирабадский район,жилой комплекс Мирабад Авеню,41.2915,69.271515,70,0,0,false,false,false,52944,7,https://api.uybor.uz/api/v1/media/n/17834995772823244.png,2026-07-08T08:33:01.867Z,2026-07-08T08:33:01.866Z,2026-08-22T08:33:01.866Z,https://uybor.uz/listings/1317342,2026-07-21 05:06:32
1317343,2026-07-21,sale,Квартира,,"Юнусабад 16. 2/5/16.
ЖК ""Океан"" 68м2
55м2 + балкон 13м2.
ЕВРО Ремонт
Мебель + Техника
Кадастр есть.
Цена: 71.000
Тел: +",2,68.0,5,16,true,evro,panel,71000.0,854218750.0,USD,Ташкентская область,Ташкент,Юнусабадский район,16-й квартал,41.382797,69.302177,84,1,0,false,false,false,177179,8,https://api.uybor.uz/api/v1/media/n/17834999588522443.jpeg,2026-07-08T08:39:21.497Z,2026-07-08T08:39:21.495Z,2026-08-22T08:39:21.495Z,https://uybor.uz/listings/1317343,2026-07-21 05:06:32
1317344,2026-07-21,sale,Квартира,,"Юнусабад 2. 2в3/4/4.ИПОТЕКА🔥
58м2
Балкон 2/6
Комнаты раздельные
Средний ремонт
Рядом Универсам,Базар
Цена: 63900
Тел: +",2,58.0,4,4,false,sredniy,panel,63900.0,768796875.0,USD,Ташкентская область,Ташкент,Юнусабадский район,2-й квартал,41.361214,69.285667,121,0,0,false,false,false,177179,9,https://api.uybor.uz/api/v1/media/n/17835001182182717.jpeg,2026-07-08T08:42:00.834Z,2026-07-08T08:42:00.832Z,2026-08-22T08:42:00.832Z,https://uybor.uz/listings/1317344,2026-07-21 05:06:32
1317346,2026-07-21,sale,Квартира,,Kvartira sotiladi,1,53.0,9,9,false,sredniy,other,55000.0,661718750.0,USD,Ташкентская область,Ташкент,Алмазарский район,"улица Фараби, 5",41.344067,69.207791,120,1,0,false,false,false,286036,5,https://api.uybor.uz/api/v1/media/n/17835036062904358.jpeg,2026-07-08T09:44:09.383Z,2026-07-08T09:44:09.381Z,2026-08-22T09:44:09.381Z,https://uybor.uz/listings/1317346,2026-07-21 05:06:32
1317347,2026-07-21,sale,Квартира,,"Юнусабад 19. 1/2/11.
35м2 + балкон
Хон Сарой новостройка
Евро ремонт
Мебель+техника
Ориентир: батальон,чайка
Цена: 64900
Тел: +",1,35.0,2,11,true,evro,panel,64900.0,780828125.0,USD,Ташкентская область,Ташкент,Юнусабадский район,19-й квартал,41.375134,69.315948,33,0,0,false,false,false,177179,9,https://api.uybor.uz/api/v1/media/n/17835083515531647.jpeg,2026-07-08T10:59:14.769Z,2026-07-08T10:59:14.767Z,2026-08-22T10:59:14.767Z,https://uybor.uz/listings/1317347,2026-07-21 05:06:32
1317348,2026-07-21,sale,Квартира,,"Юнусабад 5. 3/4/5. ИПОТЕКА🔥
72м2
Балкон 2/6
Комнаты раздельные
Хороший ремонт
Ориентир: Шифо Нур
Цена: 80.000
Тел: +",3,72.0,4,5,false,sredniy,panel,80000.0,962500000.0,USD,Ташкентская область,Ташкент,Юнусабадский район,5-й квартал,41.361111,69.274643,107,0,1,false,false,false,177179,9,https://api.uybor.uz/api/v1/media/n/17835087416332484.jpeg,2026-07-08T11:05:44.358Z,2026-07-08T11:05:44.356Z,2026-08-22T11:05:44.356Z,https://uybor.uz/listings/1317348,2026-07-21 05:06:32
1317349,2026-07-21,sale,Квартира,,"Юнусабад 14. 3/3/4
72м2
Балкон 2/6
Комнаты раздельные
Средний ремонт
Ориентир: Корзинка, Метро Туркистон
Цена:  82.000
Тел: +",3,72.0,3,4,false,sredniy,panel,81500.0,980546875.0,USD,Ташкентская область,Ташкент,Юнусабадский район,14-й квартал,41.372028,69.303703,89,0,0,false,false,false,177179,8,https://api.uybor.uz/api/v1/media/n/17835088077495335.jpeg,2026-07-08T11:06:50.069Z,2026-07-08T11:06:50.068Z,2026-08-22T11:06:50.068Z,https://uybor.uz/listings/1317349,2026-07-21 05:06:32
1317350,2026-07-21,sale,Квартира,,"Юнусабад 18. 1/3/4.ИПОТЕКА🔥
44м2.
76 серия, Кирпич
Балкон 1.2/6
Большой зал 7/3
Средний ремонт
Ориентир: Чехов клуб
Цена: 50.000 срочно🔥
Тел: +",1,43.0,3,4,false,kapital,kirpich,50000.0,601562500.0,USD,Ташкентская область,Ташкент,Юнусабадский район,18-й квартал,41.369759,69.317627,109,1,0,false,false,false,177179,9,https://api.uybor.uz/api/v1/media/n/17835092876819196.jpeg,2026-07-08T11:14:51.138Z,2026-07-08T11:14:51.136Z,2026-08-22T11:14:51.136Z,https://uybor.uz/listings/1317350,2026-07-21 05:06:32
1317351,2026-07-21,sale,Квартира,,"Юнусабад 11. 2/7/9.ИПОТЕКА🔥
58м2.
Франция, зал 5/6
Общий коридор
Средний ремонт
Комнаты раздельные
Ориентир: Хавас, по линии метро
Цена:  61.500
Тел: +",2,58.0,7,9,false,sredniy,panel,61500.0,739921875.0,USD,Ташкентская область,Ташкент,Юнусабадский район,11-й квартал,41.370537,69.28997,86,1,0,false,false,false,177179,4,https://api.uybor.uz/api/v1/media/n/17835096284751909.jpeg,2026-07-08T11:20:30.362Z,2026-07-08T11:20:30.361Z,2026-08-22T11:20:30.361Z,https://uybor.uz/listings/1317351,2026-07-21 05:06:32
1317353,2026-07-21,sale,Квартира,,"Срочно продается квартира в Алмазарском районе
Адрес: Алмазарском районе Каракамыш 2/4
Ориентир: Корзинка
 
#Комнат — 4
Этаж — 3
Этажность — 4
Площадь: 85м²
Французская планировка
Санузел раздельный
Косметический ремонт, электрика, сантехника все новое
Иметься свое парковочное место

#Цена: 88 000у.е.",4,85.0,3,4,false,sredniy,other,88000.0,1058750000.0,USD,Ташкентская область,Ташкент,Алмазарский район,квартал 2/4,41.367752,69.209686,121,0,0,false,false,false,17660,10,https://api.uybor.uz/api/v1/media/n/17835115955256286.jpg,2026-07-08T11:53:23.023Z,2026-07-08T11:53:23.022Z,2026-08-22T11:53:23.022Z,https://uybor.uz/listings/1317353,2026-07-21 05:06:32
1317354,2026-07-21,sale,Квартира,,"Продаётся Квартира / Новостройка ЖК “Кукча Дарвоза ”
Адрес: Ул Кукча Дарвоза , Шайхантахурский р-н 
Ориентир : 1 Горбольница

Комнат -3
Этаж: 3
Этажность - 10
Площадь - 111м² 
Кирпич.
Состояние: черновая отделка . 
#Цена : 144 300 у.е

Так же имеются квартиры: 
Блок Д 10 этаж 3 комнатная 86 кв 900 у.е за кв
Блок Д 9 этаж 3 комнатная 89 кв 1.100 у.е за кв
Блок Б 7 этаж 3 комнатная 116 кв цена 1.200у.е за кв
Блок Д 3 этаж 3 комнатная 146 кв 1.300у.еза кв

",3,111.0,3,10,true,chernovaya,kirpich,144300.0,1736109375.0,USD,Ташкентская область,Ташкент,Учтепинский район,улица Кукча Дарвоза,41.316143,69.190613,134,0,0,false,false,false,17660,3,https://api.uybor.uz/api/v1/media/n/17835116667186727.jpg,2026-07-08T11:54:54.437Z,2026-07-08T11:54:54.436Z,2026-08-22T11:54:54.436Z,https://uybor.uz/listings/1317354,2026-07-21 05:06:32
1317355,2026-07-21,sale,Квартира,,"Срочно продается квартира по супервыгодной цене!
В одном из лучших районов города
Адрес: Мирзо-Улугбек Максим Горький
Ориентир: Салом чайхана
 
#Комнат — 2
Этаж — 10
Этажность — 10
Площадь: 70м² по кадастру

Новый качественный ремонт
Удобная планировка
Просторная кухня и большие комнаты
Чистый подъезд, хорошие соседи

#Цена: 81 000у.е.
",2,70.0,10,10,true,evro,other,81000.0,974531250.0,USD,Ташкентская область,Ташкент,Мирзо-Улугбекский район,Буюк Ипак Йули,41.326092,69.328491,87,0,0,false,false,false,17660,8,https://api.uybor.uz/api/v1/media/n/17835117711825285.jpg,2026-07-08T11:56:14.831Z,2026-07-08T11:56:14.830Z,2026-08-22T11:56:14.830Z,https://uybor.uz/listings/1317355,2026-07-21 05:06:32
1317357,2026-07-21,sale,Квартира,,"Квартира очень просторная. Имеется два закрытых балкона, на одном установлен тапчан и с него открывается шикарный вид на город и мечеть. Санузел раздельный. Шестой этаж. 
Торг уместен. 

Kvartira juda keng. Ikki yopilgan balkon mavjud, ulardan birida tapchan o‘rnatilgan va u yerdan shahar hamda masjidga ajoyib manzara ochiladi. Hojatxona va hammom alohida. Oltinchi qavat. Savdolashish mumkin.",4,125.0,6,7,false,kapital,monolit,150000.0,1804687500.0,USD,Ташкентская область,Ташкент,Шайхантахурский район,площадь Чорсу,41.322388,69.234695,133,0,0,false,false,false,276221,9,https://api.uybor.uz/api/v1/media/n/17835117556051298.jpg,2026-07-08T11:58:35.183Z,2026-07-08T11:58:35.182Z,2026-08-22T11:58:35.182Z,https://uybor.uz/listings/1317357,2026-07-21 05:06:32
1317359,2026-07-21,sale,Дом,Коттедж,"Продаётся коттедж в Яшнабадском районе 
Адрес :Яшнабадский район, проезд Алимкент 
Ориентир: Военная скола № 153
Дом 2 этажа 
Площадь участка: 2 сотки  
Площадь дома: 90м2 
Общий двор
Количество комнат: 3 комнаты, зал, кухня, 2 санузла
Состояние с ремонтом, мебель частично остается 
Имеется свое парковочное место 

#Цена 125 000 у.е. стартовая  

",3,90.0,,2,false,sredniy,kirpich,125000.0,1503906250.0,USD,Ташкентская область,Ташкент,Яшнабадский район,1-й проезд Алимкент,41.293781,69.333435,74,0,0,false,false,false,17660,15,https://api.uybor.uz/api/v1/media/n/17835122847659934.jpg,2026-07-08T12:12:35.445Z,2026-07-08T12:12:35.443Z,2026-08-22T12:12:35.443Z,https://uybor.uz/listings/1317359,2026-07-21 05:06:32
1317360,2026-07-21,sale,Квартира,,"Продаётся Квартира Чиланзар 9 квартал
Адрес: Чиланзарский район
Ориентир: Афруз Чорраха, вдоль дороги


#Комнат — 1
Этаж — 3
Этажность — 4
Площадь: 36 кв.м
Балкон 2*3
Состояние: Евроремонт
Продается с мебелью и техникой

#Цена 58 000 у.е
",1,36.0,3,4,false,evro,other,58000.0,697812500.0,USD,Ташкентская область,Ташкент,Чиланзарский район,9-й квартал,41.288349,69.199013,95,0,0,false,false,false,17660,9,https://api.uybor.uz/api/v1/media/n/17835128200691173.jpg,2026-07-08T12:13:47.477Z,2026-07-08T12:13:47.476Z,2026-08-22T12:13:47.476Z,https://uybor.uz/listings/1317360,2026-07-21 05:06:32
1317362,2026-07-21,sale,Квартира,,"Срочно продаётся квартира 
Французская планировка  
Адрес: Чиланзарский район, Алгоритм Гулистан  
Отдельный вход 

#Комнат — 2
Этаж — 3
Этажность — 9
Площадь: 65м²
Состояние: без ремонта 
 
#Цена: 66 500у.е.
Возможно ипотека 
",2,65.0,3,9,false,kapital,other,66500.0,800078125.0,USD,Ташкентская область,Ташкент,Учтепинский район,улица Гулистан,41.263912,69.156937,101,0,0,false,false,false,17660,6,https://api.uybor.uz/api/v1/media/n/17835129968758978.jpg,2026-07-08T12:16:40.206Z,2026-07-08T12:16:40.205Z,2026-08-22T12:16:40.205Z,https://uybor.uz/listings/1317362,2026-07-21 05:06:32
1317363,2026-07-21,sale,Квартира,,"Продается квартира Новостройка ЖК QADRIYAT (Кадрият)
Сдача конец 2027
Адрес: ул. С.Машхадий , Яшнобадский р-н
Ориентир : Завод Шампанских Вин

Комнат : 2
Этаж: 7
Этажность : 12
Площадь : 73м2
Кухня-Зал студия , 2 спальни. 3 Балкона. Сан/узел совмещен
Кирпич. Квартиры сдаются с перегородками и штукатуркой стен
#Цена: 850 уе за 1м2",2,73.0,7,12,true,chernovaya,other,62050.0,746539062.5,USD,Ташкентская область,Ташкент,Яшнабадский район,улица Султанали Машхади,41.311062,69.31974,135,0,2,false,false,false,17660,5,https://api.uybor.uz/api/v1/media/n/17835130885938691.jpg,2026-07-08T12:18:22.291Z,2026-07-08T12:18:22.290Z,2026-08-22T12:18:22.290Z,https://uybor.uz/listings/1317363,2026-07-21 05:06:32
1317365,2026-07-21,sale,Квартира,,"Продается квартира Новостройка AKAY CITY
Элитный комплекс 
Адрес: Мирзо Улугбекский район, Х.Алимджана/К.Ниязова

Комнат – 2
Этаж - 10
Этажность - 25
Площадь: 50 м²
Состояние: с ремонтом и мебелью 

#Цена: 125 000у.е.",2,50.0,10,25,true,evro,other,125000.0,1503906250.0,USD,Ташкентская область,Ташкент,Мирзо-Улугбекский район,улица Хамида Алимджана,41.314312,69.293167,84,0,0,false,false,false,17660,10,https://api.uybor.uz/api/v1/media/n/17835132900225375.jpg,2026-07-08T12:21:36.512Z,2026-07-08T12:21:36.511Z,2026-08-22T12:21:36.511Z,https://uybor.uz/listings/1317365,2026-07-21 05:06:32
1317366,2026-07-21,sale,Квартира,,"Продается Квартира / Новостройка  /
Адрес: Мирзо-Улугбекский район
Ориентир: Паркентский, Макро  

#Комнат — 2
Этаж — 6
Этажность — 8
Площадь: 64 кв.м

Состояние: С ремонтом
Мебель и техника

#Цена: 100 000 у.е
",2,64.0,6,8,false,evro,kirpich,100000.0,1203125000.0,USD,Ташкентская область,Ташкент,Яшнабадский район,улица Паркент,41.315166,69.323143,86,1,0,false,false,false,17660,10,https://api.uybor.uz/api/v1/media/n/17835134371142179.jpg,2026-07-08T12:24:00.064Z,2026-07-08T12:24:00.063Z,2026-08-22T12:24:00.063Z,https://uybor.uz/listings/1317366,2026-07-21 05:06:32
1317367,2026-07-21,sale,Дом,Коттедж,"Продаётся Частный Дом Назарбек
Адрес: Назарбек Мевазор

Площадь участка : 1.6 сотки
Площадь дома : 110м2
Количество комнат: 4
Этажность : 1
Состояние : с ремонтом, мебель +техника

#Цена: 68 000 у.е. стартовая
",4,110.0,,1,false,evro,other,68000.0,818125000.0,USD,Ташкентская область,Ташкент,Учтепинский район,улица Назарбек,41.305408,69.1698,113,2,0,false,false,false,17660,8,https://api.uybor.uz/api/v1/media/n/17835136645441497.jpg,2026-07-08T12:27:47.394Z,2026-07-08T12:27:47.393Z,2026-08-22T12:27:47.393Z,https://uybor.uz/listings/1317367,2026-07-21 05:06:32
1317368,2026-07-21,sale,Квартира,,"Продается квартира ЖК NRG Qorasuv
Адрес: Мирзо Улугбекский район, ул. Темура Малика
Ориентир: Баня «С легким паром»

#Комнат — 2
Этаж — 3
Этажность — 8
Площадь: 64м²
Состояние: White box
Описание: Ремонт выполнен на 30% возможность завершить интерьер под свой вкус
На территории дома имеется подземный паркинг. Детская площадка.
Хорошая локация. Инфраструктура в шаговой доступности.

#Цена: 100 000 у.е.",2,64.0,3,8,false,chernovaya,other,100000.0,1203125000.0,USD,Ташкентская область,Ташкент,Мирзо-Улугбекский район,улица Тимура Малика,41.323219,69.364891,140,0,0,false,false,false,17660,10,https://api.uybor.uz/api/v1/media/n/17835137832651946.jpg,2026-07-08T12:29:46.810Z,2026-07-08T12:29:46.808Z,2026-08-22T12:29:46.808Z,https://uybor.uz/listings/1317368,2026-07-21 05:06:32
1317369,2026-07-21,sale,Земельный участок,Жилой,"Ухоженная усадьба-ферма 24 сотки в Назарбеке – готовый дом, бассейн и зона под животноводство/агробизнес",,,,,false,,,280000.0,3368750000.0,USD,Ташкентская область,,,махаллинский сход граждан Саховат,41.292873,69.056686,172,0,0,false,false,false,286046,15,https://api.uybor.uz/api/v1/media/n/17835139458012053.jpeg,2026-07-08T12:33:44.765Z,2026-07-08T12:33:44.763Z,2026-08-22T12:33:44.763Z,https://uybor.uz/listings/1317369,2026-07-21 05:06:32
1317370,2026-07-21,sale,Дом,Частный дом,с ремонтом 4 комнаты +кухня (новый Ташкентский район) БАЛИКЧИ,5,600.0,,1,false,evro,kirpich,150000.0,1804687500.0,USD,Ташкентская область,Ташкент,Бектемирский район,улица Юкори Чирчик,41.23534,69.350693,195,1,0,false,false,false,286045,7,https://api.uybor.uz/api/v1/media/n/17835138119869688.jpg,2026-07-08T12:33:53.398Z,2026-07-08T12:33:53.397Z,2026-08-22T12:33:53.397Z,https://uybor.uz/listings/1317370,2026-07-21 05:06:32
1317372,2026-07-21,sale,Квартира,,"Продается 3-комнатная квартира в новостройке ЖК Assalom Bog'lar от Golden House, 3/6/16-113 000 у.е на ул.Шахриабад,ориентир: Ялангач,бывшая Налоговая. Монолитный дом, площадь 77 м².Кухня автономная.Состояние: коробка,white box.Кадастр есть.",3,77.0,6,16,false,chernovaya,monolit,113000.0,1359531250.0,USD,Ташкентская область,Ташкент,Мирзо-Улугбекский район,Assalom Bog'lar TJM,41.349972,69.329308,152,0,0,false,false,false,43671,10,https://api.uybor.uz/api/v1/media/n/17835180603618582.jpg,2026-07-08T13:41:11.388Z,2026-07-08T13:41:11.386Z,2026-08-22T13:41:11.386Z,https://uybor.uz/listings/1317372,2026-07-21 05:06:32
1317375,2026-07-21,sale,Дом,Частный дом,"Дом находится не далеко от парка новый Узбекистан ",4,100.0,,1,false,evro,kirpich,184800.00000000003,2223375000.0,USD,Ташкентская область,Ташкент,Мирзо-Улугбекский район,улица Булакбаши,41.333803,69.456875,180,0,0,false,false,false,286052,11,https://api.uybor.uz/api/v1/media/n/17835234847295621.jpeg,2026-07-08T15:11:36.491Z,2026-07-08T15:11:36.489Z,2026-08-22T15:11:36.489Z,https://uybor.uz/listings/1317375,2026-07-21 05:06:32
1317377,2026-07-21,sale,Квартира,,Тинчлик метро олдида 3 хона 3 этаж 5 этажли уй сотилади янги ремонтдан чикган лифтлари бор пишган гиштдан курилган уй узимники,3,100.0,3,5,true,evro,kirpich,124000.0,1491875000.0,USD,Ташкентская область,Ташкент,Алмазарский район,обводная улица Нурафшон,41.341759,69.237435,176,0,0,false,false,false,210504,6,https://api.uybor.uz/api/v1/media/n/17835313160382816.jpeg,2026-07-08T17:22:09.847Z,2026-07-08T17:22:09.846Z,2026-08-22T17:22:09.846Z,https://uybor.uz/listings/1317377,2026-07-21 05:06:32
1317380,2026-07-21,sale,Квартира,,"Тошкент шаҳар Сергели тумани 2 мавзе Г-40 2-дом 50-хонадон. Ориентир: Ярмарка Корзинка РОВД Спорткомплекс. Мактаб, боғча, кафе, ресторан, парк, мусиқа мактаби, шифохона, София, автобус бекатлари, метро бекатидан 1км каби қулай локация. Мебел ва техникалари(2та кондиционер, тв, холодильник, микроволновка, электр ва газ плита, кирювиш машинаси, сув фильтр Аура), кладовка хам мавжуд. Свет, газ, совуқ сув, иссиқ сув ва иситиш тизими марказлашган, интернет, тв кабель, лифт енги, домофон каби қулайликлар мавжуд. ",6+,143.2,4,9,false,evro,panel,130000.0,1564062500.0,USD,Ташкентская область,Ташкент,Сергелийский район,"массив Сергели-2, 40Г",41.213772,69.225647,553,0,0,false,false,false,249896,3,https://api.uybor.uz/api/v1/media/n/17835354126909012.jpeg,2026-07-08T18:30:20.978Z,2026-07-08T18:30:20.976Z,2026-08-22T18:30:20.976Z,https://uybor.uz/listings/1317380,2026-07-21 05:06:32
1317381,2026-07-21,sale,Дом,Частный дом,"ПРОДАЕТСЯ_ДОМ
на Кокча 
#Шайхантахурский_район
Ор.р: Кокча Масжид оркасида

#Соток_6
Комната: 8+ 2 Ошхона
2025 ремонт қилинган, кириб яшашга тайёр
Газ, свет, сув бор 
Хужжатлари жойида 
Барча қулайликлар яқин 
Санузел:2
Состояние: Евро ремонт.",6+,600.0,,1,false,evro,kirpich,270000.0,3248437500.0,USD,Ташкентская область,Ташкент,Шайхантахурский район,проспект Бунёдкор,41.305576,69.236366,190,0,1,false,false,false,62256,8,https://api.uybor.uz/api/v1/media/n/17835356156762757.jpg,2026-07-08T18:33:45.247Z,2026-07-08T18:33:45.246Z,2026-08-22T18:33:45.246Z,https://uybor.uz/listings/1317381,2026-07-21 05:06:32
1317382,2026-07-21,sale,Квартира,,"ПРОДАЕТСЯ 3/7/10
НОВОСТРОЙКА 
ЖК Статус
на: Карасув 6
#Мирзо_улугбекский_район
Ор.р:базар Карасув

#Комната_3
Этаж: 7
Этажность:10 
Общая площадь:  100м2
Состояние: евро ремонт 
С МЕБЕЛЬЮ И ТЕХНИКОЙ.",3,100.0,7,10,false,evro,kirpich,185000.0,2225781250.0,USD,Ташкентская область,Ташкент,Мирзо-Улугбекский район,6-й квартал,41.319412,69.354134,115,0,0,false,false,false,62256,10,https://api.uybor.uz/api/v1/media/n/17835358129658065.jpg,2026-07-08T18:36:58.572Z,2026-07-08T18:36:58.570Z,2026-08-22T18:36:58.570Z,https://uybor.uz/listings/1317382,2026-07-21 05:06:32
1317383,2026-07-21,sale,Квартира,,"ПРОДАЕТСЯ 4/24/25
НОВОСТРОЙКА 
ЖК Akay city
Мирзо_улугбекский район

Комната:4
Этаж: 24
Этажность: 25
Площадь:  115кв.м
Состояние: евро ремонт 
С МЕБЕЛЬЮ И ТЕХНИКОЙ
Уникальным видом на город.",4,115.0,24,25,false,evro,kirpich,255000.0,3067968750.0,USD,Ташкентская область,Ташкент,Мирзо-Улугбекский район,жилой комплекс Akay City,41.32074,69.294792,148,0,0,false,false,false,62256,10,https://api.uybor.uz/api/v1/media/n/17835360006974280.jpg,2026-07-08T18:40:05.218Z,2026-07-08T18:40:05.217Z,2026-08-22T18:40:05.217Z,https://uybor.uz/listings/1317383,2026-07-21 05:06:32
1317384,2026-07-21,sale,Квартира,,"ПРОДАЕТСЯ 2/3/7
НОВОСТРОЙКА 
ЖК Boulevard
на: Ташкент Сити
 Шайхантахурский район
Вид на Парк и на Милану

Комната:2
Этаж: 3
Этажность: 7
Площадь:  68кв.м
Состояние: Евро ремонт
С МЕБЕЛЬЮ И ТЕХНИКОЙ
Никто не жил.",2,68.0,3,7,false,evro,kirpich,355000.0,4271093750.0,USD,Ташкентская область,Ташкент,Шайхантахурский район,жилой комплекс Boulevard,41.316528,69.244179,135,0,0,false,false,false,62256,10,https://api.uybor.uz/api/v1/media/n/17835361766323625.jpg,2026-07-08T18:43:01.175Z,2026-07-08T18:43:01.174Z,2026-08-22T18:43:01.174Z,https://uybor.uz/listings/1317384,2026-07-21 05:06:32
1317385,2026-07-21,sale,Квартира,,"
Шайхонтахурский_район
Адрес: Tashkent city 
ЖК Boulvar

Вид на парк и фонтан 
Комнат: 4
Этаж: 5
Этажность: 7
Общая площадь: 116 кв
Состояние: коробка.",4,116.0,5,7,false,kapital,kirpich,780000.0,9384375000.0,USD,Ташкентская область,Ташкент,Шайхантахурский район,жилой комплекс Boulevard,41.316528,69.244179,164,0,0,false,false,false,62256,4,https://api.uybor.uz/api/v1/media/n/17835363576645586.jpg,2026-07-08T18:46:03.125Z,2026-07-08T18:46:03.124Z,2026-08-22T18:46:03.124Z,https://uybor.uz/listings/1317385,2026-07-21 05:06:32
1317386,2026-07-21,sale,Квартира,,"ПРОДАЕТСЯ 2в3/14/14
НОВОСТРОЙКА 
ЖК Prestige Gardens
Яккасарайский_район

Комната_3
Этаж: 14
Этажность: 14
Общая площадь:  60кв.м
Состояние: с ремонтом
С МЕБЕЛЬЮ И ТЕХНИКОЙ
после ремонта не кто не жил.",3,60.0,14,14,false,evro,kirpich,105000.0,1263281250.0,USD,Ташкентская область,Ташкент,Яккасарайский район,Prestige garden turar-joy majmuasi,41.261463,69.22831,125,0,0,false,false,false,62256,10,https://api.uybor.uz/api/v1/media/n/17835365362784750.jpg,2026-07-08T18:49:00.176Z,2026-07-08T18:49:00.175Z,2026-08-22T18:49:00.175Z,https://uybor.uz/listings/1317386,2026-07-21 05:06:32
1317388,2026-07-21,sale,Квартира,,"Продается квартира в Ташкент Сити
Шайхантахурский район 
Ташкент Сити Бульвар 

Комнат: 3
Этаж: 6
Этажность: 7
Площадь: 104 кв.м
Состояние каропка.",3,104.0,6,7,false,kapital,kirpich,550000.0,6617187500.0,USD,Ташкентская область,Ташкент,Шайхантахурский район,махаллинский сход граждан Шайхонтохур,41.326302,69.259827,163,0,0,false,false,false,62256,3,https://api.uybor.uz/api/v1/media/n/17835369611845299.jpg,2026-07-08T18:56:05.559Z,2026-07-08T18:56:05.558Z,2026-08-22T18:56:05.558Z,https://uybor.uz/listings/1317388,2026-07-21 05:06:32
1317390,2026-07-21,sale,Квартира,,"ПРОДАЕТСЯ 3/3/4
на:Лабзак Ц12
Шайхантахурский_район
Ор.р:Анхор парк  Камолон ОШ 

Комната_3
Этаж:3 
Этажность:4 
Общая площадь:72м2
Состояние: Средний ремонт 
С МЕБЕЛЬЮ И ТЕХНИКОЙ

+Парковка
Прямой.",3,72.0,3,4,false,evro,kirpich,99000.0,1191093750.0,USD,Ташкентская область,Ташкент,Шайхантахурский район,улица Лабзак,41.329464,69.263565,121,0,0,false,false,false,62256,10,https://api.uybor.uz/api/v1/media/n/17835371681771516.jpg,2026-07-08T18:59:33.495Z,2026-07-08T18:59:33.494Z,2026-08-22T18:59:33.494Z,https://uybor.uz/listings/1317390,2026-07-21 05:06:32
1317391,2026-07-21,sale,Квартира,,"ЭЛИТНЫЙ КОМПЛЕКС 
Golden House Парисен 
Яккасарайский район 
Красивый охран.двор
Фонтан детская площ.

Комнат : 3
Этаж : 7
Этажность : 8
площадь: 90м2 
Два (2) санузла, балкон 

Состояние: Евро ЛЮКС 
Мебелью и ТЕХНИКОЙ Bosch
Укомплектована/ новая.",3,90.0,7,8,false,evro,kirpich,295000.0,3549218750.0,USD,Ташкентская область,Ташкент,Яшнабадский район,жилой комплекс Махтумкули 2 Golden House,41.305943,69.334137,114,0,0,false,false,false,62256,9,https://api.uybor.uz/api/v1/media/n/17835373658634926.jpg,2026-07-08T19:02:51.176Z,2026-07-08T19:02:51.174Z,2026-08-22T19:02:51.174Z,https://uybor.uz/listings/1317391,2026-07-21 05:06:32
1317392,2026-07-21,sale,Для бизнеса,Офис,"СВОЕ. Продаётся нежилое помещение на улице Бобур.
1-этаж. 3-х комнатная квартира. полностью переоформлена на нежилое. с документами все в порядке.
Первая линия. Два входа отлично под офис/ салон / и др.
Ориентир: ЖК «Пирамид тауэр», Яккасарайский РУВД, ЖК «Узбегим»
Безопасный тихий двор, перед домовая зеленая зона, большая парковка с двух сторон.
Тройной удобный заезд. во двор можно попасть с трех улиц:
Два заезда с улицы Бобур.
+ еще один заезд с улицы Нукусcкая, во дворе много деревьев, ухоженная зелёная зона,
пять минут до международного аэропорта, и прака ""Бобур"".
Очень развитая транспортная инфраструктура.
Помещение оборудовано кондиционерами, все коммуникации подключены.
Помещение свободно и готово к въезду.

Bobur ko‘chasida 3 xonali kvartira sotiladi
1-qavat. Ob'yekt to’liq noturar shakliga o’tgan. Hujjatlar hammasi joyida.
Birinchi qatorda joylashgan. Old va orqa tomondan alohida kirish eshigi bor.
Mo‘ljal: “O‘zbegim” turar joy majmuasi ro’parasida. “Pyramid Tower”; ",,80.0,1,9,false,custom,monolit,225000.0,2707031250.0,USD,Ташкентская область,Ташкент,Яккасарайский район,"улица Бабура, 67/7",41.27845,69.258018,47,0,0,false,false,false,221587,13,https://api.uybor.uz/api/v1/media/n/17835410702272187.jpg,2026-07-08T20:09:16.463Z,2026-07-08T20:09:16.461Z,2026-08-22T20:09:16.461Z,https://uybor.uz/listings/1317392,2026-07-21 05:06:32
1317394,2026-07-21,sale,Квартира,,"Продаю свою квартиру, по очень выгодной цене! 

🏠 ЖК Golden House | Янги Сергели | 3 ком | 79.51м² | 68 000

📍 Ориентир: кафе Jiz Biz, Суд Сергелийского района, Хокимият, Sergeli Cinema


⬇️⬇️ ИНФО ⬇️⬇️

🚪 3 комнаты
🏢 6 этаж из 6
📐 79.51 м²
🏠 Раздельная планировка

✨ Отличный ремонт — заходи и живи!


📑 Документы в порядке


🔥 Отличный вариант по цене ниже рынка!

💵 68 000 у.е. старт 🤝 Небольшой торг уместен

#продажа #GoldenHouse #ЯнгиСергели #3ком #79.51м2 #евроремонт #срочнаяпродажа",3,79.51,6,6,true,evro,kirpich,68000.0,818125000.0,USD,Ташкентская область,Ташкент,Сергелийский район,"улица Янги Сергели, 11/6",41.223595,69.224472,66,3,0,false,false,false,284733,10,https://api.uybor.uz/api/v1/media/n/17835751492869283.jpeg,2026-07-09T05:32:45.191Z,2026-07-09T05:32:45.189Z,2026-08-23T05:32:45.189Z,https://uybor.uz/listings/1317394,2026-07-21 05:06:32
1317395,2026-07-21,sale,Квартира,,"Продается 2(3)-комнатная квартира, 2(3)/2/4-88 000 у.е в на Ц-13,Лабзак.Площадь 60 м².Лоджия 2х9 м.Кирпичный дом.Состояние: среднее,с обстановкой.Входная дверь,рамы и решетки качественные.Подъезд с ремонтом.Не торец.Дом внутри квартала.Возможна ипотека.",2,60.0,2,4,false,sredniy,kirpich,88000.0,1058750000.0,USD,Ташкентская область,Ташкент,Шайхантахурский район,массив Ц-13,41.326904,69.259895,84,0,0,false,false,false,43671,10,https://api.uybor.uz/api/v1/media/n/17835763354794589.jpg,2026-07-09T05:52:29.278Z,2026-07-09T05:52:29.276Z,2026-08-23T05:52:29.276Z,https://uybor.uz/listings/1317395,2026-07-21 05:06:32
1317397,2026-07-21,sale,Квартира,,"Продается 3-комнатная квартира в ЖК Parkwood, 3/10/12-249 000 у.е на ул.Нукус. Ориентир: Госпитальный, пос.России, с/м Макро. Площадь 73,18 м².Открытый балкон.Состояние: евроремонт,мебель,техника.Вид во двор.",3,73.18,10,12,true,evro,monolit,249000.0,2995781250.0,USD,Ташкентская область,Ташкент,Мирабадский район,жилой комплес Парквуд,41.286335,69.272789,119,0,0,false,false,false,43671,10,https://api.uybor.uz/api/v1/media/n/17835773778138816.jpg,2026-07-09T06:10:11.092Z,2026-07-09T06:10:11.090Z,2026-08-23T06:10:11.090Z,https://uybor.uz/listings/1317397,2026-07-21 05:06:32
1317400,2026-07-21,sale,Квартира,," Продается 2-комнатная квартира в новостройке, 2/2/16 -92 000 у.е в ЖК OzMakon от Golden House, ул.Фаргона-йули. Ориентир: УзБУМ,Первушка. Монолитный дом, площадь 43 м².Кухня автономная.Состояние: евроремонт,мебель,техника.Идеально под аренду.Вид во двор.",2,43.0,2,16,true,evro,monolit,92000.0,1106875000.0,USD,Ташкентская область,Ташкент,Мирабадский район,O'zmakon TJM,41.291019,69.297943,117,0,0,false,false,false,43671,10,https://api.uybor.uz/api/v1/media/n/17835786860337238.jpg,2026-07-09T06:31:30.754Z,2026-07-09T06:31:30.751Z,2026-08-23T06:31:30.751Z,https://uybor.uz/listings/1317400,2026-07-21 05:06:32
1317401,2026-07-21,sale,Квартира,,"Продается 3-комнатная квартира в новостройке, ЖК Assalom Sohil на ул.Фаргона Йули. Ориентир: УзБум, Электроаппарат. 3/8/10-140 000 у.е . Площадь: 77 м²,2 с/у.По факту 80 м².Кухня автономная.Монолитный дом. Состояние: евроремонт, мебель,техника.Благоустроенный двор,детские площадки.Много парковочных мест.",3,77.0,8,10,true,evro,monolit,140000.0,1684375000.0,USD,Ташкентская область,Ташкент,Яшнабадский район,жилой комплекс Assalom! Sohil,41.282993,69.308418,121,0,0,false,false,false,43671,10,https://api.uybor.uz/api/v1/media/n/17835787590408517.jpg,2026-07-09T06:32:42.433Z,2026-07-09T06:32:42.432Z,2026-08-23T06:32:42.432Z,https://uybor.uz/listings/1317401,2026-07-21 05:06:32
1317402,2026-07-21,sale,Квартира,,"Ж\К ""OG SAROY"" элитный комплекс.

Паркентский Базар улица Паркент пересечение с ул.Олтин Тепа (быв.Циалковского) Мирзо Улугбекский район.

Общая площадь : 90 кв.м

Продается: В элитном жилом комплексе 3 х комнатная светлая просторная квартира с отличным евро ремонтом ,обставленная  современной мебелью и бытовой техникой.

Количество комнат : 3

Два санузла.

Этаж : 3

Этажность: 7

Район имеет развитую инфраструктуру: школы, детские сады, магазины супермаркеты, развлекательные заведение.

Помощь в проведении сделки.

Оперативный показ.

Собственника недвижимости представляет:

ООО «GOLD REAL ESTATE»

лицензия гос. Ком. Конкуренции rl 001 №0041",3,90.0,3,7,true,custom,kirpich,170000.0,2045312500.0,USD,Ташкентская область,Ташкент,Мирзо-Улугбекский район,Oq saroy turar-joy majmuasi,41.312641,69.333214,146,0,0,false,false,false,52944,7,https://api.uybor.uz/api/v1/media/n/17835825579955156.png,2026-07-09T07:36:09.415Z,2026-07-09T07:36:09.413Z,2026-08-23T07:36:09.413Z,https://uybor.uz/listings/1317402,2026-07-21 05:06:32
1317404,2026-07-21,sale,Квартира,,"Юнусабад 14. 1в2/3/4.
43м2.  
Балкон 2/6
Без ремонта
Место Супер🔥🔥🔥
Ориентир: Корзинка, Метро Туркистон
Цена: 51.500 
",1,43.0,3,4,false,kapital,panel,51500.0,619609375.0,USD,Ташкентская область,Ташкент,Юнусабадский район,14-й квартал,41.372028,69.303703,231,3,0,false,false,false,177179,9,https://api.uybor.uz/api/v1/media/n/17835841795924440.jpeg,2026-07-09T08:03:03.296Z,2026-07-09T08:03:03.294Z,2026-08-23T08:03:03.294Z,https://uybor.uz/listings/1317404,2026-07-21 05:06:32
1317405,2026-07-21,sale,Квартира,,"Продается 1(2)-комнатная квартира, 1(2)/3/4-115 000 у.е на Ц-1. Ориентир: Экопарк. Евроремонт,обстановка,техника.Площадь 45 м².Кирпичный дом.",1,45.0,3,4,false,evro,kirpich,115000.0,1383593750.0,USD,Ташкентская область,Ташкент,Мирзо-Улугбекский район,массив Ц-1 Буюк Ипак Йули,41.312283,69.291855,298,0,0,false,false,false,43671,8,https://api.uybor.uz/api/v1/media/n/17835861111529641.jpg,2026-07-09T08:14:18.044Z,2026-07-09T08:14:18.043Z,2026-08-23T08:14:18.043Z,https://uybor.uz/listings/1317405,2026-07-21 05:06:32
1317406,2026-07-21,sale,Квартира,,"Китайская стена Афросиеб улица пересечение с ул.Буюк Турон и Мирабад рядом метро Космонавты и метро Айбек,недалеко от Бульвара голубые Купола,ЦУМ, МВД ,супермаркет корзинка.

Общая площадь : 96 кв.м

Балкон 1 х 8 метров

Продается:  4 х комнатная французской планировки, светлая просторная квартира с отличным евро ремонтом ,обставленная  современной мебелью и бытовой техникой.

Количество комнат : 4

Санузел раздельный.

Этаж : 8

Этажность: 9

Район имеет развитую инфраструктуру: школы, детские сады, магазины супермаркеты, развлекательные заведение.

Помощь в проведении сделки.

Оперативный показ.

Собственника недвижимости представляет:

ООО «GOLD REAL ESTATE»

лицензия гос. Ком. Конкуренции rl 001 №0041",4,100.0,8,9,false,evro,panel,143000.0,1720468750.0,USD,Ташкентская область,Ташкент,Мирабадский район,"улица Афросиаб, 6",41.301479,69.268936,274,1,0,false,false,false,52944,8,https://api.uybor.uz/api/v1/media/n/17835850743372490.png,2026-07-09T08:18:40.978Z,2026-07-09T08:18:40.977Z,2026-08-23T08:18:40.977Z,https://uybor.uz/listings/1317406,2026-07-21 05:06:32
1317407,2026-07-21,sale,Для бизнеса,Офис,"Паркентский Базар улица Перкент пересечение с ул.Олтин Тепа (Циалковского) Яшнабадский район.

Общая площадь: 312 кв.м . (два кадастра, с отдельным входом, можно приобрести половину  156 кв.м.)

Продаётся цокольный этаж : Помещение на цокольном этаже 7-и этажного кирпичного дома.

Первая линия-отличная видимость и постоянный поток клиентов.

Большие окна-много естественного света

Высота потолков 3 метра.

Все коммуникации подключены.

Удобная парковка.

Подходит под офис, магазин, салон, медицинский центр и другие виды бизнеса.

Отличное вложение для собственного бизнеса или аренды

Состояние : Без ремонта, большие окна, два входа, можно разделить на две части по 156 кв.м, свет вода, канализация (без насоса)

Район имеет развитую инфраструктуру: школы, детские сады, магазины супермаркеты, развлекательные заведение, гостиницы, медицинские клиники, поликлиники.

Для более подробной информацией звоните.

",,312.0,1,7,false,kapital,kirpich,260000.0,3128125000.0,USD,Ташкентская область,Ташкент,Яшнабадский район,"улица Паркент, 172",41.310265,69.33416,347,1,0,false,false,true,52944,12,https://api.uybor.uz/api/v1/media/n/17835871973799996.PNG,2026-07-09T08:53:33.173Z,2026-07-18T07:45:00.124Z,2026-08-23T08:53:33.171Z,https://uybor.uz/listings/1317407,2026-07-21 05:06:32
1317408,2026-07-21,sale,Дом,Коттедж,"Продаётся новый 3 комнатный коттедж 1 сотка 3 комнаты. Площадь коттеджа 50м2. Задний двор 50м2. Комнаты раздельные. Без въезда для машины. Сергелийский район. Махалля Дарё Буйи. Улица Дарё Буйи. Ориентир: Конечная автобусов. Базарчик. 4 остановки до метро Курувчи. Евроремонт. 2х контурный котёл. Тёплые полы. Высокие потолки. Ипотеки нет!

Так же в продаже есть 2 комнатные коттеджи.",3,50.0,,1,false,evro,blok,49500.0,595546875.0,USD,Ташкентская область,Ташкент,Сергелийский район,"улица Дарё Буйи, 75",41.197769,69.249542,203,0,0,false,false,false,115340,9,https://api.uybor.uz/api/v1/media/n/17835885729763670.jpg,2026-07-09T09:16:20.535Z,2026-07-09T09:16:20.533Z,2026-08-23T09:16:20.533Z,https://uybor.uz/listings/1317408,2026-07-21 05:06:32
1317409,2026-07-21,sale,Дом,Коттедж,"Продаётся новый 2 комнатный коттедж в Сергелийском районе. Махалля Дарё Буйи. Улица Дарё Буйи. Ориентир: Конечная автобусов. Базарчик. 4 остановки до метро Курувчи. Площадь коттеджа 40м2. Без земли. Комнаты раздельные. Евроремонт. 2х контурный котёл. Тёплые полы. Высокие потолки. Ипотеки нет!

Так же в продаже есть 2 и 3 комнатные коттеджи.",2,40.0,,1,false,evro,blok,39000.0,469218750.0,USD,Ташкентская область,Ташкент,Сергелийский район,"улица Дарё Буйи, 75",41.197769,69.249542,204,0,0,false,false,false,115340,8,https://api.uybor.uz/api/v1/media/n/17835888071398757.jpg,2026-07-09T09:20:39.779Z,2026-07-09T09:20:39.778Z,2026-08-23T09:20:39.778Z,https://uybor.uz/listings/1317409,2026-07-21 05:06:32
1317410,2026-07-21,sale,Квартира,,"Продается квартира Чиланзар-26
Адрес: Учтепинский район, 26 квартал  
Ориентир: Школа № 107, бывший Акфа завод  

 
#Комнат — 3
Этаж — 5
Этажность — 5
Площадь: 68м²
Московская планировка
Балкон 2,20*6
Состояние: Средние


#Цена: 67 000у.е.",3,68.0,5,5,false,sredniy,other,67000.0,806093750.0,USD,Ташкентская область,Ташкент,Учтепинский район,26-й квартал,41.276863,69.178696,220,1,0,false,false,false,17660,10,https://api.uybor.uz/api/v1/media/n/17835889092964164.jpg,2026-07-09T09:21:55.703Z,2026-07-09T09:21:55.701Z,2026-08-23T09:21:55.701Z,https://uybor.uz/listings/1317410,2026-07-21 05:06:32
1317411,2026-07-21,sale,Дом,Коттедж,"Продаётся новый 2 комнатный коттедж в Сергелийском районе. Махалля Дарё Буйи. Улица Дарё Буйи. Ориентир: Конечная автобусов. Базарчик. 4 остановки до метро Курувчи. Площадь коттеджа 32м2. Без земли. Комнаты раздельные. Евроремонт. 2х контурный котёл. Тёплые полы. Высокие потолки. Ипотеки нет!

Так же в продаже есть и другие 2 и 3 комнатные коттеджи.",2,32.0,,1,false,evro,blok,36500.0,439140625.0,USD,Ташкентская область,Ташкент,Сергелийский район,"улица Дарё Буйи, 75",41.197769,69.249542,222,0,0,false,false,false,115340,9,https://api.uybor.uz/api/v1/media/n/17835890234728424.jpg,2026-07-09T09:23:55.960Z,2026-07-09T09:23:55.958Z,2026-08-23T09:23:55.958Z,https://uybor.uz/listings/1317411,2026-07-21 05:06:32
1317412,2026-07-21,sale,Квартира,,"3/2/4 
Шикарная трёхкомнатная квартира
Юнусабадский Район 18 Квартал Ориентир Чайка 
кирпичный дом
С евроремонтом
Неторцевая 
Все комнаты раздельные
Балкон 6 на 2 
Туалет и ванна Раздельные 
Окна пластиковые;
кухонный гарнитур,
в шаговой доступности всё, что только можно пожелать: детские сады, Школа № 257, № 288, овощной базарчик, 5 и 7 горбольница, Мегапланет, строительный базар, Юнусабадское ГАИ, Метро Туркистан
Отличное месторасположение 
Очень развитая инфраструктура
Имеется торг
Звонить по номеру 
Дониёр
",3,67.0,2,4,false,evro,kirpich,92500.0,1112890625.0,USD,Ташкентская область,Ташкент,Юнусабадский район,18-й квартал,41.369759,69.317627,272,2,0,false,false,false,207721,11,https://api.uybor.uz/api/v1/media/n/17835904639889754.jpg,2026-07-09T09:48:31.222Z,2026-07-09T09:48:31.220Z,2026-08-23T09:48:31.220Z,https://uybor.uz/listings/1317412,2026-07-21 05:06:32
1317413,2026-07-21,sale,Квартира,,Yaxshi xolatdagi dom va uy. Atrof daraxtlar bilan o'ralgan. 2 ta maktab va bog'cha juda yaqin. Barcha sharoitlar mavjud,4,89.0,4,4,false,sredniy,panel,61000.0,733906250.0,USD,Ташкентская область,Чирчик,8-й микрорайон,8-й микрорайон,41.461977,69.550112,164,3,0,false,false,false,286078,9,https://api.uybor.uz/api/v1/media/n/17835907551429369.jpeg,2026-07-09T09:55:15.512Z,2026-07-09T09:55:15.511Z,2026-08-23T09:55:15.511Z,https://uybor.uz/listings/1317413,2026-07-21 05:06:32
1317414,2026-07-21,sale,Для бизнеса,Офис,"Продам свой нежилое помещение в Жилом комплексе Греен Хаус. Локация отличная 250 метров от станции метро Сергелинская, проходимость высокая. Имеется кондиционер, теплый пол, аристон, вытяжная система воздуха и сан узел. Срочно продается так как нужны деньги. За такие деньги вы не купите здесь аналагичный недвижимость ",,51.0,1,10,false,sredniy,kirpich,55000.0,661718750.0,USD,Ташкентская область,Ташкент,Сергелийский район,Янгихаёт,41.213684,69.213898,338,2,1,false,false,false,226819,5,https://api.uybor.uz/api/v1/media/n/17835911427028799.jpg,2026-07-09T10:00:08.524Z,2026-07-15T08:33:29.049Z,2026-08-23T10:00:08.523Z,https://uybor.uz/listings/1317414,2026-07-21 05:06:32
1317417,2026-07-21,sale,Дом,Частный дом,"Yengi tauor uchaska 2 sotix 2 etaj  5 ta spalni 1 ta zal 1 ta oshxona + ledniy oshxona uchun joy alohida hol
+ padval hamma kaminikatsila bor kanalizatsiyayam bor maktab boshqa yaqnda joylashgan karzinkaga 1 km
Toliq malumot rasmlari kere bossa tel qling",6+,2.0,,2,false,evro,other,145000.0,1744531250.0,USD,Ташкентская область,,,Ташкентская область,41.109877,69.713407,153,0,0,false,false,false,286094,6,https://api.uybor.uz/api/v1/media/n/17836033496619624.jpg,2026-07-09T13:26:05.569Z,2026-07-09T13:26:05.568Z,2026-08-23T13:26:05.568Z,https://uybor.uz/listings/1317417,2026-07-21 05:06:32
1317418,2026-07-21,sale,Дом,Частный дом,В доме сделан средний ремонт с внешней и с наружной стороны,5,123.0,,1,false,sredniy,kirpich,70000.0,842187500.0,USD,Ташкентская область,Алмалык,,"улица Тумарис, 33",40.851585,69.623421,144,0,0,false,false,false,264656,9,https://api.uybor.uz/api/v1/media/n/17835992429372083.jpg,2026-07-09T13:40:17.720Z,2026-07-09T13:40:17.718Z,2026-08-23T13:40:17.718Z,https://uybor.uz/listings/1317418,2026-07-21 05:06:32
1317420,2026-07-21,sale,Квартира,,"Продается 4/2/2.Юнусабадский район,5 остановок до центра города,потолки 3.20м.Площадь 84 КВ.м.Рядом детсад,школа,торговый центр.",4,84.0,2,2,false,kapital,kirpich,68000.0,818125000.0,USD,Ташкентская область,Ташкент,Юнусабадский район,"улица Зарбулак, 41",41.356549,69.326889,262,5,0,false,false,false,286086,3,https://api.uybor.uz/api/v1/media/n/17836138572102067.jpeg,2026-07-09T16:18:41.942Z,2026-07-09T16:18:41.941Z,2026-08-23T16:18:41.941Z,https://uybor.uz/listings/1317420,2026-07-21 05:06:32
1317429,2026-07-21,sale,Квартира,,"ЦЕНА СНИЖЕНА 
Продаётся 3 комнатная студия квартира 57 м²  
с ремонтом и мебелью в ЖК Modera Towers (10 этаж)
Продам стильную, полностью готовую к проживанию 3 комнатный студия квартиру в премиум-комплексе Modera Towers (ул. Шота Руставели, Яккасарайский район).
Основные характеристики:
•  Площадь: 57 м²
•  Этаж: 10/25
•  Балкон: открытый
•  Квартира угловая — окна и вид на две стороны (Мирабад Авеню и Перамид  
Ремонт и отделка премиум-класса:
•  Качественный современный ремонт «под ключ»
•  Пол — таркет ёлочка, уложенная по диагонали
•  Мебель из крашеного МДФ + шпон в ТВ-зоне
•  Встроенная подсветка, стильные ниши
•  Сантехника Emrech (встроенная)
•  Вся техника Hoffmann
•  Два кондиционера Midea (18 + 12) — в спальне и гостиной
Квартира полностью обставлена — заезжай и живи! Мебель и техника остаются.
Инфраструктура комплекса:
•  Двор-сад на 6 этаже
•  Фитнес-зал
•  Бассейн (идёт финальный ремонт)
•  Подземный паркинг, охрана 24/7, консьерж
•  Отличная транспортная.",3,57.0,10,25,false,evro,kirpich,199000.0,2394218750.0,USD,Ташкентская область,Ташкент,Яккасарайский район,Modera Towers turar-joy majmuasi,41.292339,69.263664,91,0,0,false,false,false,62256,10,https://api.uybor.uz/api/v1/media/n/17836267617393541.jpg,2026-07-09T19:53:05.928Z,2026-07-09T19:53:05.926Z,2026-08-23T19:53:05.926Z,https://uybor.uz/listings/1317429,2026-07-21 05:06:32
1317437,2026-07-21,sale,Для бизнеса,Офис,"ПРОДАЕТСЯ НЕДВИЖИМОСТЬ ПОД БИЗНЕС ИЛИ ИНВЕСТИЦИЮ
Продается просторный объект с большим двором, который отлично подойдет для различных видов бизнеса:
Гостиница (хостел)
Частная клиника
Учебный центр
Детский сад
Офис или IT-компания
Производство или склад
Торговый объект
Преимущества:
Выгодное расположение рядом с Республиканской больницей.
Большая огороженная территория.
Удобный заезд и просторный двор.
Новая качественная плитка по всему двору.
Современный фасад.
Отдельные помещения.
Есть дополнительное здание и подвальные помещения.
Все необходимые коммуникации.
Хороший подъезд с асфальтированной дороги. 
Если вас интересует это объявление звоните по этому номеру:
+",,150.0,2,2,false,sredniy,kirpich,250000.0,3007812500.0,USD,Самаркандская область,Самарканд,,Самарканд,39.675912,66.959721,168,3,1,false,false,false,281670,3,https://api.uybor.uz/api/v1/media/n/17836311702076170.jpeg,2026-07-09T21:06:13.158Z,2026-07-10T11:51:16.173Z,2026-08-23T21:06:13.157Z,https://uybor.uz/listings/1317437,2026-07-21 05:06:32
1317441,2026-07-21,sale,Дом,Частный дом,Уртачирчикский район Халкобод МФЙ.Уй 3 хона ошхона . тел.,3,85.0,,1,false,custom,blok,29500.0,354921875.0,USD,Ташкентская область,,,махаллинский сход граждан Халкобод,41.080961,69.233572,68,0,0,false,false,false,283124,5,https://api.uybor.uz/api/v1/media/n/17836499070514363.jpeg,2026-07-10T02:18:34.471Z,2026-07-10T02:18:34.469Z,2026-08-24T02:18:34.469Z,https://uybor.uz/listings/1317441,2026-07-21 05:06:32
1317442,2026-07-21,sale,Дом,Частный дом,"4сотих ер 5хона каропка Индекс бозорига 1км да жойлашган метро мактаб богча магазин енида тел ",5,150.0,,1,false,chernovaya,kirpich,100000.0,1203125000.0,USD,Ташкентская область,Ташкент,Янгихаётский район,"улица Бирлик, 37",41.178455,69.221016,87,0,1,false,false,false,284167,3,https://api.uybor.uz/api/v1/media/n/17836562630433470.jpg,2026-07-10T04:04:45.328Z,2026-07-10T04:04:45.327Z,2026-08-24T04:04:45.327Z,https://uybor.uz/listings/1317442,2026-07-21 05:06:32
1317443,2026-07-21,sale,Квартира,,"Квартира новостройка 3 этаж 65 кв ит парк район ялангач  мирзо улугбек 
Детская площадка 
Парковка
Лифт
Я не риелтор своя квартира
It park",3,63.0,3,7,true,chernovaya,kirpich,79000.0,950468750.0,USD,Ташкентская область,Ташкент,Чиланзарский район,метро Мирзо Улугбек,41.282024,69.212585,184,3,0,false,false,false,282827,3,https://api.uybor.uz/api/v1/media/n/17836594170731350.jpg,2026-07-10T04:57:16.679Z,2026-07-10T04:57:16.678Z,2026-08-24T04:57:16.678Z,https://uybor.uz/listings/1317443,2026-07-21 05:06:32
1317444,2026-07-21,sale,Квартира,,"Срочная продажа!3- квартира в Сергели Цена ниже рынка.Такие квартиры долго не стоят.Если ты это читаешь - у тебя есть шанс забрать ее первым.Чистая, светлая, с хорошей энергетикой - квартира в которую приятно зайти. Без лишних вложений - заехал и живёшь с первого дня. Покажу в любое время.Shoshilinch sotiladi! Sergelida 3 xonali kvartira. Bozor narxidan past. Bunday kvartiralar uzoq vaqt turmaydi. Agar siz buni o'qiyotgan bo'lsangiz, uni birinchi bo'lib qo'lga kiritish imkoniyatiga egasiz. Toza, yorug' va energiyaga to'la, kirish yoqimli. Qo'shimcha investitsiya talab qilinmaydi - shunchaki ko'chib kiring va birinchi kundan boshlab yashang. Sizga istalgan vaqtda ko'rsataman. Телцена 79800 келишамиз",3,86.0,2,3,true,evro,kirpich,79800.0,960093750.0,USD,Ташкентская область,Ташкент,Сергелийский район,Сергели,41.22084,69.208725,186,0,0,false,false,false,286114,10,https://api.uybor.uz/api/v1/media/n/17836605375416872.jpeg,2026-07-10T05:18:28.465Z,2026-07-10T05:18:28.463Z,2026-08-24T05:18:28.463Z,https://uybor.uz/listings/1317444,2026-07-21 05:06:32
1317445,2026-07-21,sale,Земельный участок,Жилой,"Площадь: 13 соток
Документы кадастр есть, готовы к продаже
Нежилое назначение (непроизводственная/коммерческая земля), фасад с 3-х сторон, общая длина фасада — 100 метров
Участок расположен в средней части улицы
Свет и вода есть, махалля (район) тихая и спокойная
Есть удобный заезд для грузовых автомобилей 
Подходит под строительство 4–5 домов в ряд, цеха или склада
Дорога в махалле асфальтирована

Ориентир: 2 км от поста ГАИ Рохат, 700 метров вглубь от автомагистрали

",,,,,false,,,149500.0,1798671875.0,USD,Ташкентская область,Ташкент,Новый Ташкентский район,махаллинский сход граждан Ёшлик,41.228073,69.381447,41,0,0,false,false,false,286116,3,https://api.uybor.uz/api/v1/media/n/17836613370442339.jpg,2026-07-10T05:31:46.209Z,2026-07-10T05:31:46.208Z,2026-08-24T05:31:46.208Z,https://uybor.uz/listings/1317445,2026-07-21 05:06:32
1317447,2026-07-21,sale,Квартира,,"Расположение Согдиана ориентир медколледж, все магазины, аптеки, пекарня, больница, клиника, остановка, школа в шаговой доступности. Имеется отопление, хорошие соседи, спокойный подъезд. Все счетчики установлены, долгов нет, установлено отопление запустят в этом году. ",3,62.0,5,5,false,sredniy,panel,55000.0,661718750.0,USD,Самаркандская область,Самарканд,,микрорайон Согдиана-А,39.659306,66.913605,62,0,0,false,false,false,286119,3,https://api.uybor.uz/api/v1/media/n/17836660160208629.jpg,2026-07-10T06:47:17.284Z,2026-07-10T06:47:17.283Z,2026-08-24T06:47:17.283Z,https://uybor.uz/listings/1317447,2026-07-21 05:06:32
1317448,2026-07-21,sale,Квартира,,"Продается 2-комнатная квартира,2/3/4-145 000 у.е на м.Ойбек. Ориентир: кафе LES AILES. Состояние: евроремонт,мебель,техника. Площадь 65 м².Кирпичный дом.",2,65.0,3,4,false,evro,kirpich,145000.0,1744531250.0,USD,Ташкентская область,Ташкент,Мирабадский район,Айбека,41.298153,69.273926,138,0,0,false,false,false,43671,8,https://api.uybor.uz/api/v1/media/n/17836663068277306.jpg,2026-07-10T06:51:50.380Z,2026-07-10T06:51:50.378Z,2026-08-24T06:51:50.378Z,https://uybor.uz/listings/1317448,2026-07-21 05:06:32
1317449,2026-07-21,sale,Для бизнеса,Офис," Продается коммерческое помещение, 1-этаж -450 000 у.е  на ул.Шахрисабз.Ориентир: м.Ойбек.Площадь по кадастру 120 м².Балконы 40 м².Состояние: евроремонт.2-линия,прямой подъезд с большой дороги.Парковка на 3-4 авто.Под любой вид бизнеса.",,120.0,1,4,false,evro,kirpich,450000.0,5414062500.0,USD,Ташкентская область,Ташкент,Мирабадский район,Айбека,41.298153,69.273926,52,0,0,false,false,false,43671,5,https://api.uybor.uz/api/v1/media/n/17836663662264951.jpg,2026-07-10T06:52:49.405Z,2026-07-10T06:52:49.404Z,2026-08-24T06:52:49.404Z,https://uybor.uz/listings/1317449,2026-07-21 05:06:32
1317450,2026-07-21,sale,Дом,Частный дом,"ВСЕ УДОБСТВО ЕСТЬ ПОДРОБНО ПО ТЕЛЕЙОНУ  ",6+,200.0,,1,false,sredniy,kirpich,210000.0,2526562500.0,USD,Ташкентская область,Ташкент,Сергелийский район,"улица Олтинводий, 124",41.26358,69.244133,109,0,0,false,false,false,286122,12,https://api.uybor.uz/api/v1/media/n/17836683817673754.jpeg,2026-07-10T07:27:13.300Z,2026-07-10T07:27:13.298Z,2026-08-24T07:27:13.298Z,https://uybor.uz/listings/1317450,2026-07-21 05:06:32
1317451,2026-07-21,sale,Квартира,,"ЖК «NOVDAR»/ Юнусабад-17
Ор-р: Ташкентский Архитектурно-строительный университет, автобусная Конечка 

#1_комнатная (студия)
10-й этаж
11 этажный кирпичный дом 
Общая площадь 25.2m²

Состояние: свежий авторский ремонт, с мебелью и техникой. с/у совмещенный. ",1,25.1,10,11,true,evro,kirpich,45900.0,552234375.0,USD,Ташкентская область,Ташкент,Юнусабадский район,17-й квартал,41.366058,69.310402,438,2,0,false,false,true,56731,6,https://api.uybor.uz/api/v1/media/n/17836707277706187.jpg,2026-07-10T08:06:05.017Z,2026-07-19T08:09:00.105Z,2026-08-24T08:06:05.015Z,https://uybor.uz/listings/1317451,2026-07-21 05:06:32
1317452,2026-07-21,sale,Квартира,,"Квартира Срочна Сотилади .

4-каватли Панельный Дом.

3-хона 4-этаж 70 м² кв.

Икки томонлама проект Ветрений дом.

Ор-р: Технология Иниститути.

Нархи: 44.500 💸💸💸


Иккиламчи Кредитга Булади",3,70.0,4,4,false,evro,panel,44500.0,535390625.0,USD,Бухарская область,Бухара,,Бухара,39.773623,64.431834,118,1,0,false,false,false,286124,9,https://api.uybor.uz/api/v1/media/n/17836725152327922.jpeg,2026-07-10T08:35:22.340Z,2026-07-10T08:35:22.339Z,2026-08-24T08:35:22.339Z,https://uybor.uz/listings/1317452,2026-07-21 05:06:32
1317453,2026-07-21,sale,Квартира,,"NRG JOMIY/Алмазарский район
Ор-р: круг Джоми 

#2х_комнатная
2-й этаж
12 этажный дом
Общая площадь 72 м2 +балклн
Состояние: авторский ремонт, укомплектована полностью мебелью и техникой. Комнаты раздельные, кухня отдельно, большая.

",2,72.0,2,11,true,custom,kirpich,124000.0,1491875000.0,USD,Ташкентская область,Ташкент,Алмазарский район,ЖК НРГ Жомий,41.351742,69.255455,237,1,0,false,false,false,56731,9,https://api.uybor.uz/api/v1/media/n/17836726999433151.jpg,2026-07-10T08:39:06.545Z,2026-07-10T08:39:06.543Z,2026-08-24T08:39:06.543Z,https://uybor.uz/listings/1317453,2026-07-21 05:06:32
1317457,2026-07-21,sale,Квартира,,"Продаю квартиру в Сергели в новостройке
Квартира новая не разделенная ",freeLayout,78.35,2,12,true,kapital,monolit,85000.0,1022656250.0,USD,Ташкентская область,Ташкент,Янгихаётский район,улица Марказий,41.189083,69.26503,199,0,0,false,false,false,286131,3,https://api.uybor.uz/api/v1/media/n/17836808388086397.jpeg,2026-07-10T10:56:18.109Z,2026-07-10T10:57:43.553Z,2026-08-24T10:56:18.108Z,https://uybor.uz/listings/1317457,2026-07-21 05:06:32
1317458,2026-07-21,sale,Для бизнеса,Готовый бизнес,"Арендный бизнес в Ташкенте: 200 м² 2×этажный здание с арендаторами чистый доход 3000 

Локация: Яккасараском районе махалля Мукумий, Ташкента тел

Финансы:
Ежемесячный чистый прибыл: 3000 
Срок и условия договора аренды: действующий договор на 5 лет с правом пролонгации;
эксплуатационные расходы: коммунальные платежи, охрана, вывоз мусора и т. п. Оплачивает арендатор.

Преимущества:
стабильный денежный поток без участия собственника;
удачное расположение в районе с активным трафиком;
гибкость использования площадей — можно сохранить текущего арендатора либо перезаключить на более выгодных условиях;
участок расширяет функционал объекта и повышает привлекательность для арендаторов.
Риски/нюансы отсутствует 

В сделку входит
Право собственности на помещения и участок
Мебель оборудование техника все что нужно для бизнеса.

Возможен обоснованный торг после проверки документов и осмотра.

Готов оперативно предоставить документы, финансовую модель и организ",,200.0,2,2,false,custom,kirpich,315000.0,3789843750.0,USD,Ташкентская область,Ташкент,Яккасарайский район,"улица Мерос, 10А",41.278454,69.231712,177,1,0,false,false,true,210368,12,https://api.uybor.uz/api/v1/media/n/17842727348856161.jpeg,2026-07-10T11:25:06.785Z,2026-07-20T06:32:00.108Z,2026-08-24T11:25:06.782Z,https://uybor.uz/listings/1317458,2026-07-21 05:06:32
1317459,2026-07-21,sale,Квартира,,"Своя квартира 4х комнатная переделанная в 5 комнатную, есть свой подвал 5.25х3.2, рядом Корзинка, дет.сад, школы, поликлиника, ТРЦ Компасс",5,76.0,1,4,false,sredniy,monolit,90000.0,1082812500.0,USD,Ташкентская область,Ташкент,Мирабадский район,массив Куйлюк,41.248596,69.308914,244,0,0,false,false,false,285248,5,https://api.uybor.uz/api/v1/media/n/17836827059103276.jpeg,2026-07-10T11:25:25.011Z,2026-07-10T11:25:25.007Z,2026-08-24T11:25:25.007Z,https://uybor.uz/listings/1317459,2026-07-21 05:06:32
1317460,2026-07-21,sale,Квартира,,"Чиланзар 20, своя 2^3/2/4   балкон 1,5×6",2,50.0,2,4,false,evro,panel,70000.0,842187500.0,USD,Ташкентская область,Ташкент,Чиланзарский район,квартал 20Д,41.266464,69.180428,242,2,0,false,false,false,286133,12,https://api.uybor.uz/api/v1/media/n/17836834968077419.jpeg,2026-07-10T11:38:34.612Z,2026-07-10T11:38:34.610Z,2026-08-24T11:38:34.610Z,https://uybor.uz/listings/1317460,2026-07-21 05:06:32
1317462,2026-07-21,sale,Земельный участок,Жилой,"Земельный участок и жилой дом находится в Ферганском районе , кишлак Янбарак, общая площадь земельного участка 26 соток , на участке находятся постройки , земельный участок ухоженный , есть плодовые деревья , урюк, большая орешина, свет, вода, газ присутствует , вокруг хорошие соседи , дорога асфальтированная , хороший и чистый горный воздух , земельный участок огорожен глухим забором . Готовы отдать в хорошие руки . Торг уместен",,,,,false,,,80000.0,962500000.0,USD,Ферганская область,населённый пункт Ямбарак,,улица Давон,40.256783,71.696983,131,0,0,false,false,false,285572,14,https://api.uybor.uz/api/v1/media/n/17836954688946412.jpg,2026-07-10T14:58:10.205Z,2026-07-10T14:58:27.690Z,2026-08-24T14:58:10.203Z,https://uybor.uz/listings/1317462,2026-07-21 05:06:32
1317463,2026-07-21,sale,Квартира,,"Продается 4-комнатная квартира 110 м² в Мирзо-Улугбекском районе, Карасу (Авайхон). Монолитный дом 2020 года, 16/16 этаж, 2 балкона, газ, индивидуальное отопление. Имеет 2 лифта. Рядом школа, детский сад, супермаркет и мечеть Олтинтепа. Ипотека возможна. Собственник.  Торг уместен.

Mirzo Ulug‘bek tumani, Qorasuv (Avayxon)da 110 m², 4 xonali kvartira sotiladi. 2020-yilgi monolit uy, 16/16-qavat, 2 ta balkon, gaz va individual kotyol. 2 lift bor. Maktab, bog‘cha, supermarket va Oltintepa masjidi yaqin. Ipoteka mumkin. Egasi.  Kelishiladi.",4,110.0,16,16,true,sredniy,monolit,109900.0,1322234375.0,USD,Ташкентская область,Ташкент,Мирзо-Улугбекский район,"улица Авайхон, 98/5",41.322128,69.361168,289,1,1,false,false,false,286141,6,https://api.uybor.uz/api/v1/media/n/17836969049544785.png,2026-07-10T15:23:48.673Z,2026-07-10T15:23:48.671Z,2026-08-24T15:23:48.671Z,https://uybor.uz/listings/1317463,2026-07-21 05:06:32
1317466,2026-07-21,sale,Дом,Частный дом,"Luxury 2-storey brick house for sale in one of the most prestigious locations in Samarkand, near Registan Square.

• 7 rooms
• 2 kitchens
• 2 bathrooms
• Renovated
• Land area: 186.48 m²
• Total built-up area: 167.02 m²

Excellent opportunity for both private residence and investment. The property is suitable for a boutique hotel, guest house, company office, or commercial redevelopment due to its exceptional location near Registan.

Price: USD 700,000 (Negotiable).",6+,167.0,,2,false,evro,kirpich,700000.0,8421875000.0,USD,Самаркандская область,Самарканд,,"улица Лабигор, 17",39.651751,66.976402,82,3,0,false,false,false,144819,15,https://api.uybor.uz/api/v1/media/n/17836992703909082.jpg,2026-07-10T16:07:21.034Z,2026-07-10T16:07:21.032Z,2026-08-24T16:07:21.032Z,https://uybor.uz/listings/1317466,2026-07-21 05:06:32
1317470,2026-07-21,sale,Земельный участок,Жилой,"📍 Yangiyo’lda 4 sotix yer uchastkasi sotiladi!

Qulay joylashuvdagi 4 sotix yer sotiladi.

✅ Manzil: Yangiyo’l
✅ Maydoni: 4 sotix
✅ Asfalt yo’lga juda yaqin
✅ Ichki yo’llari ham asfalt
✅ Uy qurish va investitsiya uchun qulay

💰 Narxi: 1 sotixi – 3 500 AQSH dollari.
(Jami narx: 14 000 AQSH dollari)

📞 Jiddiy xaridorlar murojaat qilsin. Qo’shimcha ma’lumot telefon orqali beriladi",,,,,false,,,14000.0,168437500.0,USD,Ташкентская область,населённый пункт Шуралисай,,улица Шуралисой,41.107716,68.948578,53,0,0,false,false,false,286147,4,https://api.uybor.uz/api/v1/media/n/17837048733542903.jpg,2026-07-10T17:38:27.325Z,2026-07-10T17:38:27.324Z,2026-08-24T17:38:27.324Z,https://uybor.uz/listings/1317470,2026-07-21 05:06:32
1317480,2026-07-21,sale,Квартира,,"Дом свой !!!
Продаётся кв
Площадь дома — 77.9
Яккасарайский район массив Башлык
Этажность дома 5 
Этаж 1
Место для парковки машин имеется
С мебелью и техникой.
Средний ремонт
Рядом имеется школа и садик

",3,77.9,1,5,false,sredniy,panel,110000.0,1323437500.0,USD,Ташкентская область,Ташкент,Яккасарайский район,"массив Башлык, 26, подъезд 3",41.269287,69.247658,203,0,0,false,false,false,286058,3,https://api.uybor.uz/api/v1/media/n/17837097612431738.jpg,2026-07-10T19:14:33.551Z,2026-07-10T19:14:33.549Z,2026-08-24T19:14:33.549Z,https://uybor.uz/listings/1317480,2026-07-21 05:06:32
1317481,2026-07-21,sale,Квартира,,"
Дом свой !!!
Продаётся кв
Площадь дома — 77,9
Яккасарайский район массив Башлык.
Этаж 1 этажность дома 5
Комнат 3
Парковочное место доя машин имеется
С мебелью и техникой
Ремонт средний
Рядом имеется школа и садик
Средства комуникаций имеется
",3,77.9,1,5,false,sredniy,panel,110000.0,1323437500.0,USD,Ташкентская область,Ташкент,Яккасарайский район,"массив Башлык, 26, подъезд 3",41.269287,69.247658,119,0,0,false,false,false,286058,3,https://api.uybor.uz/api/v1/media/n/17837116341789130.jpg,2026-07-10T19:27:32.001Z,2026-07-10T19:28:37.617Z,2026-08-24T19:27:31.999Z,https://uybor.uz/listings/1317481,2026-07-21 05:06:32
1317483,2026-07-21,sale,Земельный участок,Жилой,"Продаётся участок. Вдоль дороги 
Адрес: массив Карасу-6 (Авайхон), Мирзо Улугбекский район.
Ориентир: Трюфель , Школа 275

Площадь Участка 17.5 соток.
Фасад 50 м
Имеются все коммуникации 

#Цена: 47 000 у.е за 1 сотку
",,,,,false,,,822500.0,9895703125.0,USD,Ташкентская область,Ташкент,Мирзо-Улугбекский район,6-й квартал,41.319412,69.354134,83,0,0,false,false,false,17660,4,https://api.uybor.uz/api/v1/media/n/17837422841544421.jpg,2026-07-11T03:58:10.620Z,2026-07-11T03:58:10.619Z,2026-08-25T03:58:10.619Z,https://uybor.uz/listings/1317483,2026-07-21 05:06:32
1317484,2026-07-21,sale,Для бизнеса,Здание,"Продается  Коммерческое помещение / Новостройка 
Вторая линия
Адрес:  ул Мукимий , Чиланзарский  р-н 
Ориентир : Рома пицца , Чиланзар 1
Площадь 160 м2 
Этаж : 1 +подвал
Состояние : коробка
Кадастр выйдет до конца года 

#Цена    160 000 уе ",,160.0,,1,false,chernovaya,other,160000.0,1925000000.0,USD,Ташкентская область,Ташкент,Яккасарайский район,1-й проезд Мукими,41.277424,69.247368,52,0,0,false,false,false,17660,5,https://api.uybor.uz/api/v1/media/n/17837425121315448.jpg,2026-07-11T04:01:58.947Z,2026-07-11T04:01:58.946Z,2026-08-25T04:01:58.946Z,https://uybor.uz/listings/1317484,2026-07-21 05:06:32
1317485,2026-07-21,sale,Квартира,,"Продается квартира. 2 Объединённые квартиры (2+2)
Адрес: Чиланзар 24, Учтепинский р-н
Ориентир: Ватан
#Комнат — 4
Этаж — 1
Этажность — 9
Площадь: 120 кв.м
Состояние: С ремонтом. 
Описание- 2 квартиры на одной площадке
Французская планировка. Все комнаты раздельные
Продаётся с мебелью и техникой
Имеется Огород, место для двух машин+гараж

#Цена-125 000 уе стартовая",4,120.0,1,9,false,sredniy,other,12000.0,144375000.0,USD,Ташкентская область,Ташкент,Учтепинский район,24-й квартал,41.281628,69.174515,190,0,1,false,false,false,17660,10,https://api.uybor.uz/api/v1/media/n/17837435179163843.jpg,2026-07-11T04:18:41.139Z,2026-07-11T04:18:41.138Z,2026-08-25T04:18:41.138Z,https://uybor.uz/listings/1317485,2026-07-21 05:06:32
1317486,2026-07-21,sale,Квартира,,"Продается квартира  
Адрес: Яккасарайский район, улица Бабур
Ориентир: напротив, отеля “Ramada Plaza by Wyndham Tashkent”

Комнат – 2
Этаж - 3
Этажность - 12
Площадь: 48 м²

Балкон: 1,2 х 4
Ремонт: Дизайнерский евроремонт.
Антисейсмический прочный панельный дом 
Останется вся мебель и техника

#Цена: 85 000 у.е.",2,48.0,3,12,false,custom,other,85000.0,1022656250.0,USD,Ташкентская область,Ташкент,Яккасарайский район,улица Бабура,41.284546,69.254105,111,0,1,false,false,false,17660,13,https://api.uybor.uz/api/v1/media/n/17837436181065483.jpg,2026-07-11T04:20:42.658Z,2026-07-11T04:20:42.657Z,2026-08-25T04:20:42.657Z,https://uybor.uz/listings/1317486,2026-07-21 05:06:32
1317487,2026-07-21,sale,Дом,Частный дом,"Частный дом, продаются срочно посредники не беспокоит, тихий махалля ориентир на против Зоопарк ресторан Сазанчик, локация хорошая ",4,600.0,,1,false,sredniy,kirpich,90000.0,1082812500.0,USD,Ташкентская область,Ташкент,Юнусабадский район,проезд Лайлакабад,41.34549,69.303001,129,0,2,false,false,false,36220,8,https://api.uybor.uz/api/v1/media/n/17837435808821180.jpg,2026-07-11T04:24:17.526Z,2026-07-11T04:24:17.525Z,2026-08-25T04:24:17.525Z,https://uybor.uz/listings/1317487,2026-07-21 05:06:32
1317488,2026-07-21,sale,Дом,Частный дом,"Продаётся Частный Дом
Адрес: Ул.Эшона Одилходжаева, Мирабадский р-н
Ор-р: Военкомат Таш. Области на Саракульке
Количество комнат: 5 комнат
Площадь Дома: 136 кв.м.
Площадь Участка: 3 сотка
2х этажный Дом
Имеется:, большой двор и въезд на 1 машины.
Коммуникации : Газ , Свет , Вода , Канализация
Удобное расположение,  Тихое место

#Цена: 160 000у.е. стартовая",5,136.0,,2,false,sredniy,other,160000.0,1925000000.0,USD,Ташкентская область,Ташкент,Мирабадский район,"улица Сарыкуль, 1",41.287563,69.283585,74,0,0,false,false,false,17660,15,https://api.uybor.uz/api/v1/media/n/17837438739121779.jpg,2026-07-11T04:24:55.411Z,2026-07-11T04:24:55.409Z,2026-08-25T04:24:55.409Z,https://uybor.uz/listings/1317488,2026-07-21 05:06:32
1317489,2026-07-21,sale,Квартира,,"Продается квартира Чиланзар 20 квартал
Адрес: Чиланзарский район, 20 квартал 
Ориентир: перекрёсток Ювелирка (Айген) или Батальон
Локация: В пределе около 200 метров есть 35-поликлиника, детские сады, школа, остановки, магазины, аптеки и детские площадки.
Комнат – 1 переделанная 2х комнатную
Этаж - 1
Этажность 4
Площадь: 37 м²
Балкон 1,5*6  
Санузел совмещен.
Дизайнерский ремонт
Огород: Есть большой и красивый огород с 11 соснами
Санузел: Совмещенный.
#Цена: 56 000 у.е.",1,37.0,1,4,false,custom,kirpich,56000.0,673750000.0,USD,Ташкентская область,Ташкент,Чиланзарский район,квартал 20Д,41.266464,69.180428,104,0,0,false,false,false,17660,15,https://api.uybor.uz/api/v1/media/n/17837440208965551.jpg,2026-07-11T04:32:03.464Z,2026-07-11T04:32:03.462Z,2026-08-25T04:32:03.462Z,https://uybor.uz/listings/1317489,2026-07-21 05:06:32
1317490,2026-07-21,sale,Квартира,,"Продается квартира Алгоритм
Улучшенная планировка, не торец  
Адрес: Учтепинский район, 30 квартал
Ориентир: кафе Ахмад Жужа  

Комнат – 2 переделанная в 3х комнатную
Этаж - 3
Этажность - 4
Площадь: 63м2
2 балкона 2*3-2*3
Состояние: Евроремонт
С мебелью и техникой

#Цена: 75 000у.е",2,63.0,3,4,false,evro,other,75000.0,902343750.0,USD,Ташкентская область,Ташкент,Учтепинский район,30-й квартал,41.267773,69.156113,129,0,0,false,false,false,17660,9,https://api.uybor.uz/api/v1/media/n/17837452556275187.jpg,2026-07-11T04:50:38.519Z,2026-07-11T04:50:38.517Z,2026-08-25T04:50:38.517Z,https://uybor.uz/listings/1317490,2026-07-21 05:06:32
1317491,2026-07-21,sale,Квартира,,"Продажа квартиры. 76 Серия. СВОЯ 
Адрес: Массив Гулистан дом 46 , Чиланзарский район
Ориентир: Ройсон
#Комнат — 2х перепланированная в 3х
Этаж — 1
Этажность — 4
Общая площадь: 50 кв. м
Состояние: Хороший Ремонт, делали для себя.
Кирпич. Комнаты раздельный. Санузел совмещённый Балкон 2х6.
Имеется палисадник, подвал, парковочное место на 2-3 машины
Продаётся с мебелью и техникой 

#Цена: 68 000 у.е.
Можно под Ипотеку",2,50.0,1,4,false,sredniy,kirpich,68000.0,818125000.0,USD,Ташкентская область,Ташкент,Шайхантахурский район,"2-й проезд Аль-Хорезми, 46",41.343246,69.197876,132,0,0,false,false,false,17660,11,https://api.uybor.uz/api/v1/media/n/17837455842635020.jpg,2026-07-11T04:53:07.577Z,2026-07-11T04:53:07.576Z,2026-08-25T04:53:07.576Z,https://uybor.uz/listings/1317491,2026-07-21 05:06:32
1317492,2026-07-21,sale,Квартира,,"ТТЗ-2 3-комнатная 4-этаж 4-этажного панельного дома, комнаты раздельные, санузел раздельный, балкон 1,5х6 в хорошем состоянии. 
TTZ-2: 4 qavatli panel uyning 4-qavatida joylashgan 3 xonali kvartira; xonalari va sanitariya tuguni alohida, 1,5x6 m o‘lchamli balkon; holati yaxshi.",3,67.0,4,4,false,custom,panel,73000.0,878281250.0,USD,Ташкентская область,Ташкент,Мирзо-Улугбекский район,"2-й квартал, 2",41.351593,69.381645,135,0,0,false,false,false,129679,7,https://api.uybor.uz/api/v1/media/n/17837458623026054.jpeg,2026-07-11T04:58:20.043Z,2026-07-11T04:58:20.042Z,2026-08-25T04:58:20.042Z,https://uybor.uz/listings/1317492,2026-07-21 05:06:32
1317493,2026-07-21,sale,Квартира,,"Продается Картира / Новостройка / Дуплекс/ С лифтом 

Адрес: ул.Туртарык(Никитина), Мирзо-Улугбекский р-н
Ориентир: Паркентский Эвос 
#Комнат — 4
Этаж — 4
Этажность — 5
Общая площадь 171 М2
Полезная площадь 106 м2

4 комнаты: гостиная, 2холла,2 спальни ,2 санузла.
Балкон, и 2 большие террасы (80 м2) с двух сторон.
Состояние: Коробка , 

#Цена  : 149 000 у.е",4,171.0,4,5,true,chernovaya,other,149000.0,1792656250.0,USD,Ташкентская область,Ташкент,Мирзо-Улугбекский район,улица Турт Арык,41.319523,69.339485,136,0,0,false,false,false,17660,14,https://api.uybor.uz/api/v1/media/n/17837463551143533.jpg,2026-07-11T05:06:15.718Z,2026-07-11T05:06:15.716Z,2026-08-25T05:06:15.716Z,https://uybor.uz/listings/1317493,2026-07-21 05:06:32
1317498,2026-07-21,sale,Дом,Частный дом,"Srochna. Yunusobod HayatRiver restorani oldida 
hovli sotiladi, yer narxida. Orqa tarafdanam eshi bor. 4 xona yashasa bo'ladi yoki buzib boshqa qurilish qisa bo'ladi. Elektrdan, gazdan, suvdan muammo yo'q hammasi magistral glavniydan o'tgan. Qo'shnila ahil, mahalla tinch.  Hohlovchila uchun 1,5 sotoxiyam bo'lib beriladi Real oluvchi uchun kelishtiriladi.",4,12.5,,1,false,sredniy,kirpich,150000.0,1804687500.0,USD,Ташкентская область,Ташкент,Юнусабадский район,"1-й тупик Бозсу, 7",41.364745,69.329611,125,4,0,false,false,false,286156,4,https://api.uybor.uz/api/v1/media/n/17837528695931640.jpeg,2026-07-11T07:03:18.570Z,2026-07-11T07:03:18.569Z,2026-08-25T07:03:18.569Z,https://uybor.uz/listings/1317498,2026-07-21 05:06:32
1317500,2026-07-21,sale,Дом,Дача,Boʻstonliq tumani tovoqsoyda togʻda sharsharaga ketadigan yolli ustida joylashgan.100dan koʻp mevali daraxtlar hammasi zoʻr meva beradi.,3,65.0,,1,false,sredniy,other,200000.0,2406250000.0,USD,Ташкентская область,Ташкент,Чиланзарский район,улица Бустонлик,41.299519,69.224976,101,0,0,false,false,false,286162,3,https://api.uybor.uz/api/v1/media/n/17837619248496574.jpeg,2026-07-11T09:25:33.111Z,2026-07-11T09:25:33.110Z,2026-08-25T09:25:33.110Z,https://uybor.uz/listings/1317500,2026-07-21 05:06:32
1317501,2026-07-21,sale,Квартира,,"Продаётся Квартира / Новостройка 
Адрес: Мирабадский район, Инокобод
Ориентир: Мирабад Учти НТМ

КАДАСТР ЕСТЬ

#Комнат — 1
Этаж — 6
Этажность — 7
Площадь: 33м²
Евроремонт мебель+техника 
Лифт есть 

#Цена 60 000 у.е
",1,33.0,6,7,false,evro,other,60000.0,721875000.0,USD,Ташкентская область,Ташкент,Мирабадский район,улица Инокобод,41.285896,69.292984,110,0,0,false,false,false,17660,6,https://api.uybor.uz/api/v1/media/n/17837620476489239.jpg,2026-07-11T09:27:30.524Z,2026-07-11T09:27:30.523Z,2026-08-25T09:27:30.523Z,https://uybor.uz/listings/1317501,2026-07-21 05:06:32
1317502,2026-07-21,sale,Квартира,,"Срочно Продаётся Квартира / Новостройка ЖК “Кукча Дарвоза ”

Адрес: Ул Кукча Дарвоза , Шайхантахурский р-н
Ориентир : 1 Горбольница
КАДАСТР ЕСТЬ

#Комнат -4
Этаж: 8
Этажность - 10
Площадь - 83 м²
Кирпич.
Состояние: евроремонт


#Цена : 123 500у.е. торг
 ",4,83.0,8,10,true,evro,kirpich,123500.0,1485859375.0,USD,Ташкентская область,Ташкент,Учтепинский район,улица Кукча Дарвоза,41.316143,69.190613,161,1,0,false,false,false,17660,15,https://api.uybor.uz/api/v1/media/n/17837631051672721.jpg,2026-07-11T09:45:40.428Z,2026-07-11T09:45:40.426Z,2026-08-25T09:45:40.426Z,https://uybor.uz/listings/1317502,2026-07-21 05:06:32
1317504,2026-07-21,sale,Дом,Частный дом,"ДОМ ГОТОВ К ЗАСЕЛЕНИЮ

Теплый пол, двухконтурный котёл, кафель, ламинат, пластиковые окна, железные двери, натяжные потолки!

Электричество, газ, вода разведены по дому.
На прилегающей улице новое асфальтовое покрытие.
Недалеко от  центральной дороги 

Год постройки: 2025

На общем участке (11 сот.) - общий двор 300 кв.м., выложенный брусчаткой

Общая площадь дома 70 м²


Цена с евро ремонтом под ключ : 45000 у.е

Имеется въезд для автомобилей, свой собственный задний дворик.

ДОМ ПОСТРОЕН из качественного, жжёного кирпича, никакие б.у. стройматериалы в строительстве не использовались. ГАРАНТИЯ.

1й этаж: кухня, зал, туалет - ванная.
2й этаж: 2 спальни.",3,71.0,,2,false,evro,kirpich,45000.0,541406250.0,USD,Ташкентская область,Ташкент,Сергелийский район,3-й проезд улицы Дарё Буйи,41.195267,69.253365,117,1,0,false,false,false,230365,7,https://api.uybor.uz/api/v1/media/n/17837642637919474.jpg,2026-07-11T10:05:02.892Z,2026-07-11T10:05:02.891Z,2026-08-25T10:05:02.891Z,https://uybor.uz/listings/1317504,2026-07-21 05:06:32
1317505,2026-07-21,sale,Квартира,,"Дархан, Т.Ханум, 4/2/4. 77-серия. Зал большой. Кухня на месте сушилки. Лоджии как комнаты - 2,5м Х 6м и 2,5м Х 3,5м. С лоджиями получается 6 комнат. Две ванны, два туалета. 135 кв.м. Отличный дом, построенный из советских кирпичей и др. стройматериалов. Летом прохладно без кондиционеров, зимой тепло. Все коммунальные примнерно 600 тыс. Варианты, различные формы оплаты, обмен на коммерческие и жилые варианты. Собственник. Тел: +",4,135.0,2,4,false,sredniy,kirpich,175000.0,2105468750.0,USD,Ташкентская область,Ташкент,Мирзо-Улугбекский район,"улица Тамары Ханум, 2",41.318775,69.301414,124,0,0,false,false,false,286165,12,https://api.uybor.uz/api/v1/media/n/17837670525395619.jpg,2026-07-11T10:54:29.260Z,2026-07-11T10:54:29.258Z,2026-08-25T10:54:29.258Z,https://uybor.uz/listings/1317505,2026-07-21 05:06:32
1317506,2026-07-21,sale,Дом,Частный дом,"Срочно продаю дом возле КРЫТОГО РЫНКА (ГУМ) ",2,45.0,,1,false,sredniy,kirpich,53000.0,637656250.0,USD,Самаркандская область,Самарканд,,махаллинский сход граждан Мустакиллик,39.65741,66.958732,82,2,0,false,false,false,286166,4,https://api.uybor.uz/api/v1/media/n/17837675622431229.jpeg,2026-07-11T11:00:37.610Z,2026-07-11T11:00:37.608Z,2026-08-25T11:00:37.608Z,https://uybor.uz/listings/1317506,2026-07-21 05:06:32
1317507,2026-07-21,sale,Дом,Частный дом,"Продаётся Частный Дом с участком 20 соток 
Адрес: Паркентский район, населенный пункт Самсарак 

Комнат: 5 комнат + 2 холла
4 санузла
Площадь Дома: 200 кв.м.
Площадь Участка: 20 соток
Дом 2х уровневый 
Имеется мансарда откуда открывается шикарный вид на природу  

На территории участка большой двор и въезд на 10 машин, открытый бассейн, сауна 
Коммуникации: Газ, Свет, Вода

#Цена: 180 000у.е. 
",5,200.0,,2,false,sredniy,other,180000.0,2165625000.0,USD,Ташкентская область,,,улица Самсарак,41.297401,69.732368,74,0,0,false,false,false,17660,13,https://api.uybor.uz/api/v1/media/n/17837683775284781.jpg,2026-07-11T11:13:01.867Z,2026-07-11T11:13:01.866Z,2026-08-25T11:13:01.866Z,https://uybor.uz/listings/1317507,2026-07-21 05:06:32
1317508,2026-07-21,sale,Квартира,,"Продаю срочно 3-комнтаную квартиру по адресу Бухарская область, г. Каган, ул. Каганская дом 1, квартира 3. Квартира с мебелью и бытовой техникой: холодильник, телевизор, стиральная машина, кондиционер, газовый котел, диван, кресла, болгарская стенка, кровати. Просторная кухня. Высокие потолки. Газовое отопление на 3 комнаты. В доме душевая кабина с горячей водой и санузел. Отдельная веранда, баня, кладовая, санузел и огород. Отдельное строение с навесом для скота и хранения сена. Цена договорная. Все вопросы по тел",3,57.0,1,1,false,sredniy,kirpich,17000.0,204531250.0,USD,Бухарская область,Каган,,"Каганская улица, 1",39.712547,64.544945,92,1,0,false,false,false,286158,8,https://api.uybor.uz/api/v1/media/n/17837719253236731.jpg,2026-07-11T11:42:55.530Z,2026-07-11T11:42:55.528Z,2026-08-25T11:42:55.528Z,https://uybor.uz/listings/1317508,2026-07-21 05:06:32
1317509,2026-07-21,sale,Квартира,,"Юнусабад 2. 2в3/4/4.ИПОТЕКА🔥
58м2
Балкон 2/6
Комнаты раздельные
Средний ремонт
Рядом Универсам,Базар
Цена: 63900
Тел: +",2,58.0,4,4,false,sredniy,panel,63900.0,768796875.0,USD,Ташкентская область,Ташкент,Юнусабадский район,2-й квартал,41.361214,69.285667,114,0,0,false,false,false,177179,9,https://api.uybor.uz/api/v1/media/n/17837707238601086.jpeg,2026-07-11T11:52:07.062Z,2026-07-11T11:52:07.060Z,2026-08-25T11:52:07.060Z,https://uybor.uz/listings/1317509,2026-07-21 05:06:32
1317510,2026-07-21,sale,Квартира,,"Юнусабад 13. 4/1/4.
80м2
2 огорода, парковка
Комнаты раздельные
Средний ремонт, зайти жить
Балкон 1.5/6
2 сан. Узла
Ориентир: Анжир
Цена: 105.000
Тел: +",4,82.0,1,4,false,sredniy,panel,105000.0,1263281250.0,USD,Ташкентская область,Ташкент,Юнусабадский район,13-й квартал,41.368446,69.297791,114,0,0,false,false,false,177179,8,https://api.uybor.uz/api/v1/media/n/17837708381457103.jpeg,2026-07-11T11:54:00.216Z,2026-07-11T11:54:00.215Z,2026-08-25T11:54:00.215Z,https://uybor.uz/listings/1317510,2026-07-21 05:06:32
1317511,2026-07-21,sale,Квартира,,"Юнусабад 6. 2/16/16
Хон Сарой ЖК ""Дипломат""
52м2 + балкон 12м2
Евро ремонт
Комнаты раздельные
Цена: 72500
Тел: +",2,64.0,16,16,true,evro,panel,72500.0,872265625.0,USD,Ташкентская область,Ташкент,Юнусабадский район,6-й квартал,41.368603,69.264534,205,0,0,false,false,false,177179,9,https://api.uybor.uz/api/v1/media/n/17837709093487622.jpeg,2026-07-11T11:55:14.931Z,2026-07-11T11:55:14.930Z,2026-08-25T11:55:14.930Z,https://uybor.uz/listings/1317511,2026-07-21 05:06:32
1317512,2026-07-21,sale,Квартира,,"Юнусабад 14. 1в2/3/4.
43м2.  
Балкон 2/6
Без ремонта
Место Супер🔥🔥🔥
Ориентир: Корзинка, Метро Туркистон
Цена: 51.500
Тел: +",1,43.0,3,4,false,kapital,panel,51500.0,619609375.0,USD,Ташкентская область,Ташкент,Юнусабадский район,14-й квартал,41.372028,69.303703,185,0,0,false,false,false,177179,8,https://api.uybor.uz/api/v1/media/n/17837711032325001.jpeg,2026-07-11T11:58:25.926Z,2026-07-11T11:58:25.925Z,2026-08-25T11:58:25.925Z,https://uybor.uz/listings/1317512,2026-07-21 05:06:32
1317513,2026-07-21,sale,Квартира,,"Юнусабад 14. 3/3/4
72м2
Балкон 2/6
Комнаты раздельные
Средний ремонт
Ориентир: Корзинка, Метро Туркистон
Цена:  81.500
Тел: +",3,72.0,3,4,false,sredniy,panel,81500.0,980546875.0,USD,Ташкентская область,Ташкент,Юнусабадский район,14-й квартал,41.372028,69.303703,186,0,0,false,false,false,177179,7,https://api.uybor.uz/api/v1/media/n/17837711580401496.jpeg,2026-07-11T11:59:26.576Z,2026-07-11T11:59:26.575Z,2026-08-25T11:59:26.575Z,https://uybor.uz/listings/1317513,2026-07-21 05:06:32
1317514,2026-07-21,sale,Квартира,,"Юнусабад 11. 2/7/9.ИПОТЕКА🔥
58м2.
Франция, зал 5/6
Общий коридор
Средний ремонт
Комнаты раздельные
Ориентир: Хавас, по линии метро
Цена: 61.500
Тел: +",2,58.0,7,9,false,sredniy,panel,61500.0,739921875.0,USD,Ташкентская область,Ташкент,Юнусабадский район,11-й квартал,41.370537,69.28997,191,2,0,false,false,false,177179,4,https://api.uybor.uz/api/v1/media/n/17837712140872391.jpeg,2026-07-11T12:00:17.510Z,2026-07-11T12:00:17.509Z,2026-08-25T12:00:17.509Z,https://uybor.uz/listings/1317514,2026-07-21 05:06:32
1317515,2026-07-21,sale,Квартира,,"Юнусабад 19. 1/2/11.
35м2 + балкон
Хон Сарой новостройка
Евро ремонт
Мебель+техника
Ориентир: батальон,чайка
Цена: 64900
",1,35.0,2,11,true,evro,panel,64900.0,780828125.0,USD,Ташкентская область,Ташкент,Юнусабадский район,19-й квартал,41.375134,69.315948,187,0,0,false,false,false,177179,7,https://api.uybor.uz/api/v1/media/n/17837712769817860.jpeg,2026-07-11T12:02:00.247Z,2026-07-11T12:02:00.246Z,2026-08-25T12:02:00.246Z,https://uybor.uz/listings/1317515,2026-07-21 05:06:32
1317516,2026-07-21,sale,Квартира,,"ИПОТЕКУ МОЖНО🔥🔥
Юнусабад. Бадамзар РОВД
 2в3/2/4. Кирпич. 50м2
Дом галерейного типа
Средний ремонт
Частично мебель
Цена: 56.500
Тел: +",2,50.0,2,4,false,sredniy,kirpich,55500.0,667734375.0,USD,Ташкентская область,Ташкент,Юнусабадский район,Бадамзар,41.337151,69.284721,210,0,1,false,false,false,177179,7,https://api.uybor.uz/api/v1/media/n/17837715149268977.jpeg,2026-07-11T12:05:30.220Z,2026-07-11T12:05:30.219Z,2026-08-25T12:05:30.219Z,https://uybor.uz/listings/1317516,2026-07-21 05:06:32
1317518,2026-07-21,sale,Дом,Частный дом,"Продается большой, уютный дом из жженого кирпича. Дом строили для себя, в отличном состоянии. 9 комнат, 2 санузла, новая кухня, сауна, крытый бассейн с теплым полом, летняя кухня, кладовая. Есть жилой подвал с бильярдной, спортзалом и барной зоной. Также есть гараж, 2 беседки, мангальная зона. Во всем доме установлены качественные окна Imzo, современные радиаторы отопления, 4 кондиционера. Остаются кухонный гарнитур, встроенные шкафы, люстры, шторы и кондиционеры. Установлены камеры видеонаблюдения и решетки на окнах. Интернет, все коммуникации работают без перебоев. Асфальтированная улица, хорошие соседи. Рядом школа, детский сад, магазины и мечеть. Документы полностью готовы к продаже. Дом продается в связи с переездом. Реальному покупателю хороший торг.",6+,600.0,,1,false,evro,kirpich,300000.0,3609375000.0,USD,Ташкентская область,Ташкент,Учтепинский район,"4-й Зарафшанский проезд, 33",41.295219,69.142494,202,3,2,false,false,false,286152,15,https://api.uybor.uz/api/v1/media/n/17837760999513023.jpeg,2026-07-11T13:27:43.566Z,2026-07-11T13:31:38.499Z,2026-08-25T13:27:43.564Z,https://uybor.uz/listings/1317518,2026-07-21 05:06:32
1317522,2026-07-21,sale,Квартира,,"Юнусабад 15. 2/4/5.
58м2.
Комнаты раздельные
Балкон 2/6
Без ремонта
Прописка пустая, ключ в нотариусе🔑🔑
Ориентир:  конечка 91.
Метро Туркистон 10 минут
Цена:   61.500
",2,58.0,4,5,false,kapital,panel,61500.0,739921875.0,USD,Ташкентская область,Ташкент,Юнусабадский район,15-й квартал,41.378193,69.301384,159,0,0,false,false,false,177179,7,https://api.uybor.uz/api/v1/media/n/17837878050733925.jpeg,2026-07-11T16:36:49.853Z,2026-07-11T16:36:49.851Z,2026-08-25T16:36:49.851Z,https://uybor.uz/listings/1317522,2026-07-21 05:06:32
1317523,2026-07-21,sale,Квартира,,"Юнусабад 14. 1в2/3/4.
43м2.  
Балкон 2/6
Без ремонта
Место Супер🔥🔥🔥
Ориентир: Корзинка, Метро Туркистон
Цена: 51.500
Тел: +",1,43.0,3,4,false,kapital,panel,51500.0,619609375.0,USD,Ташкентская область,Ташкент,Юнусабадский район,14-й квартал,41.372028,69.303703,171,4,0,false,false,false,177179,8,https://api.uybor.uz/api/v1/media/n/17837878669612400.jpeg,2026-07-11T16:37:48.839Z,2026-07-11T16:37:48.839Z,2026-08-25T16:37:48.839Z,https://uybor.uz/listings/1317523,2026-07-21 05:06:32
1317524,2026-07-21,sale,Квартира,,"Юнусабад 12. 2/4/12
""Paradise Hause""
43м2 (38м2+5 балкон)
Кирпичный дом
Евро ремонт.Мебель+Техника
Рядом Метро Туркистон
Цена: 68.500
",2,43.0,4,12,true,evro,kirpich,68500.0,824140625.0,USD,Ташкентская область,Ташкент,Юнусабадский район,11-й квартал,41.370537,69.28997,180,2,0,false,false,false,177179,8,https://api.uybor.uz/api/v1/media/n/17837879688968424.jpeg,2026-07-11T16:39:30.883Z,2026-07-11T16:39:30.881Z,2026-08-25T16:39:30.881Z,https://uybor.uz/listings/1317524,2026-07-21 05:06:32
1317525,2026-07-21,sale,Квартира,,"Юнусабад 16. 1в2/16/16.
ЖК ""Океан"" 47м2
37м2 + балкон 10м2.
Евро ремонт
Частично мебель+техника
Цена: 46.500
Тел: +",1,47.0,16,16,true,evro,panel,46500.0,559453125.0,USD,Ташкентская область,Ташкент,Юнусабадский район,16-й квартал,41.382797,69.302177,193,4,1,false,false,false,177179,8,https://api.uybor.uz/api/v1/media/n/17837880654663383.jpeg,2026-07-11T16:41:07.127Z,2026-07-11T16:41:07.126Z,2026-08-25T16:41:07.126Z,https://uybor.uz/listings/1317525,2026-07-21 05:06:32
1317527,2026-07-21,sale,Земельный участок,Жилой,"Продаётся участок 8 соток по кадастру + 10 соток самозахват. На участке два заезда, второй заезд в конце участка для грузовых машин. В конце участка есть река. Участок находится в Махалле  "" Фаровон ,,  старое название ''Ором"".   Улица Ором. Салар. ТАШГРЕСС. Кибрайский район. 
ОРИЕНТИР : Республиканский Наркологический Цент. 

Участок находится   15 мин езды от перекрестка Сельхозинститут.

Цена 120000 у. е. ",,,,,false,,,120000.0,1443750000.0,USD,Ташкентская область,городской посёлок Салар,,махаллинский сход граждан Фаровон,41.391966,69.378165,596,3,0,false,false,false,286172,11,https://api.uybor.uz/api/v1/media/n/17837889678858357.jpeg,2026-07-11T16:58:03.003Z,2026-07-11T16:58:03.002Z,2026-08-25T16:58:03.002Z,https://uybor.uz/listings/1317527,2026-07-21 05:06:32
1317528,2026-07-21,sale,Квартира,,"Квартира с ремонтом и полностью мебелированная. 
продается со всем что есть",3,75.0,4,9,true,custom,monolit,150000.0,1804687500.0,USD,Ташкентская область,Ташкент,Яшнабадский район,жилой комплекс Green Park,41.305238,69.324733,204,0,0,false,false,false,286174,8,https://api.uybor.uz/api/v1/media/n/17837890966273450.jpeg,2026-07-11T16:58:43.849Z,2026-07-11T16:58:43.848Z,2026-08-25T16:58:43.848Z,https://uybor.uz/listings/1317528,2026-07-21 05:06:32
1317533,2026-07-21,sale,Квартира,,"ПРОДАЕТСЯ 
НОВОСТРОЙКА 
ЖК Golden house Оз Махал
на: Новомосковская
Мирзо_улугбекский район

Комната:3+кухня
Этаж: 9
Этажность: 14
Площадь:  58 кв
Состояние: Дизайнерский авторский ремонт 
С МЕБЕЛЬЮ И ТЕХНИКОЙ
Балкон+",3,58.0,9,14,false,evro,kirpich,145000.0,1744531250.0,USD,Ташкентская область,Ташкент,Мирзо-Улугбекский район,жилой комплекс Новомосковская,41.324425,69.297279,153,0,0,false,false,false,62256,10,https://api.uybor.uz/api/v1/media/n/17837940482535534.jpg,2026-07-11T18:20:54.320Z,2026-07-11T18:20:54.318Z,2026-08-25T18:20:54.318Z,https://uybor.uz/listings/1317533,2026-07-21 05:06:32
1317534,2026-07-21,sale,Квартира,,"Srochna sotiladi. Yunusobod 6 kvartal 36-dom. Amerikanskiy posolstva. Atrofida Feed up, Makro, Xavas, Korzinka restoranla yana avtobus konechka, maktab, bogcha, destkiy ploshadka zeleniy zona va sportivniy dorojkala bor. 
2 xona 3 xona qilingan. 4 etajka domni 1-etaji. Remonti avtorskiy yevroremont. Razdelniy dom. Fransuzskiy uluchshenniy planirovka. Remontdan kn pachti yashamaganmiz. Uyda xamma sharoit mebel texnika bor. Kondisioner, xolodilnik, kirmoshina, televizor wifi va yana boshqa narsalar xammasi yangi. Komfort darajada uy. Qogan malumotla telda
974346111
981300107
Shaxzod",2,60.0,1,4,false,custom,kirpich,73900.0,889109375.0,USD,Ташкентская область,Ташкент,Юнусабадский район,"6-й квартал, 36",41.37009,69.261818,61,1,0,false,false,false,286182,10,https://api.uybor.uz/api/v1/media/n/17838072813652500.jpg,2026-07-11T22:06:06.897Z,2026-07-11T22:06:06.895Z,2026-08-25T22:06:06.895Z,https://uybor.uz/listings/1317534,2026-07-21 05:06:32
1317535,2026-07-21,sale,Дом,Частный дом,Bozor oldida,6+,600.0,,1,false,sredniy,kirpich,400000.0,4812500000.0,USD,Ташкентская область,Ташкент,Чиланзарский район,1-й проезд Заргарлик,41.257173,69.160377,81,0,0,false,false,false,286190,3,https://api.uybor.uz/api/v1/media/n/17838303847115467.jpg,2026-07-12T04:27:19.881Z,2026-07-12T04:27:19.879Z,2026-08-26T04:27:19.879Z,https://uybor.uz/listings/1317535,2026-07-21 05:06:32
1317536,2026-07-21,sale,Квартира,,"Продаётся Квартира/ Французская Планировка 
Адрес: Яшнабадский район, массив Лисунова 1А
Ориентир: Кадышева базар 

#Комнат — 3
Этаж — 5
Этажность — 5
Площадь: 81 м²
Состояние: С ремонтом, мебель, техника остаются 
Комнаты и санузел раздельные.

#Цена: 100 000 у.е. 
",3,81.0,5,5,false,sredniy,other,100000.0,1203125000.0,USD,Ташкентская область,Ташкент,Яшнабадский район,1-й квартал,41.28603,69.354866,59,0,0,false,false,false,17660,10,https://api.uybor.uz/api/v1/media/n/17838307545001921.jpg,2026-07-12T04:32:38.502Z,2026-07-12T04:32:38.501Z,2026-08-26T04:32:38.501Z,https://uybor.uz/listings/1317536,2026-07-21 05:06:32
1317537,2026-07-21,sale,Квартира,,"Продается квартира  
Адрес: Чиланзарский район, 19 квартал Чиланзар 
Ориентир: Школа № 101
Комнат – 3
Этаж - 3
Этажность - 4
Площадь: 65 м²

Комната смежный раздельные 
Санузел раздельный
Евроремонт мебель и техника
Панельный дом
Имеется балкончик 1х3

#Цена: 81 500у.е.",3,65.0,3,4,false,evro,panel,81500.0,980546875.0,USD,Ташкентская область,Ташкент,Чиланзарский район,19-й квартал,41.269955,69.186157,71,0,0,false,false,false,17660,9,https://api.uybor.uz/api/v1/media/n/17838309047732055.jpg,2026-07-12T04:35:20.306Z,2026-07-12T04:35:20.305Z,2026-08-26T04:35:20.305Z,https://uybor.uz/listings/1317537,2026-07-21 05:06:32
1317538,2026-07-21,sale,Квартира,,"Продается квартира Новостройка
ЖК “ROYAL HOUSE”
Адрес: Яккасарайский район, ул Шота Ростиавели  
Ориентир: кафе Фрегат 

Комнат – 2
Этаж - 3
Этажность - 9
Площадь: 40м2
Состояние: Новый евроремонт
С мебелью и техникой

#Цена: 84.000у.е 
",2,40.0,3,9,true,evro,other,84000.0,1010625000.0,USD,Ташкентская область,Ташкент,Яккасарайский район,улица Шота Руставели,41.274693,69.241867,95,0,0,false,false,false,17660,9,https://api.uybor.uz/api/v1/media/n/17838310195718492.jpg,2026-07-12T04:37:02.965Z,2026-07-12T04:37:02.963Z,2026-08-26T04:37:02.963Z,https://uybor.uz/listings/1317538,2026-07-21 05:06:32
1317539,2026-07-21,sale,Квартира,,"Продается 1(2)-комнатная квартира в новостройке,1(2)/14/16 -135 000 у.е в ЖК Infinity, ул.С.Азимова. Ориентир: Школа 145,Ц-1. Площадь 47 м². Состояние: коробка.",1,47.0,14,16,true,chernovaya,monolit,135000.0,1624218750.0,USD,Ташкентская область,Ташкент,Яшнабадский район,жилой комплекс Infinity,41.302292,69.290245,128,0,0,false,false,false,43671,10,https://api.uybor.uz/api/v1/media/n/17838318382777267.jpg,2026-07-12T04:50:41.927Z,2026-07-12T04:50:41.926Z,2026-08-26T04:50:41.926Z,https://uybor.uz/listings/1317539,2026-07-21 05:06:32
1317544,2026-07-21,sale,Квартира,,"Продается 2-комнатная квартира,2/1/9-101 000 у.е наул.Бабура/ул.А.Каххара, ориентир: Аэропорт Корзинка. Площадь 60 м².Состояние: евроремонт,мебель,техника.Французская планировка.Общий коридор.Дополнительный вход с другой стороны дома.Можно под нежилое.Дом внутри квартала.",2,60.0,1,9,false,evro,panel,101000.0,1215156250.0,USD,Ташкентская область,Ташкент,Яккасарайский район,улица Бабура,41.284546,69.254105,138,0,0,false,false,false,43671,9,https://api.uybor.uz/api/v1/media/n/17838359519554396.jpg,2026-07-12T05:59:15.441Z,2026-07-12T05:59:15.438Z,2026-08-26T05:59:15.438Z,https://uybor.uz/listings/1317544,2026-07-21 05:06:32
1317545,2026-07-21,sale,Дом,Частный дом,"5 та хона  
1 та Ошхона
1 та Хамом 
1 та кателний
1 та хожатхона
",5,1000.0,,1,false,chernovaya,kirpich,125000.0,1503906250.0,USD,Ташкентская область,городской посёлок Уртааул,,махаллинский сход граждан Олмазор,41.173115,69.143326,114,0,0,false,false,false,286193,4,https://api.uybor.uz/api/v1/media/n/17838359338906449.jpg,2026-07-12T06:00:51.837Z,2026-07-12T06:00:51.836Z,2026-08-26T06:00:51.836Z,https://uybor.uz/listings/1317545,2026-07-21 05:06:32
1317546,2026-07-21,sale,Квартира,,"Продается 1-комнатная квартира, 1/4/5-51 500 у.е, на м.Хамза (м.Новза). массив Чиланзар-5.Площадь 28 м².Открытый балкон.Кирпичный дом. Состояние: без ремонта.Вдоль дороги.",1,28.0,4,5,false,kapital,kirpich,51500.0,619609375.0,USD,Ташкентская область,Ташкент,Чиланзарский район,Новза,41.291874,69.22361,181,0,0,false,false,false,43671,6,https://api.uybor.uz/api/v1/media/n/17838375272267475.jpg,2026-07-12T06:25:30.652Z,2026-07-12T06:25:30.651Z,2026-08-26T06:25:30.651Z,https://uybor.uz/listings/1317546,2026-07-21 05:06:32
1317548,2026-07-21,sale,Квартира,,"#продается 
Продается 4/5/5
Чиланзар 15 квартал Район Учтепа 
Балкон 2/6 кирпичный дом 
В дол дороги с большим захватом 
Все окна в решотках
Арентир Жуковская балница 
Квартира не торцевая ",4,76.0,5,5,false,sredniy,kirpich,86000.0,1034687500.0,USD,Ташкентская область,Ташкент,Учтепинский район,Учтепинский район,41.295991,69.1752,179,3,0,false,false,false,229878,8,https://api.uybor.uz/api/v1/media/n/17838394575197011.jpeg,2026-07-12T06:58:54.065Z,2026-07-12T06:58:54.063Z,2026-08-26T06:58:54.063Z,https://uybor.uz/listings/1317548,2026-07-21 05:06:32
1317549,2026-07-21,sale,Квартира,,"Продается 3-комнатная квартира, 3/9/14-145 000 у.е в ЖК  O’z Mahal от Golden House на ул.Новомосковская (ул.Катта Дархан). Монолитный дом. Площадь 58 м².Открытый балкон.Автономная кухня..Состояние: евроремонт,мебель,техника.Подземный паркинг.Закрытый двор.",3,58.0,9,14,true,evro,monolit,145000.0,1744531250.0,USD,Ташкентская область,Ташкент,Мирзо-Улугбекский район,O'z mahal TJM,41.332619,69.309509,115,0,0,false,false,false,43671,10,https://api.uybor.uz/api/v1/media/n/17838409055793543.jpg,2026-07-12T07:21:56.137Z,2026-07-12T07:21:56.135Z,2026-08-26T07:21:56.135Z,https://uybor.uz/listings/1317549,2026-07-21 05:06:32
1317550,2026-07-21,sale,Квартира,,"Продается 3-комнатная квартира,3/4/4-115 000 у.е на Ц-1, ориентир: Посольство Англии. Площадь 86 м². Кирпичный дом.Состояние: средний ремонт,мебель,техника.Есть арендатор за 600 у.е.",3,86.0,4,4,false,sredniy,kirpich,115000.0,1383593750.0,USD,Ташкентская область,Ташкент,Мирзо-Улугбекский район,массив Ц-1 Буюк Ипак Йули,41.312283,69.291855,125,0,0,false,false,false,43671,8,https://api.uybor.uz/api/v1/media/n/17838409692815810.jpg,2026-07-12T07:22:52.471Z,2026-07-12T07:22:52.470Z,2026-08-26T07:22:52.470Z,https://uybor.uz/listings/1317550,2026-07-21 05:06:32
1317551,2026-07-21,sale,Квартира,,"Продается 4-комнатная квартира в новостройке, 4/8/9-275 000 у.е на Паркентском,ЖК Dukat, ориентир: с/м Макро. Кирпичный дом. Площадь 124 м²,по факту 140 м²,3 с/у.Открытый балкон.Кухня автономная.Состояние: евроремонт,мебель,техника.Закрытый,охраняемый двор.Кадастр есть.",4,124.0,8,9,true,evro,monolit,275000.0,3308593750.0,USD,Ташкентская область,Ташкент,Мирзо-Улугбекский район,ЖК Ducat,41.313435,69.333168,123,0,0,false,false,false,43671,10,https://api.uybor.uz/api/v1/media/n/17838410562691714.jpg,2026-07-12T07:24:19.664Z,2026-07-12T07:24:19.663Z,2026-08-26T07:24:19.663Z,https://uybor.uz/listings/1317551,2026-07-21 05:06:32
1317552,2026-07-21,sale,Квартира,,"Продаётся 3-комнатная квартира 78,8 кв. м в г. Чирчик, 10-й микрорайон
Ориентир: конечная остановка маршрутки №26.

Квартира делалась для себя:

- полностью утеплена;
- установлены пластиковые окна AKFA;
- установлен водонагреватель Ariston;
- выполнен авторский ремонт.

В квартире остаются:

- 2 кондиционера;
- стиральная машина;
- холодильник;
- 4 телевизора;
- духовой шкаф и варочная панель;
- Wi-Fi-роутер;
- система видеонаблюдения.

Вся мебель, представленная на фотографиях, остаётся новым владельцам.

Маклерам просьба не беспокоить.",3,78.0,3,5,false,custom,panel,68000.0,818125000.0,USD,Ташкентская область,Чирчик,10-й микрорайон,10-й микрорайон,41.457882,69.543571,73,0,0,false,false,false,286196,13,https://api.uybor.uz/api/v1/media/n/17838409276525492.jpg,2026-07-12T07:25:30.656Z,2026-07-12T07:25:30.654Z,2026-08-26T07:25:30.654Z,https://uybor.uz/listings/1317552,2026-07-21 05:06:32
1317553,2026-07-21,sale,Квартира,,"Продается 2-комнатная квартира с мансардой в новостройке,2/3/3-90 000 у.е на Паркентском, ориентир: Корзинка Авиатор. Кирпичный дом. Площадь 96 м²,по кадастру 52 м². Ремонт,мебель,техника.Закрытый, охраняемый двор.Имеется своя парковка.",2,96.0,3,3,true,evro,kirpich,90000.0,1082812500.0,USD,Ташкентская область,Ташкент,Яшнабадский район,улица Паркент,41.315166,69.323143,140,0,0,false,false,false,43671,10,https://api.uybor.uz/api/v1/media/n/17838411640263092.jpg,2026-07-12T07:26:22.022Z,2026-07-12T07:26:22.022Z,2026-08-26T07:26:22.022Z,https://uybor.uz/listings/1317553,2026-07-21 05:06:32
1317554,2026-07-21,sale,Квартира,,"Продается 2-комнатная квартира,2/1/4-80 000 у.е на м.Космонавтов,ул.Ю.Раджаби. Ориентир: Интерпол.Состояние: хороший ремонт. Площадь 55 м².Кирпичный дом.Палисадник,парковка.",2,55.0,1,4,false,evro,kirpich,80000.0,962500000.0,USD,Ташкентская область,Ташкент,Яккасарайский район,улица Юнуса Раджаби,41.304092,69.259758,189,0,0,false,false,false,43671,9,https://api.uybor.uz/api/v1/media/n/17838416090815572.jpg,2026-07-12T07:33:33.080Z,2026-07-12T07:33:33.079Z,2026-08-26T07:33:33.079Z,https://uybor.uz/listings/1317554,2026-07-21 05:06:32
1317555,2026-07-21,sale,Квартира,,"Продается 3-комнатная квартира,3/3/4-199 800 у.е на Ц-1. Ориентир: Экопарк.Площадь 80 м². Московская планировка. Кирпичный дом. Состояние: евроремонт,мебель,техника.Большой зеленый двор.",3,80.0,3,4,false,evro,kirpich,199800.0,2403843750.0,USD,Ташкентская область,Ташкент,Мирзо-Улугбекский район,массив Ц-1 Буюк Ипак Йули,41.312283,69.291855,140,0,0,false,false,false,43671,10,https://api.uybor.uz/api/v1/media/n/17838416645808625.jpg,2026-07-12T07:34:27.968Z,2026-07-12T07:34:27.967Z,2026-08-26T07:34:27.967Z,https://uybor.uz/listings/1317555,2026-07-21 05:06:32
1317556,2026-07-21,sale,Квартира,,"Продается 2-комнатная квартира в новостройке, ЖК Assalom Sohil на ул.Фаргона Йули. Ориентир: УзБум, Электроаппарат. 2/9/16-91 500 у.е . Площадь: 41 м²+4 м² открытый балкон.Кухня автономная.Монолитный дом. Состояние: евроремонт,мебель,техника.Благоустроенный двор,детские площадки.Много парковочных мест.",2,41.0,9,16,true,evro,monolit,91500.0,1100859375.0,USD,Ташкентская область,Ташкент,Яшнабадский район,жилой комплекс Assalom! Sohil,41.282993,69.308418,143,0,0,false,false,false,43671,10,https://api.uybor.uz/api/v1/media/n/17838425055805066.jpg,2026-07-12T07:48:29.698Z,2026-07-12T07:48:29.696Z,2026-08-26T07:48:29.696Z,https://uybor.uz/listings/1317556,2026-07-21 05:06:32
1317558,2026-07-21,sale,Квартира,,"Продается квартира по улице Мукими
Адрес: Чиланзарский район
Ориентир: Агробанк  

#Комнат — 4
Этаж — 4
Этажность — 5
Площадь: 80м²
Московская планировка
Все раздельное
Евро ремонт
Укомплектована
Мебелью и Техникой

#Цена: 116 000 у.е.
",4,80.0,4,5,false,evro,other,116000.0,1395625000.0,USD,Ташкентская область,Ташкент,Чиланзарский район,улица Мукими,41.286919,69.231598,157,0,0,false,false,false,17660,10,https://api.uybor.uz/api/v1/media/n/17838522675545439.jpg,2026-07-12T10:32:31.662Z,2026-07-12T10:32:31.661Z,2026-08-26T10:32:31.661Z,https://uybor.uz/listings/1317558,2026-07-21 05:06:32
1317559,2026-07-21,sale,Дом,Частный дом,"Продаётся коттедж в Яшнабадском районе 
Адрес :Яшнабадский район, проезд Алимкент 
Ориентир: Военная скола № 153
Дом 2 этажа 
Площадь участка: 2 сотки  
Площадь дома: 90м2 
Общий двор
Количество комнат: 3 комнаты, зал, кухня, 2 санузла
Состояние с ремонтом, мебель частично остается 
Имеется свое парковочное место 

#Цена 125 000 у.е. стартовая  ",3,90.0,,2,false,evro,other,125000.0,1503906250.0,USD,Ташкентская область,Ташкент,Яшнабадский район,1-й проезд Алимкент,41.293781,69.333435,115,0,0,false,false,false,17660,15,https://api.uybor.uz/api/v1/media/n/17838526079366613.jpg,2026-07-12T10:37:28.016Z,2026-07-12T10:37:28.014Z,2026-08-26T10:37:28.014Z,https://uybor.uz/listings/1317559,2026-07-21 05:06:32
1317560,2026-07-21,sale,Квартира,,"Продается квартира Новостройка Ж/K “ASSALOM SOHIL""
GOLDEN HOUSE
Адрес: Яшнабадский район
Ориентир: ЭлетроАппарат,  УзБум

#Комнат — 3
Этаж — 10
Этажность — 12
Площадь: 67м²
Сквозная планировка
Состояние: евроремонт
2 Балкон 1х5

#Цена: 95 500 у.е.",3,67.0,10,12,true,evro,other,95500.0,1148984375.0,USD,Ташкентская область,Ташкент,Яшнабадский район,тупик Фаргона Йули,41.285637,69.308846,185,0,0,false,false,false,17660,8,https://api.uybor.uz/api/v1/media/n/17838533743355033.jpg,2026-07-12T10:49:37.344Z,2026-07-12T10:49:37.343Z,2026-08-26T10:49:37.343Z,https://uybor.uz/listings/1317560,2026-07-21 05:06:32
1317561,2026-07-21,sale,Квартира,,"Продается уютный дом в Ташкенте (Янгихаётский район)

Продается светлый и уютный дом общей площадью 66,8 м² в Янгихаётском районе города Ташкента.

Характеристики дома:

* 2 просторные комнаты;
* современный ремонт — можно заехать и жить без дополнительных вложений;
* уютная атмосфера и удобная планировка.

Дом расположен в спокойном районе с развитой инфраструктурой. В шаговой доступности магазины, школы, детские сады, остановки общественного транспорта и всё необходимое для комфортной жизни.
",2,66.8,7,7,true,sredniy,kirpich,70000.0,842187500.0,USD,Ташкентская область,Ташкент,Янгихаётский район,махаллинский сход граждан Орият,41.210136,69.192566,173,0,0,false,false,false,286207,6,https://api.uybor.uz/api/v1/media/n/17838543921439570.jpg,2026-07-12T11:08:32.939Z,2026-07-12T11:08:32.938Z,2026-08-26T11:08:32.938Z,https://uybor.uz/listings/1317561,2026-07-21 05:06:32
1317563,2026-07-21,sale,Квартира,,"ozimizi uy gishli dom smejka 
tarsavoymas ikkinchi etak nukus teatr va galznoyni oldida institutlar kop yaxshi joyda joylashgan ",2,56.0,2,4,false,sredniy,kirpich,60000.0,721875000.0,USD,Ташкентская область,Ташкент,Алмазарский район,"улица Шифонур, 2",41.352886,69.218651,617,5,0,false,false,true,276508,6,https://api.uybor.uz/api/v1/media/n/17838566550262447.jpg,2026-07-12T11:45:26.580Z,2026-07-18T11:46:00.115Z,2026-08-26T11:45:26.579Z,https://uybor.uz/listings/1317563,2026-07-21 05:06:32
1317565,2026-07-21,sale,Квартира,,"Можно под нежилое 
До метро 2 минут пешком 

Юнусабад 12 квартал, 4 дом
Ориентир: станция метро Туркистон, ресторан Jungle

#2х_комнатная перед в3х
1й этаж 
4х этажный панельный дом 

Общая площадь: 58м²
Балкон 2х6 
Состояние: хорошее, зайти и жить можно, частично с мебелью и техникой
В ипотеку через банк можно ",2,58.1,1,4,false,sredniy,panel,76500.0,920390625.0,USD,Ташкентская область,Ташкент,Юнусабадский район,"12-й квартал, 4",41.377689,69.295105,294,0,0,false,false,false,56731,9,https://api.uybor.uz/api/v1/media/n/17838644719701058.jpg,2026-07-12T13:55:29.632Z,2026-07-20T13:04:33.258Z,2026-08-26T13:55:29.631Z,https://uybor.uz/listings/1317565,2026-07-21 05:06:32
1317566,2026-07-21,sale,Квартира,," Продается 3-комнатная квартира в новостройке, 3/8/10-210 000 у.е в ЖК Barocco, ул.Ниёзбек-йули, ориентир: Гидрометцентр, м.Минор. Состояние: новый евроремонт,мебель,техника. Площадь 83 м²,2 с/у.Есть открытый балкон.Закрытый, охраняемый 24/7 двор.",3,83.0,8,10,true,evro,monolit,210000.0,2526562500.0,USD,Ташкентская область,Ташкент,Юнусабадский район,улица Ниёзбек Йули,41.323963,69.291359,188,0,0,false,false,false,43671,10,https://api.uybor.uz/api/v1/media/n/17838662082797132.jpg,2026-07-12T14:23:37.966Z,2026-07-12T14:23:37.965Z,2026-08-26T14:23:37.965Z,https://uybor.uz/listings/1317566,2026-07-21 05:06:32
1317567,2026-07-21,sale,Квартира,,"Продается 2(3)-комнатная квартира в новостройке, 2(3)/8/16 -121 000 у.е в ЖК OzMakon от Golden House, ул.Фаргона-йули. Ориентир: УзБУМ,Первушка. Монолитный дом, площадь 51 м²,по факту 54 м². Состояние: евроремонт,мебель,техника Hoffmann и LG,посудомоечная машина.Вид на Alfraganus.",2,51.0,8,16,true,evro,monolit,121000.0,1455781250.0,USD,Ташкентская область,Ташкент,Мирабадский район,O'zmakon TJM,41.291019,69.297943,190,0,0,false,false,false,43671,9,https://api.uybor.uz/api/v1/media/n/17838665296005956.jpg,2026-07-12T14:28:53.067Z,2026-07-12T14:28:53.066Z,2026-08-26T14:28:53.066Z,https://uybor.uz/listings/1317567,2026-07-21 05:06:32
1317570,2026-07-21,sale,Дом,Частный дом,"Maxala asfalt tekis maktab bogʻcha 500 metr atrofida 4 xona uy 4 xona podvol bor 
toshkent viloyati Orta chirchiq tumani dostlik mfy 46uy ",4,150.0,,101,false,sredniy,kirpich,150000.0,1804687500.0,USD,Ташкентская область,населённый пункт Баландкуприк,,"улица Кадыри, 187",41.107017,69.307746,130,0,0,false,false,false,279605,11,https://api.uybor.uz/api/v1/media/n/17838721531206495.jpeg,2026-07-12T16:02:37.915Z,2026-07-12T16:02:37.914Z,2026-08-26T16:02:37.914Z,https://uybor.uz/listings/1317570,2026-07-21 05:06:32
1317572,2026-07-21,sale,Дом,Дача,"Продаётся дачный участок с домом 54м2. посёлок Майский,Кибрайского района. (Садово виноградное товарищество ""Звездочка). Дом в хорошем состоянии, пригоден для круглогодичного проживания. Имеется большой подвал. Бассейн 3*5*1,8,летний душ,тапчан. Ёмкость для воды(4м3). Пригодна для круглогодичного проживания. Есть газ,свет,вода. Кадастр на руках. 
Kibray tumani, Mayskiy qo‘rg‘onida (“Zvezdochka” bog‘dorchilik va uzumchilik shirkatida) 54 m² maydonga ega uy joylashgan yer uchastkasi sotiladi. Uy yaxshi holatda bo‘lib, yil davomida yashash uchun moslashtirilgan.  3x5x1,8 m o‘lchamdagi basseyn, ochiq havodagi dush, tapchan va 4 m³ hajmli suv idishi mavjud. Gaz, elektr energiyasi va suv tarmoqlari ulangan. Kadastr hujjatlari mavjud.",2,54.0,,1,false,sredniy,kirpich,60000.0,721875000.0,USD,Ташкентская область,СВТ Звездочка,,Цветочная улица,41.482021,69.467094,159,0,0,false,false,false,286221,6,https://api.uybor.uz/api/v1/media/n/17838739111902956.jpg,2026-07-12T16:33:51.648Z,2026-07-12T16:33:51.647Z,2026-08-26T16:33:51.647Z,https://uybor.uz/listings/1317572,2026-07-21 05:06:32
1317573,2026-07-21,sale,Дом,Частный дом,"Диккат 

Уй сотилади

Манзил: Тошкент шахар сергели тумани дарёо буйи кучаси.

4 хоналик уй
учаска.  1. 3.  сотик.  129. кв

1 Котта хул 
2 мехмонхона
3 Котталар учун спалний
4 Боладар йотахонаси
5 ошхона
 подвал 
Уй ичида: санузел,хожатхона
Ташкарида алохида хожатхона мавжуд

Уй атрофида мавжуд
Доконлар
Овкатланиш жойлар
Астановка
Мактаб
Богча



Нархи:70.000",4,126.0,,1,false,evro,kirpich,70000.0,842187500.0,USD,Ташкентская область,Ташкент,Сергелийский район,улица Дарё Буйи,41.199512,69.252235,120,3,2,false,false,false,286225,3,https://api.uybor.uz/api/v1/media/n/17838819256009201.jpeg,2026-07-12T18:50:06.726Z,2026-07-12T18:50:06.724Z,2026-08-26T18:50:06.724Z,https://uybor.uz/listings/1317573,2026-07-21 05:06:32
1317574,2026-07-21,sale,Для бизнеса,Офис,"Srochna sotiladi
Umumiy maydoni (21 kv.m.)
Umumiy foydalanish maydoni (19.13 kv.m.)
Kadastr hamma hujjatlari tayyor
",,21.0,1,5,false,custom,monolit,45000.0,541406250.0,USD,Ташкентская область,Ташкент,Учтепинский район,Фархадский базар,41.284901,69.188866,59,0,0,false,false,false,236184,5,https://api.uybor.uz/api/v1/media/n/17838906988432627.jpeg,2026-07-12T21:12:35.715Z,2026-07-12T21:12:35.713Z,2026-08-26T21:12:35.713Z,https://uybor.uz/listings/1317574,2026-07-21 05:06:32
1317575,2026-07-21,sale,Квартира,,"Продается 3-комнатная квартира в новостройке, ЖК Assalom Sohil на ул.Фаргона Йули. Ориентир: УзБум, Электроаппарат. 3/5/16-118 000 у.е . Площадь: 68 м²,2 с/у,+6 м² открытый балкон.Монолитный дом. Состояние: евроремонт, мебель,техника.Панорамный вид.Благоустроенный двор,детские площадки.",3,68.0,5,16,true,evro,monolit,118000.0,1419687500.0,USD,Ташкентская область,Ташкент,Яшнабадский район,жилой комплекс Assalom! Sohil,41.282993,69.308418,86,0,0,false,false,false,43671,10,https://api.uybor.uz/api/v1/media/n/17839091573709810.jpg,2026-07-13T02:19:21.163Z,2026-07-13T02:19:21.161Z,2026-08-27T02:19:21.161Z,https://uybor.uz/listings/1317575,2026-07-21 05:06:32
1317576,2026-07-21,sale,Квартира,,"Продаётся квартира в хорошем состоянии. имеется зелёная зона и стоянка  на 3 машины. ",3,68.0,1,4,false,sredniy,kirpich,155000.0,1864843750.0,USD,Ташкентская область,Ташкент,Шайхантахурский район,"массив Лабзак, 27",41.326714,69.262558,91,0,0,false,false,false,275468,8,https://api.uybor.uz/api/v1/media/n/17839169592062959.jpeg,2026-07-13T04:30:55.565Z,2026-07-13T04:30:55.563Z,2026-08-27T04:30:55.563Z,https://uybor.uz/listings/1317576,2026-07-21 05:06:32
1317577,2026-07-21,sale,Квартира,,"Юнусабад 12. 2в3/1/4.
62м2.
Балкон 2/6
Качественный ЕВРО ремонт
Прихожая+кухня
Ориентир: Туркистон Метро
Цена: 86.500
Тел: +",2,62.0,1,4,false,evro,panel,85000.0,1022656250.0,USD,Ташкентская область,Ташкент,Юнусабадский район,12-й квартал,41.377663,69.294052,82,0,0,false,false,false,177179,10,https://api.uybor.uz/api/v1/media/n/17839189821189721.jpeg,2026-07-13T05:03:04.673Z,2026-07-13T05:03:04.672Z,2026-08-27T05:03:04.672Z,https://uybor.uz/listings/1317577,2026-07-21 05:06:32
1317579,2026-07-21,sale,Дом,Частный дом,"Срочно, продаётся 2-х этажный коттедж (намунали уй) в г. Келесе, 4 км от г. Ташкента (Алмазарский р-н). Земельная площадь коттеджа составляет 4-соток, общая полезная площадь составляет 162 кв. м, жилая площадь 116,60 кв. м. Состоит из 6 комнат, на первом этаже установлены теплые полы 3-контнаты (два зала гостиных (большой зал 8х5 малый зал 5х4) и одна жилая комната с коридором), на втором этаже тоже 3 комнаты (две комнаты детских и одна комната (спальня) для родителей), в нутрии коттедже имеется 2 (два) санузла и еще 1 (один) на улице. Кухня большая с теплым полом (5х5) находится на улице (зимняя и летняя кухня). В коттедже пристроен большой навес, под навесом можно разместить три автомашины. В огороде имеются плодотворные деревья (3-яблони, 2-инжира, 2- абрикоса, виноградник). Возле коттеджа в прилагающей территории имеются тоже деревья (черешня и вишня).В коттедже имеется WIFI (Internet). Коттедж находится возле большой новой асфальтированной трассе с новыми столбами освещения",6+,162.0,,2,false,sredniy,kirpich,115000.0,1383593750.0,USD,Ташкентская область,Келес,,улица Келес Йули,41.413475,69.20079,66,2,0,false,false,false,223802,15,https://api.uybor.uz/api/v1/media/n/17839190476884376.jpg,2026-07-13T05:20:48.766Z,2026-07-13T05:20:48.764Z,2026-08-27T05:20:48.764Z,https://uybor.uz/listings/1317579,2026-07-21 05:06:32
1317580,2026-07-21,sale,Квартира,,"Продается Пенхаус на 8 этаже корпусе Seoul Mun
Адрес: Дом расположен прямо над Seoul Mun и каналом. Район с развитой инфраструктурой: рестораны, кофейни, парк, фитнес-клубы. Быстрый доступ к центру и крупным магистралям.
Ориентир: ТРЦ NEXT

2 (отдельные студии)
Этаж — 8
Этажность — 8
Площадь: 139 м²
Две отдельные студии с индивидуальными входами через приватный коридор. Можно сдавать раздельно.
– Основная зона с потолками до 5 метров: простор, воздух, авторская архитектура.
– Не мансардный этаж, лифт поднимается на 8 этаж и потолки выполнены из полноценного железобетонного монолита с качественным утеплением по корейской технологии.
Евро-ремонт, качественные материалы, встроенная мебель и техника.
– Две полноценные ванные комнаты, продуманная функциональная планировка.
– Экологичное, тихое расположение внутри комплекса, отдельный входовой блок.

#Цена: 285 000у.е Обсуждается с реальным покупателем.
",4,139.0,8,8,true,evro,other,285000.0,3428906250.0,USD,Ташкентская область,Ташкент,Яккасарайский район,улица Баходыра,41.296391,69.244347,98,0,0,false,false,false,17660,15,https://api.uybor.uz/api/v1/media/n/17839209288142994.jpg,2026-07-13T05:42:59.238Z,2026-07-13T05:42:59.236Z,2026-08-27T05:42:59.236Z,https://uybor.uz/listings/1317580,2026-07-21 05:06:32
1317581,2026-07-21,sale,Для бизнеса,Производство,"Ташкентская область город Ангрен промзона обшая площадь здание 42000кв.м. 16га земли, железнодорожная ветка 4,5км.высота потолков от 5,30 метров до 12 метров, 2подстанции по 32000квт, своя питьевая скважина, газ, канализация есть. ",,42000.0,1,1,false,sredniy,monolit,8000000.0,96250000000.0,USD,Ташкентская область,,,Ташкентская область,41.109877,69.713407,36,0,0,false,false,false,129679,10,https://api.uybor.uz/api/v1/media/n/17839227646739943.jpeg,2026-07-13T06:06:16.379Z,2026-07-13T06:06:16.377Z,2026-08-27T06:06:16.377Z,https://uybor.uz/listings/1317581,2026-07-21 05:06:32
1317582,2026-07-21,sale,Квартира,,"Спец плана !

Дархан улица Кори Ниязий пересечение с ул.Абдуллы Кадирий ,рядом метро Хамида Алимджана, элитный жилой комплекс ""Акай сити"" ресторан ""Басри Баба""

Продаётся: Просторная, уютная квартира с удобной планировкой, 4-х комнатная квартира, на 3-ем этаже 6-ти этажного кирпичного дома.

Отличный вариант как для жизни так и для инвестиций.

Общая площадь: 122 м²

Два санузла

Большие комнаты, просторная кухня, уютная атмосфера, состояние чистое.

Удобное расположение, развитая инфраструктура, рядом все необходимое для комфортной проживание.

Для более подробной информацией звоните.

Собственника недвижимости представляет:

ООО «GOLD REAL ESTATE»

лицензия гос. Ком. Конкуренции rl 001 №0041",4,122.0,3,6,false,sredniy,kirpich,185000.0,2225781250.0,USD,Ташкентская область,Ташкент,Мирзо-Улугбекский район,"улица Кары-Ниязи, 4",41.320225,69.295494,92,0,0,false,false,false,52944,15,https://api.uybor.uz/api/v1/media/n/17839259410826295.jpg,2026-07-13T06:59:10.060Z,2026-07-13T06:59:10.058Z,2026-08-27T06:59:10.058Z,https://uybor.uz/listings/1317582,2026-07-21 05:06:32
1317583,2026-07-21,sale,Дом,Дача,"🇷🇺 Акташ: Участок с 2 домами
Отличный вариант для большой семьи. Подведены все коммуникации: вода, газ, электричество, интернет.
• Участок: 10 соток + 6 соток сад.
• Дом 1 (Готов к проживанию): 2 этажа, 236 кв.м. 4 спальни, просторная кухня-гостиная, 2 санузла, кладовая.
• Дом 2 (Коробка): 1 этаж, 109 кв.м. Возведены стены, есть крыша и окна. Подойдет под гостевой дом, баню или спортзал.
• Двор: Капитальный бассейн, крытая летняя кухня с топчаном, парковка, свободная территория.

🇺🇿 Oqtosh: 2 ta uyli keng hovli sotiladi
Katta oila uchun ajoyib variant. Barcha sharoitlar bor: suv, gaz, svet va internet.
• Yer maydoni: 10 sotiq + 6 sotiq bog'.
• 1-uy (Yashashga tayyor): 2 qavat, 236 kv.m. 4 ta yotoqxona, keng oshxona-mehmonxona, 2 ta sanuzel, omborxona.
• 2-uy (Karobka): 1 qavat, 109 kv.m. Devori ko'tarilgan, tomi va derazalari bor. Mehmon uyi, banya yoki sport zali uchun mos.
• Hovlida: Kapital basseyn, tapchanli yozgi oshxona, parkovka va keng ochiq hudud.",5,236.0,,2,false,sredniy,blok,270000.0,3248437500.0,USD,Ташкентская область,городской посёлок Сайлык,,махаллинский сход граждан Кичиксой,41.6115,69.771339,33,0,0,false,false,false,255944,10,https://api.uybor.uz/api/v1/media/n/17839260244356985.jpg,2026-07-13T07:03:07.974Z,2026-07-13T07:03:07.973Z,2026-08-27T07:03:07.973Z,https://uybor.uz/listings/1317583,2026-07-21 05:06:32
1317584,2026-07-21,sale,Дом,Частный дом,"Ўзимизни уйни сотяпмиз, маклерлар безовта қилмасин
Салом. шайхонтахур да, Козогистон посольства яқинида жойлашган 4 -хонали уйимизни сотяпмиз. Ўзимиз яшаганмиз, ҳамма нарсасини ўзимиз учун сифатли қилганмиз.
Қават: 3
Ҳолати: Уй тоза, файзли. Кириб яшашга тайёр. ошхона мебель ва Яна блока написала колади
Атрофи: Жуда тинч маҳалла, қўшнилар яхши. Мактаб, боғча ва дўконлар бир қадам.
Уй ўзимизники, ҳужжатларида муаммо йўқ, сотувга тайёр. Нархини озгина келиштириб берамиз, фақат уйни кўргандан кейин.
Нархи: 170000 келишами
         
         
",4,90.0,,3,false,evro,kirpich,170000.0,2045312500.0,USD,Ташкентская область,Ташкент,Шайхантахурский район,массив Джангох,41.329348,69.252581,38,1,0,false,false,false,286238,14,https://api.uybor.uz/api/v1/media/n/17839263143465916.jpeg,2026-07-13T07:09:57.987Z,2026-07-13T07:09:57.985Z,2026-08-27T07:09:57.985Z,https://uybor.uz/listings/1317584,2026-07-21 05:06:32
1317585,2026-07-21,sale,Дом,Частный дом," 4 хона ли Уй молхонаси 15 га 5 )2 мингдан ротик терак бор 100 дан ротик йонгок 50 дан ротик Олма дарахти бор 2 гектар йайлов бор 5 сотник кол хам бор",4,20.0,,1,false,sredniy,other,65000.0,782031250.0,USD,Ташкентская область,,,Букинский район,40.725945,69.191109,26,0,0,false,false,false,286237,7,https://api.uybor.uz/api/v1/media/n/17839267605871891.jpeg,2026-07-13T07:13:09.368Z,2026-07-13T07:13:09.367Z,2026-08-27T07:13:09.367Z,https://uybor.uz/listings/1317585,2026-07-21 05:06:32
1317586,2026-07-21,sale,Квартира,,"Своя. Чилонзор 8-квартал 
1×2/3/4 панель 1.5×3
Мебель. Техника 
Дом №-46
Ориентир: Малика гостиница 
Цена: 57.000",1,33.0,3,4,false,evro,kirpich,57000.0,685781250.0,USD,Ташкентская область,Ташкент,Чиланзарский район,8-й квартал,41.289974,69.204323,70,0,0,false,false,false,9526,6,https://api.uybor.uz/api/v1/media/n/17839279625133300.jpeg,2026-07-13T07:32:50.676Z,2026-07-13T07:32:50.674Z,2026-08-27T07:32:50.674Z,https://uybor.uz/listings/1317586,2026-07-21 05:06:32
1317587,2026-07-21,sale,Квартира,,"СВОЯ  НОВОСТРОЙКА 3/10/12
Ж/K   ""ASSALOM SOHIL"" 
GOLDEN HOUSE

Ориентир 
ЭлетроАппарат
 УзБум
Яшнабадский район

Площадь: 67м² кирпич
Сквозная планировка
Состояние: евроремонт
2 Балкон 1х5
ИПОТЕКА ЕСТЬ 

ЦЕНА: 93.000",3,67.0,10,12,true,evro,kirpich,93000.0,1118906250.0,USD,Ташкентская область,Ташкент,Яшнабадский район,"Яшнабадский район, 8",41.298851,69.292763,70,0,0,false,false,false,9526,8,https://api.uybor.uz/api/v1/media/n/17839280772047462.jpeg,2026-07-13T07:34:49.560Z,2026-07-13T07:34:49.558Z,2026-08-27T07:34:49.558Z,https://uybor.uz/listings/1317587,2026-07-21 05:06:32
1317588,2026-07-21,sale,Дом,Коттедж,"Срочно продам дом в ташкенте ориентир рисовая рынок яшнабад район 5 комната 2 санузел + кладовая + кухня все коммуникации есть в доме
3 спальных и 2 зала комнаты не маленький 6х4 = 4. 4х4 = 1. размер комнат
свет газ интернет вода центральная оделное
общие площади 1.7 сотых
уступить могу Срочно",5,100.0,,2,false,sredniy,blok,73000.0,878281250.0,USD,Ташкентская область,Ташкент,Яшнабадский район,2-й проезд Железнодорожная,41.27058,69.31543,459,3,1,false,false,false,285562,10,https://api.uybor.uz/api/v1/media/n/17839283304664721.jpg,2026-07-13T07:41:14.989Z,2026-07-16T07:35:09.999Z,2026-08-27T07:41:14.988Z,https://uybor.uz/listings/1317588,2026-07-21 05:06:32
1317589,2026-07-21,sale,Квартира,,"Чил 23 квартал
 2/3/5 
балкон 2/6
комната смежная",2,52.0,3,5,false,sredniy,kirpich,62500.0,751953125.0,USD,Ташкентская область,Ташкент,Учтепинский район,23-й квартал,41.287083,69.178413,85,0,0,false,false,false,9526,10,https://api.uybor.uz/api/v1/media/n/17839297693458259.jpeg,2026-07-13T08:03:18.933Z,2026-07-13T08:03:18.931Z,2026-08-27T08:03:18.931Z,https://uybor.uz/listings/1317589,2026-07-21 05:06:32
1317590,2026-07-21,sale,Квартира,,"Чил 23 квартал
  навостройка 4/4/10
 бал 1/3+1/3 ремонт
 сан узел  2та
 ор-р Теген магазин 
136.500",4,90.0,4,10,true,evro,kirpich,136500.0,1642265625.0,USD,Ташкентская область,Ташкент,Учтепинский район,23-й квартал,41.287083,69.178413,105,0,0,false,false,false,9526,10,https://api.uybor.uz/api/v1/media/n/17839299270927058.jpeg,2026-07-13T08:05:39.719Z,2026-07-13T08:05:39.717Z,2026-08-27T08:05:39.717Z,https://uybor.uz/listings/1317590,2026-07-21 05:06:32
1317591,2026-07-21,sale,Квартира,,"Юнусабад 6. 2в3/4/4.
50м2.
Балкон 1.5/6
Смежные комнаты
Средний ремонт
Торец утепленный
Ориентир: посольство США
Цена:  56500
",2,50.0,4,4,false,sredniy,panel,56500.0,679765625.0,USD,Ташкентская область,Ташкент,Юнусабадский район,6-й квартал,41.368603,69.264534,102,0,0,false,false,false,177179,9,https://api.uybor.uz/api/v1/media/n/17839312361917682.jpeg,2026-07-13T08:27:18.205Z,2026-07-13T08:27:18.204Z,2026-08-27T08:27:18.204Z,https://uybor.uz/listings/1317591,2026-07-21 05:06:32
1317592,2026-07-21,sale,Квартира,,"Юнусабад 10. 2/2/5.ИПОТЕКА🔥
58м2.
Комнаты раздельные
Балкон 2/6
Без ремонт
Ориентир: конечка 93
Цена: 59500
Тел: +",2,58.0,2,5,false,kapital,panel,59500.0,715859375.0,USD,Ташкентская область,Ташкент,Юнусабадский район,10-й квартал,41.382103,69.285118,95,0,0,false,false,false,177179,6,https://api.uybor.uz/api/v1/media/n/17839313657604613.jpeg,2026-07-13T08:29:28.793Z,2026-07-13T08:29:28.792Z,2026-08-27T08:29:28.792Z,https://uybor.uz/listings/1317592,2026-07-21 05:06:32
1317593,2026-07-21,sale,Квартира,,"Юнусабад 13. 2/1/5.ИПОТЕКА🔥
58м2.Комнаты раздельные
Балкон 2/6. С ремонтом
Огород, подвал, парковка
Прописка пустая, ключ в нотариусе🔑🔑
Ориентир:  Хамкор Банк
5 минут Мегапланет, базар Метро, универсам
Цена:  82500
Тел: +",2,58.0,1,4,false,evro,panel,82500.0,992578125.0,USD,Ташкентская область,Ташкент,Юнусабадский район,13-й квартал,41.368446,69.297791,118,0,0,false,false,false,177179,8,https://api.uybor.uz/api/v1/media/n/17839314950995668.jpeg,2026-07-13T08:31:44.807Z,2026-07-13T08:31:44.805Z,2026-08-27T08:31:44.805Z,https://uybor.uz/listings/1317593,2026-07-21 05:06:32
1317594,2026-07-21,sale,Квартира,,"ИПОТЕКУ МОЖНО🔥🔥
Юнусабад. Бадамзар РОВД
 2в3/2/4. Кирпич. 50м2
Дом галерейного типа
Средний ремонт
Частично мебель
Цена:  55.500
",2,50.0,2,4,false,sredniy,kirpich,55500.0,667734375.0,USD,Ташкентская область,Ташкент,Юнусабадский район,Бадамзар,41.337151,69.284721,138,0,1,false,false,false,177179,7,https://api.uybor.uz/api/v1/media/n/17839323164392861.jpeg,2026-07-13T08:45:18.135Z,2026-07-13T08:45:18.134Z,2026-08-27T08:45:18.134Z,https://uybor.uz/listings/1317594,2026-07-21 05:06:32
1317595,2026-07-21,sale,Квартира,,"Юнусабад 4. 4/3/4.ИПОТКА🔥
80м2
Французкая планировка
Зал 5/6
Комнаты раздельные
Средний ремонт
Ориентир: кинотеатр Азия
5 минут Универсам
Цена: 92.500
Тел: +",4,82.0,3,4,false,sredniy,panel,92500.0,1112890625.0,USD,Ташкентская область,Ташкент,Юнусабадский район,4-й квартал,41.363678,69.280075,139,0,1,false,false,false,177179,9,https://api.uybor.uz/api/v1/media/n/17839323776949288.jpeg,2026-07-13T08:46:20.763Z,2026-07-13T08:46:20.762Z,2026-08-27T08:46:20.762Z,https://uybor.uz/listings/1317595,2026-07-21 05:06:32
1317597,2026-07-21,sale,Земельный участок,Жилой,"Sijjak, Chorvoq yaqinida yer uchastkasi sotiladi
Bo'stonliq tumani, Tayor proyekt ham mavjud!
Tayyor kadastr! Dacha, Zona otdixa, Kottedj Qurilish uchun tayyor. 
Kadastr bo'yicha — 23 sotka, amalda — taxminan 40 sotka
Chorvoq suv omborigacha — taxminan 150 metr
Ikki qulay kirish yo'li, yangi kapital devor o'rnatilgan
Uchastka bir nechta kottej qurish uchun ham. Hudud tinch va osoyishta, suvga yaqinligi esa bu joyni yanada jozibador qiladi.
Amaldagi maydon kadastrdagi maydondan sezilarli darajada katta — bu keng hudud izlayotganlar uchun qo'shimcha afzallik hisoblanadi.

ТОРГ ЕСТЬ! ТОРГ БОР
 
Продаётся земельный участок в Сиджаке, вблизи Чарвака
Бостанлыкский район. Есть готовый проект! 
Кадастр готов! Дача, зона отдыха, коттеджы, готов к строительству.
По кадастру — 23 соток, фактически — около 40 соток
До Чарвакского водохранилища — примерно 150 метров
Два удобных подъезда, установлен новый капитальный забор
Участок подходит как для строительства нескольких коттеджей, дачей",,,,,false,,,280000.0,3368750000.0,USD,Ташкентская область,населённый пункт Сиджак,,улица Нанай,41.689701,70.049896,79,0,0,false,false,false,286244,9,https://api.uybor.uz/api/v1/media/n/17839345560464237.jpg,2026-07-13T09:23:34.111Z,2026-07-13T09:26:29.838Z,2026-08-27T09:23:34.110Z,https://uybor.uz/listings/1317597,2026-07-21 05:06:32
1317598,2026-07-21,sale,Квартира,,"Юнусабад 14. 1в2/3/4.
43м2.  
Балкон 2/6
Без ремонта
Место Супер🔥🔥🔥
Ориентир: Корзинка, Метро Туркистон
Цена: 51.500
",1,43.0,3,4,false,kapital,panel,51500.0,619609375.0,USD,Ташкентская область,Ташкент,Юнусабадский район,14-й квартал,41.372028,69.303703,134,0,0,false,false,false,177179,9,https://api.uybor.uz/api/v1/media/n/17839360243896109.jpeg,2026-07-13T09:47:07.222Z,2026-07-13T09:47:07.221Z,2026-08-27T09:47:07.221Z,https://uybor.uz/listings/1317598,2026-07-21 05:06:32
1317599,2026-07-21,sale,Квартира,,"Готовая 2х комнатная квартира с ремонтом от застройщика. Рядом СамПИ, Ботанический сад, М-Улугбекская налоговая. 
Кадастр на руках.",2,53.0,7,12,true,evro,blok,84800.0,1020250000.0,USD,Ташкентская область,Ташкент,Мирзо-Улугбекский район,"улица Шахриабад, 34/2, подъезд 3",41.349976,69.329056,225,0,0,false,false,false,284256,9,https://api.uybor.uz/api/v1/media/n/17839401041841842.jpg,2026-07-13T10:56:14.571Z,2026-07-13T10:56:14.570Z,2026-08-27T10:56:14.570Z,https://uybor.uz/listings/1317599,2026-07-21 05:06:32
1317605,2026-07-21,sale,Квартира,,"Оставим всю мебель и технику, живем сами, все в идеальном состоянии",3,56.0,4,5,false,evro,panel,83000.0,998593750.0,USD,Ташкентская область,Ташкент,Яшнабадский район,"ЖК Ассалом Хаво, 45",41.282352,69.354347,142,0,0,false,false,false,286253,4,https://api.uybor.uz/api/v1/media/n/17839500621891186.jpeg,2026-07-13T13:41:12.292Z,2026-07-13T13:41:12.290Z,2026-08-27T13:41:12.290Z,https://uybor.uz/listings/1317605,2026-07-21 05:06:32
1317607,2026-07-21,sale,Квартира,,"Продаётся Своя квартира Ю-абад 13 квартал ориентир Метро Хамкор банк Московская планировка балкон 2х6 комнаты раздельные состояние с Отличным ремонтом имеется два огорода подвал выход в огород заезд для авто расположение отличное Метро МЕГА базар учебные и развлекательные центры всё в 5 минутах ходьбы 
ИПОТЕКА есть ",2,58.0,1,4,false,custom,blok,82500.0,992578125.0,USD,Ташкентская область,Ташкент,Юнусабадский район,13-й квартал,41.368446,69.297791,176,0,0,false,false,false,265057,9,https://api.uybor.uz/api/v1/media/n/17839515351755199.jpeg,2026-07-13T14:06:52.016Z,2026-07-13T14:06:52.014Z,2026-08-27T14:06:52.014Z,https://uybor.uz/listings/1317607,2026-07-21 05:06:32
1317608,2026-07-21,sale,Квартира,,Ok,4,135.0,3,4,false,custom,kirpich,165000.0,1985156250.0,USD,Ташкентская область,Ташкент,Шайхантахурский район,"квартал Хувайдо, 4",41.345401,69.19967,176,1,0,false,false,false,286242,3,https://api.uybor.uz/api/v1/media/n/17839526437724434.jpg,2026-07-13T14:26:42.528Z,2026-07-13T14:26:42.527Z,2026-08-27T14:26:42.527Z,https://uybor.uz/listings/1317608,2026-07-21 05:06:32
1317609,2026-07-21,sale,Квартира,,"Просторная квартира 200 кв.м. в БАНКОВСКОМ доме с евроремонтом!
Ориентир - Алмазарский р-н Туринский политехнический университет, к/т Нукус.
Бонус — гараж с отдельной комнатой для склада!",4,200.0,6,9,false,evro,other,199000.0,2394218750.0,USD,Ташкентская область,Ташкент,Алмазарский район,"улица Шифонур, 3А",41.351135,69.219772,858,1,0,false,false,false,18679,7,https://api.uybor.uz/api/v1/media/n/17839554953831761.jpg,2026-07-13T14:28:57.069Z,2026-07-17T14:31:00.121Z,2026-08-27T14:28:57.067Z,https://uybor.uz/listings/1317609,2026-07-21 05:06:32
1317610,2026-07-21,sale,Квартира,,"Soy boʻyida, ikki bolalar bogʻchasi, maktab va yashil bogʻga yaqin joyda joylashgan.

Manzil: Qoraqamish 1/3.",2,56.0,3,4,false,evro,monolit,70815.58,852000000.0,UZS,Ташкентская область,Ташкент,Алмазарский район,квартал 1/3,41.358944,69.229637,546,4,0,false,false,true,286256,9,https://api.uybor.uz/api/v1/media/n/17839529874979547.jpeg,2026-07-13T14:30:02.269Z,2026-07-19T14:44:00.057Z,2026-08-27T14:30:02.268Z,https://uybor.uz/listings/1317610,2026-07-21 05:06:32
1317611,2026-07-21,sale,Земельный участок,Жилой,"Тошкент тумани Гишткуприкда участка сотилади 5 сотих 6 хона яна времиянкалари бор газ свет сувдан муоммо йук хавоси тоза кушнила ахил мевали дарахтлари бор ориентир Козогистон таможня га 1 км яшаш йокида бизнес учун кулай жой участка кучани юзидан 200/300 метр нарида тел:999618868
933770647
Продаётся участок в Гишткуприке, Ташкентский район.
5 соток, 6 комнат, также имеются времянки. Газ, свет и вода без проблем. Чистый воздух, дружелюбные соседи, есть фруктовые деревья.
Удобное место как для проживания, так и для бизнеса.
Ориентир: 1 км до Казахстанской таможни.
Участок расположен в 200–300 метрах от главной дороги.
Тел:
",,,,,false,,,77500.0,932421875.0,USD,Ташкентская область,махаллинский сход граждан Гишткуприк,,"улица Зумрад, 53",41.463066,69.349678,125,0,0,false,false,false,286258,3,https://api.uybor.uz/api/v1/media/n/17839546298647562.jpeg,2026-07-13T15:00:06.261Z,2026-07-13T15:00:06.260Z,2026-08-27T15:00:06.260Z,https://uybor.uz/listings/1317611,2026-07-21 05:06:32
1317612,2026-07-21,sale,Квартира,,Паркет линолеум акфа окни,3,70.0,5,5,false,sredniy,kirpich,58000.0,697812500.0,USD,Ташкентская область,Ташкент,Янгихаётский район,"4-й квартал, 54",41.204636,69.233742,203,1,0,false,false,false,286260,8,https://api.uybor.uz/api/v1/media/n/17839564679282525.jpg,2026-07-13T15:29:38.719Z,2026-07-13T15:29:38.718Z,2026-08-27T15:29:38.718Z,https://uybor.uz/listings/1317612,2026-07-21 05:06:32
1317614,2026-07-21,sale,Дом,Частный дом,"Продается трехкомнатный дом с двумя ванными комнатами, расположенный недалеко от мечети Тахтапул. Находится между рынками Малика и Джоми, город Альмазар. В центре города, внутри Малой кольцевой дороги. 1 квадратный метр стоит 428 долларов. Дом старый, но пригодный для проживания. Его можно снести и построить новый позже.",3,100.0,,1,false,kapital,kirpich,120399.99999999999,1448562500.0,USD,Ташкентская область,Ташкент,Алмазарский район,Белорецкая улица,41.347195,69.255829,150,0,0,false,false,false,286249,15,https://api.uybor.uz/api/v1/media/n/17839594996611527.jpg,2026-07-13T16:20:50.900Z,2026-07-13T16:20:50.898Z,2026-08-27T16:20:50.898Z,https://uybor.uz/listings/1317614,2026-07-21 05:06:32
1317615,2026-07-21,sale,Квартира,,"2 комнатная квартира, новостройка Грант сити ! Обще площадь 42 квадрат метр, есть кадастр, лифт,газ, свет, всё Но квартира Коробка стартовая  цена 57 тысячи.
Звоните на номер +",2,42.0,4,6,true,chernovaya,other,53000.0,637656250.0,USD,Ташкентская область,Ташкент,Яшнабадский район,"улица Обишир, 124",41.281551,69.315025,279,2,0,false,false,false,286267,3,https://api.uybor.uz/api/v1/media/n/17839618719614769.jpeg,2026-07-13T16:58:54.683Z,2026-07-20T07:57:40.386Z,2026-08-27T16:58:54.681Z,https://uybor.uz/listings/1317615,2026-07-21 05:06:32
1317616,2026-07-21,sale,Дом,Частный дом,"Жиззах шаҳри Амир Темур маҳалласида 6 сотих ер майдонида жойлашган, 2 қаватли мустаҳкам ҳовли уй сотилади.
Уй тўлиқ пишиқ ғиштдан сифатли ва пухта қурилган. Жами 7 та кенг хона ва 2 та санузел мавжуд. Ички қисми қора сувоқ ҳолатида, электр монтаж ишлари бажарилган ва сув тармоғи уланган.
Асосий уй участка ичкарисида жойлашган. Биринчи қават деразалари кўчадан кўринмайди. Бу оила учун тинчлик, хавфсизлик ва махфийликни таъминлайди.
Ҳовли тўлиқ шлакоблок девор билан ўралган ва катта дарвоза ўрнатилган. Ҳовлининг олд қисмини қўшимча панорамали ойналар билан якунлаб, замонавий Hi Tech услубида чиройли фасад қилиш мумкин.
Уйнинг асосий қурилиш ишлари бажарилган. Янги эгаси таъмирни ўз диди ва хоҳишига мувофиқ якунлаши мумкин. Катта оила учун доимий яшашга ҳам, келажакда қийматини ошириш мақсадида харид қилишга ҳам жуда яхши вариант.
Нархи 110000 доллар.  Харидор билан келишилади.
Телефон:
",6+,348.0,,2,false,chernovaya,kirpich,110000.0,1323437500.0,USD,Джизакская область,населённый пункт Еланкуль,,улица Асаларичилик,40.102341,67.773293,109,0,0,false,false,false,286270,4,https://api.uybor.uz/api/v1/media/n/17839640181144237.png,2026-07-13T17:34:10.350Z,2026-07-13T17:34:10.349Z,2026-08-27T17:34:10.349Z,https://uybor.uz/listings/1317616,2026-07-21 05:06:32
1317621,2026-07-21,sale,Квартира,,"
Вторичка 1/1/4 28м2

Мирзо-Улугбекский район, Ялангач
Ориентир: 190-школа

Комнат: 1
Этаж: 1
Этажность: 4
Общая площадь: 28м2

Кирпичный дом. Отличный вариант для проживания или инвестиций.",1,28.0,1,4,false,evro,kirpich,56500.0,679765625.0,USD,Ташкентская область,Ташкент,Мирзо-Улугбекский район,массив Ялангач,41.350452,69.343277,148,0,0,false,false,false,62256,6,https://api.uybor.uz/api/v1/media/n/17839701022323559.jpg,2026-07-13T19:15:08.404Z,2026-07-13T19:15:08.403Z,2026-08-27T19:15:08.403Z,https://uybor.uz/listings/1317621,2026-07-21 05:06:32
1317623,2026-07-21,sale,Квартира,,"
Вторичка 2в3/3/4 50м2

Мирзо-Улугбекский район Ялангач Дом Быта 

Комнат: 2 → 3
Этаж: 3
Этажность: 4
Общая площадь: 50м2

 Балкон 1,5×3.
",3,50.0,3,4,false,evro,kirpich,83500.0,1004609375.0,USD,Ташкентская область,Ташкент,Мирзо-Улугбекский район,массив Ялангач,41.350452,69.343277,220,0,0,false,false,false,62256,7,https://api.uybor.uz/api/v1/media/n/17839702716234034.jpg,2026-07-13T19:17:55.917Z,2026-07-19T08:20:12.353Z,2026-08-27T19:17:55.916Z,https://uybor.uz/listings/1317623,2026-07-21 05:06:32
1317624,2026-07-21,sale,Квартира,,"1в2/1/4 Максим Горький Ориентир Художник 
Тип строения Панель 
Балкон 1,5х3 
Привет 35 м²
С мебелью и техникой.",2,35.0,1,4,false,evro,kirpich,72000.0,866250000.0,USD,Ташкентская область,Ташкент,Мирзо-Улугбекский район,Буюк Ипак Йули,41.326092,69.328491,171,0,0,false,false,false,62256,8,https://api.uybor.uz/api/v1/media/n/17839704562368148.jpg,2026-07-13T19:21:01.007Z,2026-07-19T08:20:15.325Z,2026-08-27T19:21:01.006Z,https://uybor.uz/listings/1317624,2026-07-21 05:06:32
1317625,2026-07-21,sale,Квартира,,"1в2/1/5 Максим Горький Ориентир Художник 
Тип строения Панель 
Балкон 1,5х3 
Привет 35 м²
С мебелью и техникой.",2,35.0,1,5,false,evro,kirpich,70000.0,842187500.0,USD,Ташкентская область,Ташкент,Мирзо-Улугбекский район,Буюк Ипак Йули,41.326092,69.328491,62,0,0,false,false,false,62256,8,https://api.uybor.uz/api/v1/media/n/17839706301927407.jpg,2026-07-13T19:23:53.911Z,2026-07-13T19:23:53.909Z,2026-08-27T19:23:53.909Z,https://uybor.uz/listings/1317625,2026-07-21 05:06:32
1317629,2026-07-21,sale,Квартира,,"Sergeli 6a da joylashgan, atrofida maktab, korzinka, bogcha va metro yaqin. 2 honali 3 honali qilingan. Mebellardan oshhona va karidor qoladi. Internet mavjud.",3,71.0,5,7,true,evro,kirpich,73000.0,878281250.0,USD,Ташкентская область,Ташкент,Сергелийский район,"улица Янги Сергели, 6А",41.229427,69.218643,1103,1,1,false,true,true,260942,9,https://api.uybor.uz/api/v1/media/n/17839957685724599.jpg,2026-07-14T02:26:00.396Z,2026-07-18T14:56:00.105Z,2026-08-28T02:26:00.394Z,https://uybor.uz/listings/1317629,2026-07-21 05:06:32
1317630,2026-07-21,sale,Квартира,,"Продается 2-комнатная квартира,2/8/9-115 000 у.е на м.Ойбек,Ц-7,ориентир: пос.Юж.Кореи. Ремонт, обстановка.Площадь 69 м².Блочный дом.",2,69.0,8,9,false,evro,blok,115000.0,1383593750.0,USD,Ташкентская область,Ташкент,Мирабадский район,"улица Афросиаб, 19",41.30257,69.270126,43,0,0,false,false,false,43671,10,https://api.uybor.uz/api/v1/media/n/17840003396758117.jpg,2026-07-14T03:39:03.692Z,2026-07-14T03:39:03.689Z,2026-08-28T03:39:03.689Z,https://uybor.uz/listings/1317630,2026-07-21 05:06:32
1317633,2026-07-21,sale,Квартира,,"Продаётся Квартира / Бывшее семейное общежитие 
Адрес: Ул. Кушбеги , Яккасарайский р-н
Ориентир:  ресторан Канотчи
#Комнат — 1
Этаж — 5
Этажность — 5
Площадь:  19м2
Состояние: новый ремонт. 
Кирпич. Санузел общий на этаже 
Продаётся с мебелью и техникой . 

#Цена: 27 500 уе",1,19.0,5,5,false,evro,kirpich,27500.0,330859375.0,USD,Ташкентская область,Ташкент,Яккасарайский район,массив Кушбеги,41.267544,69.242134,80,1,0,false,false,false,17660,7,https://api.uybor.uz/api/v1/media/n/17840058840659690.jpg,2026-07-14T05:11:26.900Z,2026-07-14T05:11:26.899Z,2026-08-28T05:11:26.899Z,https://uybor.uz/listings/1317633,2026-07-21 05:06:32
1317635,2026-07-21,sale,Дом,Частный дом,"Вся коммуникация имеется. Можно зайти и жить. Соседи спокойные, тихие и добрые.",6+,160.0,,1,false,sredniy,other,435000.0,5233593750.0,USD,Ташкентская область,Ташкент,Мирзо-Улугбекский район,"1-й проезд Гульсанам, 12",41.350979,69.36734,79,0,0,false,false,false,154506,3,https://api.uybor.uz/api/v1/media/n/17840094288329691.jpg,2026-07-14T06:10:34.076Z,2026-07-14T06:10:34.075Z,2026-08-28T06:10:34.075Z,https://uybor.uz/listings/1317635,2026-07-21 05:06:32
1317645,2026-07-21,sale,Квартира,,"Продается квартира Спутник-4
Адрес: Сергелинский район, Спутник -4
Ориентир: Magic Safari

#Комнат — 3
Этаж — 5
Этажность — 5
Площадь:68м²
Балкон: 2*6
Состояние квартиры с ремонтом, сан узел раздельный, комнаты раздельные.
 
#Цена: 58 000 у.е.

ПОДРОБНОСТИ ПО ТЕЛЕФОНАМ
+998903578634
+998909525544",3,68.0,5,5,false,sredniy,kirpich,58000.0,697812500.0,USD,Ташкентская область,Ташкент,Янгихаётский район,4-й квартал,41.207104,69.229752,35,0,0,false,false,false,17660,11,https://api.uybor.uz/api/v1/media/n/17840198156964808.jpg,2026-07-14T09:03:39.146Z,2026-07-14T09:03:39.144Z,2026-08-28T09:03:39.144Z,https://uybor.uz/listings/1317645,2026-07-21 05:06:32
1317647,2026-07-21,sale,Для бизнеса,Здание,"Территория со своими зданиями и инженерной инфраструктурой действующего завода. На территорию имеется возможность вьезда для фур до 14м длиной, а также парковка для легковых. 
Расположения, Ташкент, Чиланзар, ориентир метро Алмазар, первая линия вдоль дороги.

Документы: кадастр на земельный участок + кадастр на благоустройство.

Площадь земельного участка: 4 722 м².

Общая нежилая площадь здания: 2 205 м².

Высота потолков: 3 м.

Коммуникации: водоснабжение, газоснабжение, электроснабжение.

Электроснабжение: собственная ТП мощностью 1 МВт (1000 кВт), две отдельные кабельные линии 10 кВ от подстанции «Гавхар» 110 кВ.

Железнодорожная ветка: отсутствует.

Этажность: 3 этажа + подвал.

Территория: ограждена.

Вход, въезд, КПП: производственного типа.

Автостоянка: наземная.

Тип объекта: отдельно стоящее здание.

Цена указана без оборудования и инвентаря.",,2205.0,,3,false,sredniy,kirpich,2800000.0,33687500000.0,USD,Ташкентская область,Ташкент,Чиланзарский район,метро Алмазар,41.256516,69.195724,22,0,0,false,false,false,13495,5,https://api.uybor.uz/api/v1/media/n/17840202703495849.jpg,2026-07-14T09:11:17.762Z,2026-07-14T09:11:17.761Z,2026-08-28T09:11:17.761Z,https://uybor.uz/listings/1317647,2026-07-21 05:06:32
1317648,2026-07-21,sale,Квартира,,"Продается квартира Чиланзарский район
Адрес: Чиланзарский район, проспект Бунёдкор, Е квартал
Ориентир: Республиканский мед.колледж 

#Комнат — 3
Этаж — 8
Этажность — 9
Площадь:75м²
Состояние квартиры с ремонтом, сан узел раздельный, комнаты раздельные.
 
#Цена: 108 000 у.е",3,75.0,8,9,false,evro,other,108000.0,1299375000.0,USD,Ташкентская область,Ташкент,Чиланзарский район,квартал Е,41.289284,69.222931,63,0,0,false,false,false,17660,6,https://api.uybor.uz/api/v1/media/n/17840204899144383.jpg,2026-07-14T09:14:53.468Z,2026-07-14T09:14:53.467Z,2026-08-28T09:14:53.467Z,https://uybor.uz/listings/1317648,2026-07-21 05:06:32
1317649,2026-07-21,sale,Квартира,,"Продается квартира Ойбек метро
Адрес: Мирабадский район, Ойбек метро
Ориентир: Аngel’s food, Точка вкуса

#Комнат — 4
Этаж — 2
Этажность — 9
Площадь:90м²
Балкон: 1*7
Чистая ремонтом
Мебелью и техникой

#Цена: 150 500 у.е.
Возможно продажа по договору ипотеки",4,90.0,2,9,false,evro,other,150500.0,1810703125.0,USD,Ташкентская область,Ташкент,Мирабадский район,Айбека,41.298153,69.273926,42,0,0,false,false,false,17660,10,https://api.uybor.uz/api/v1/media/n/17840205563796134.jpg,2026-07-14T09:15:59.643Z,2026-07-14T09:15:59.641Z,2026-08-28T09:15:59.642Z,https://uybor.uz/listings/1317649,2026-07-21 05:06:32
1317650,2026-07-21,sale,Квартира,,"Квартира: 2х комнатная / 3-ий этаж /
Адрес: Яккасарайский район, улица Бабур, 71-ый дом, 73-ая квартира.
Ориентир: напротив, отеля “Ramada Plaza by Wyndham Tashkent” или напротив Яккасарайского РОВД.
Локация: рядом есть лесопарк “Дружба”, набережная реки “Салар”, аэропорт, поликлиника, клиника, (частные и государственные) детские сады, (частные и государственные) школы, парковки, остановки, магазины, супермаркеты, аптеки и детские площадки.
Идеальная место для жизни.
 
Ремонт: Дизайнерский евроремонт.
Дом: Антисейсмический прочный дом, построенный в период СССРа из каркасно-железобетонный панельный дом.
Останется вся мебель и техника.
 
Площадь: 47,76 кв.м²
Балкон: 1,2 х 4.
Санузел: Совмещенный.
Есть общая парковка.
 
 
Никого в прописке нету.
Документы чистые и готовы к нотариусу.
После сделки вы можете тот же день переехать и жить.",2,48.0,3,12,false,evro,monolit,83000.0,998593750.0,USD,Ташкентская область,Ташкент,Яккасарайский район,"улица Бабура, 71",41.273739,69.260887,46,0,0,false,false,false,283720,4,https://api.uybor.uz/api/v1/media/n/17840204956081797.jpg,2026-07-14T09:17:57.762Z,2026-07-14T09:17:57.760Z,2026-08-28T09:17:57.760Z,https://uybor.uz/listings/1317650,2026-07-21 05:06:32
1317651,2026-07-21,sale,Квартира,,"Продается 2-комнатная квартира в ЖК Qorasuv River,2/4/11-79 000 у.е на Карасу-6,ориентир: Областное ГАИ. Площадь 60 м², Состояние: евроремонт. ",2,60.0,4,11,true,evro,monolit,79000.0,950468750.0,USD,Ташкентская область,Ташкент,Мирзо-Улугбекский район,6-й квартал,41.319412,69.354134,79,0,0,false,false,false,43671,8,https://api.uybor.uz/api/v1/media/n/17840215827116234.jpg,2026-07-14T09:33:06.034Z,2026-07-14T09:33:06.032Z,2026-08-28T09:33:06.032Z,https://uybor.uz/listings/1317651,2026-07-21 05:06:32
1317652,2026-07-21,sale,Квартира,,"Продается 2-комнатная квартира в ЖК Qorasuv River,2/4/11-70 000 у.е на Карасу-6,ориентир: Областное ГАИ. Площадь 50 м², Состояние: евроремонт. ",2,50.0,4,11,true,evro,monolit,70000.0,842187500.0,USD,Ташкентская область,Ташкент,Мирзо-Улугбекский район,6-й квартал,41.319412,69.354134,61,0,0,false,false,false,43671,7,https://api.uybor.uz/api/v1/media/n/17840216284059047.jpg,2026-07-14T09:33:52.176Z,2026-07-14T09:33:52.175Z,2026-08-28T09:33:52.175Z,https://uybor.uz/listings/1317652,2026-07-21 05:06:32
1317653,2026-07-21,sale,Квартира,,"Продается 2-комнатная квартира в новостройке, 2/2/6-83 000 у.е на массиве Ялангач, ориентир: кафе Бухара. Кирпичный дом,площадь 45 м².Состояние: евроремонт.Планировка: студия.Закрытый двор.",2,45.0,2,6,true,evro,kirpich,83000.0,998593750.0,USD,Ташкентская область,Ташкент,Мирзо-Улугбекский район,массив Ялангач,41.350452,69.343277,44,0,0,false,false,false,43671,10,https://api.uybor.uz/api/v1/media/n/17840219092207723.jpg,2026-07-14T09:38:33.310Z,2026-07-14T09:38:33.309Z,2026-08-28T09:38:33.309Z,https://uybor.uz/listings/1317653,2026-07-21 05:06:32
1317654,2026-07-21,sale,Квартира,,"Продается 1-комнатная квартира, 1/1/4-50 000 у.е в Академгородке.Площадь 40 м². Лоджия 2х3 м.Кирпичный дом.Московская планировка.Состояние: среднее.",1,40.0,1,4,false,sredniy,kirpich,50000.0,601562500.0,USD,Ташкентская область,Ташкент,Мирзо-Улугбекский район,Академгородок,41.338455,69.339172,63,0,0,false,false,false,43671,5,https://api.uybor.uz/api/v1/media/n/17840219628355431.jpg,2026-07-14T09:39:26.345Z,2026-07-14T09:39:26.344Z,2026-08-28T09:39:26.344Z,https://uybor.uz/listings/1317654,2026-07-21 05:06:32
1317655,2026-07-21,sale,Квартира,,"Продается 5-комнатная квартира-дуплекс в новостройке, 5/0-1/8-200 000 у.е в ЖК Barocco, ул.Ниёзбек-йули, ориентир: Гидрометцентр, м.Минор. Состояние: коробка. Площадь 230 м².Потолки 3,20 м.Закрытый, охраняемый 24/7 двор.",5,230.0,1,8,true,chernovaya,kirpich,200000.0,2406250000.0,USD,Ташкентская область,Ташкент,Юнусабадский район,улица Ниёзбек Йули,41.323963,69.291359,84,0,0,false,false,false,43671,8,https://api.uybor.uz/api/v1/media/n/17840221969962185.jpg,2026-07-14T09:43:22.115Z,2026-07-14T09:43:22.114Z,2026-08-28T09:43:22.114Z,https://uybor.uz/listings/1317655,2026-07-21 05:06:32
1317656,2026-07-21,sale,Квартира,,"Продается 3-комнатная квартира в новостройке, 3/3/10-199 000 у.е в  ЖК Wiston на Дархане,ул.Кары Ниязова.Площадь 74 м².Гардеробная.Состояние: евроремонт,мебель,техника. ",3,74.0,3,10,true,evro,monolit,199000.0,2394218750.0,USD,Ташкентская область,Ташкент,Юнусабадский район,жилой комплекс Вистон,41.322922,69.292648,46,0,0,false,false,false,43671,10,https://api.uybor.uz/api/v1/media/n/17840224504786289.jpg,2026-07-14T09:47:34.056Z,2026-07-14T09:47:34.054Z,2026-08-28T09:47:34.054Z,https://uybor.uz/listings/1317656,2026-07-21 05:06:32
1317657,2026-07-21,sale,Квартира,,"Продается 4-комнатная квартира на ул.Немата, в ЖК Botanica Deluxe,4/2/5 - 265 000 у.е. Ориентир: Ботанический Сад,.Площадь 175 м².Состояние: евроремонт,мебель,техника.",4,175.0,2,5,true,evro,kirpich,265000.0,3188281250.0,USD,Ташкентская область,Ташкент,Мирзо-Улугбекский район,тупик Немата,41.341496,69.319466,58,0,0,false,false,false,43671,10,https://api.uybor.uz/api/v1/media/n/17840227746588925.jpg,2026-07-14T09:52:58.058Z,2026-07-14T09:52:58.056Z,2026-08-28T09:52:58.056Z,https://uybor.uz/listings/1317657,2026-07-21 05:06:32
1317658,2026-07-21,sale,Квартира,,"Продается 2-комнатная квартира в новостройке,2/8/8-139 000 у.е в ЖК Мухташам (Великолепный). Ориентир: м.Минор, Финансовый институт.Площадь 58 м².Состояние: евроремонт,мебель,техника.Закрытый,охраняемый двор.",2,58.0,8,8,true,evro,kirpich,139000.0,1672343750.0,USD,Ташкентская область,Ташкент,Юнусабадский район,Muhtasham turar-joy majmuasi,41.324871,69.285378,64,0,0,false,false,false,43671,10,https://api.uybor.uz/api/v1/media/n/17840228904253276.jpg,2026-07-14T09:54:53.944Z,2026-07-14T09:54:53.943Z,2026-08-28T09:54:53.943Z,https://uybor.uz/listings/1317658,2026-07-21 05:06:32
1317659,2026-07-21,sale,Квартира,,"Продается 2-комнатная квартира,2/3/4-126 000 у.е на м.Космонавтов, Ц-7. Ориентир: ЦУМ,школа 110,. Состояние: ремонт,мебель,техника. Площадь 64 м².Лоджия 2х6 м.Гардеробная.Кирпичный дом.Стоянка во дворе,шлагбаум.",2,64.0,3,4,false,evro,kirpich,126000.0,1515937500.0,USD,Ташкентская область,Ташкент,Мирабадский район,улица Якуба Коласа,41.303715,69.273155,81,0,0,false,false,false,43671,8,https://api.uybor.uz/api/v1/media/n/17840231395211711.jpg,2026-07-14T09:59:02.817Z,2026-07-14T09:59:02.816Z,2026-08-28T09:59:02.816Z,https://uybor.uz/listings/1317659,2026-07-21 05:06:32
1317661,2026-07-21,sale,Квартира,,"Продается 4-комнатная квартира, 4/5/9-120 000 у.е на Дархане,м.Пушкина. Ориентир: д/с Интеллект. Площадь 95 м², Зал 5х5 м. Состояние: среднее.",4,95.0,5,9,false,sredniy,panel,120000.0,1443750000.0,USD,Ташкентская область,Ташкент,Мирзо-Улугбекский район,Дархан,41.318459,69.295921,102,0,0,false,false,false,43671,10,https://api.uybor.uz/api/v1/media/n/17840232813818356.jpg,2026-07-14T10:01:36.562Z,2026-07-14T10:01:36.561Z,2026-08-28T10:01:36.561Z,https://uybor.uz/listings/1317661,2026-07-21 05:06:32
1317662,2026-07-21,sale,Квартира,,"Продается 2-комнатная квартира в новостройке,2/1/9-92 000 у.е, на ул.Махтумкули, ЖК  Poytaxt Residence. Ориентир: IT парк, с/м Макро. Кирпичный дом, 46 м². Состояние: евроремонт,мебель,техника.Благоустроенный двор,детская площадка.Подземный паркинг.Кадастр есть.",2,46.0,1,9,true,evro,kirpich,92000.0,1106875000.0,USD,Ташкентская область,Ташкент,Яшнабадский район,улица Махтумкули,41.304634,69.31012,58,0,0,false,false,false,43671,10,https://api.uybor.uz/api/v1/media/n/17840233514607122.jpg,2026-07-14T10:02:34.787Z,2026-07-14T10:02:34.786Z,2026-08-28T10:02:34.786Z,https://uybor.uz/listings/1317662,2026-07-21 05:06:32
1317663,2026-07-21,sale,Квартира,,"Продается 3-комнатная квартира в новостройке, ЖК Assalom Sohil на ул.Фаргона Йули. Ориентир: УзБум, Электроаппарат. 3/10/12-94 500 у.е . Площадь: 67 м²..Два открытых балкона 1х5 м.Кухня автономная.Сквозная планировка.Монолитный дом. Состояние: евроремонт..Благоустроенный двор,детские площадки.Много парковочных мест.",3,67.0,10,12,true,evro,monolit,94500.0,1136953125.0,USD,Ташкентская область,Ташкент,Яшнабадский район,жилой комплекс Assalom! Sohil,41.282993,69.308418,85,0,0,false,false,false,43671,7,https://api.uybor.uz/api/v1/media/n/17840237600947616.jpg,2026-07-14T10:09:24.104Z,2026-07-14T10:09:24.103Z,2026-08-28T10:09:24.103Z,https://uybor.uz/listings/1317663,2026-07-21 05:06:32
1317664,2026-07-21,sale,Квартира,," Продается 2-комнатная квартира, 2/9/9-57 000 у.е на Ташсельмаше. Ориентир: парк Ашхабад.Панельный дом, площадь 60 м². Состояние: с ремонтом.Французская планировка,зал 5х5 м.",2,60.0,9,9,false,sredniy,panel,57000.0,685781250.0,USD,Ташкентская область,Ташкент,Яшнабадский район,массив Ташсельмаш,41.308266,69.307892,98,1,0,false,false,false,43671,10,https://api.uybor.uz/api/v1/media/n/17840238192922045.jpg,2026-07-14T10:10:23.054Z,2026-07-14T10:10:23.052Z,2026-08-28T10:10:23.052Z,https://uybor.uz/listings/1317664,2026-07-21 05:06:32
1317665,2026-07-21,sale,Квартира,,"Продается 2-комнатная квартира, 2/9/9-64 000 у.е на Ташсельмаше. Ориентир: парк Ашхабад.Панельный дом, площадь 60 м². Состояние: с ремонтом.Французская планировка,зал 5х5 м.",2,60.0,9,9,false,sredniy,panel,64000.0,770000000.0,USD,Ташкентская область,Ташкент,Яшнабадский район,массив Ташсельмаш,41.308266,69.307892,110,0,0,false,false,false,43671,10,https://api.uybor.uz/api/v1/media/n/17840238593949745.jpg,2026-07-14T10:11:03.297Z,2026-07-14T10:11:03.295Z,2026-08-28T10:11:03.295Z,https://uybor.uz/listings/1317665,2026-07-21 05:06:32
1317666,2026-07-21,sale,Квартира,,"Продается 1(2)-комнатная квартира в новостройке в Мирабадском районе,ЖК City Tower Group на ул.Фаргона Йули. Ориентир: УзБум,ресторан Tandoor. 1(2)/12/16-78 000 у.е . Площадь: 36,28 м²+открытый балкон. Монолитный дом. Состояние: евроремонт,мебель,техника.Кадастр есть.",1,36.28,12,16,false,evro,monolit,78000.0,938437500.0,USD,Ташкентская область,Ташкент,Мирабадский район,Ферганское шоссе,41.269856,69.312462,88,0,0,false,false,false,43671,7,https://api.uybor.uz/api/v1/media/n/17840240178228085.jpg,2026-07-14T10:13:45.634Z,2026-07-14T10:13:45.632Z,2026-08-28T10:13:45.632Z,https://uybor.uz/listings/1317666,2026-07-21 05:06:32
1317667,2026-07-21,sale,Квартира,,"Продается 1(2)-комнатная квартира в новостройке в Мирабадском районе,ЖК City Tower Group на ул.Фаргона Йули. Ориентир: УзБум,ресторан Tandoor. 1(2)/8/16-78 000 у.е . Площадь: 36,28 м²+открытый балкон. Монолитный дом. Состояние: евроремонт,мебель,техника.Кадастр есть.",1,36.28,8,16,true,evro,monolit,78000.0,938437500.0,USD,Ташкентская область,Ташкент,Мирабадский район,Ферганское шоссе,41.269856,69.312462,87,0,0,false,false,false,43671,10,https://api.uybor.uz/api/v1/media/n/17840240784769305.jpg,2026-07-14T10:14:42.938Z,2026-07-14T10:14:42.937Z,2026-08-28T10:14:42.937Z,https://uybor.uz/listings/1317667,2026-07-21 05:06:32
1317668,2026-07-21,sale,Квартира,,"Продается 1-комнатная квартира, 1/3/4-54 000 у.е на Карасу-2 . Ориентир: за Корзинкой. Площадь 38 м². .Состояние: среднее.Панельный дом.",1,38.0,3,4,false,sredniy,panel,54000.0,649687500.0,USD,Ташкентская область,Ташкент,Мирзо-Улугбекский район,2-й квартал,41.331127,69.363037,121,0,0,false,false,false,43671,3,https://api.uybor.uz/api/v1/media/n/17840241866369737.jpg,2026-07-14T10:16:29.838Z,2026-07-14T10:16:29.836Z,2026-08-28T10:16:29.836Z,https://uybor.uz/listings/1317668,2026-07-21 05:06:32
1317669,2026-07-21,sale,Квартира,,"Продается 1-комнатная квартира, 1/2/5-55 500 у.е на Карасу-2 . Ориентир: за Корзинкой. Площадь 38 м². .Состояние: среднее.Панельный дом.",1,38.0,2,5,false,sredniy,panel,55500.0,667734375.0,USD,Ташкентская область,Ташкент,Мирзо-Улугбекский район,2-й квартал,41.331127,69.363037,122,0,0,false,false,false,43671,3,https://api.uybor.uz/api/v1/media/n/17840242515182224.jpg,2026-07-14T10:17:34.973Z,2026-07-14T10:17:34.972Z,2026-08-28T10:17:34.972Z,https://uybor.uz/listings/1317669,2026-07-21 05:06:32
1317671,2026-07-21,sale,Квартира,,"Продается 4-комнатная квартира в новостройке,4/7/10-185 000 у.е, на ул.Махтумкули, ЖК  Poytaxt Residence. Ориентир: IT парк, с/м Макро. Кирпичный дом, 101 м²,2 с/у.Мастер-спальня.Гардеробная.Открытый балкон.Состояние: евроремонт,мебель,техника.Благоустроенный двор,детская площадка.Кадастр есть.",4,101.0,7,10,true,evro,monolit,185000.0,2225781250.0,USD,Ташкентская область,Ташкент,Яшнабадский район,улица Махтумкули,41.304634,69.31012,49,0,0,false,false,false,43671,10,https://api.uybor.uz/api/v1/media/n/17840251343526936.jpg,2026-07-14T10:32:18.190Z,2026-07-14T10:32:18.188Z,2026-08-28T10:32:18.188Z,https://uybor.uz/listings/1317671,2026-07-21 05:06:32
1317672,2026-07-21,sale,Квартира,,"Продается 2-комнатная квартира в новостройке,2/5/14 -165 000 у.е в ЖК Infinity, ул.С.Азимова. Ориентир: Первушка, кафе Эффенди. Площадь 47 м². Состояние: евроремонт,мебель,техника.",2,47.0,5,14,true,evro,monolit,165000.0,1985156250.0,USD,Ташкентская область,Ташкент,Яшнабадский район,жилой комплекс Infinity,41.302292,69.290245,46,0,0,false,false,false,43671,10,https://api.uybor.uz/api/v1/media/n/17840253797679091.jpg,2026-07-14T10:36:23.582Z,2026-07-14T10:36:23.580Z,2026-08-28T10:36:23.580Z,https://uybor.uz/listings/1317672,2026-07-21 05:06:32
1317673,2026-07-21,sale,Квартира,,"Юнусабад 13. 1/3/5.ИПОТЕКА🔥
42м2
Балкон 2/6
Евро ремонт
Ориентир: Самара, Корзинка
Цена: 59.900 торг  небольшой
Тел: +",1,42.0,3,5,false,evro,panel,59500.0,715859375.0,USD,Ташкентская область,Ташкент,Юнусабадский район,14-й квартал,41.372028,69.303703,69,0,0,false,false,false,177179,7,https://api.uybor.uz/api/v1/media/n/17840262693031230.jpeg,2026-07-14T10:51:10.908Z,2026-07-14T10:51:10.907Z,2026-08-28T10:51:10.907Z,https://uybor.uz/listings/1317673,2026-07-21 05:06:32
1317674,2026-07-21,sale,Квартира,,"Юнусабад 4. 2/2/4.
50м2.
Балкон 1.5/6
Смежные комнаты
С ремонтом
Ориентир: Кинотеатр Азия
Цена: 71500
Тел: +",2,50.0,2,4,false,custom,panel,71000.0,854218750.0,USD,Ташкентская область,Ташкент,Юнусабадский район,4-й квартал,41.363678,69.280075,41,0,0,false,false,false,177179,9,https://api.uybor.uz/api/v1/media/n/17840263258602723.jpeg,2026-07-14T10:52:08.409Z,2026-07-14T10:52:08.408Z,2026-08-28T10:52:08.408Z,https://uybor.uz/listings/1317674,2026-07-21 05:06:32
1317675,2026-07-21,sale,Квартира,,"Юнусабад 12. 2в3/1/4.ИПОТЕКА🔥
58м2
Балкон 2/6
3 комнаты раздельные
С ремонтом, с мебелью
Ориентир: Туркистон Метро
Цена: 80500
Тел: +",1,58.0,1,4,false,evro,panel,80500.0,968515625.0,USD,Ташкентская область,Ташкент,Юнусабадский район,12-й квартал,41.377663,69.294052,39,0,0,false,false,false,177179,10,https://api.uybor.uz/api/v1/media/n/17840264609435306.jpeg,2026-07-14T10:54:40.728Z,2026-07-14T10:54:40.726Z,2026-08-28T10:54:40.726Z,https://uybor.uz/listings/1317675,2026-07-21 05:06:32
1317676,2026-07-21,sale,Квартира,,"Юнусабад 12. 2/4/12
""Paradise Hause""
43м2 (38м2+5 балкон)
Кирпичный дом
Евро ремонт.Мебель+Техника
Рядом Метро Туркистон
Цена: 68.500
Тел: +",2,43.0,4,12,true,evro,kirpich,68500.0,824140625.0,USD,Ташкентская область,Ташкент,Юнусабадский район,11-й квартал,41.370537,69.28997,45,0,0,false,false,false,177179,9,https://api.uybor.uz/api/v1/media/n/17840266716753172.jpeg,2026-07-14T10:57:53.993Z,2026-07-14T10:57:53.992Z,2026-08-28T10:57:53.992Z,https://uybor.uz/listings/1317676,2026-07-21 05:06:32
1317677,2026-07-21,sale,Квартира,,"Юнусабад 13. 2/7/11.
ЖК ""ИКАТ"".  51м2+ балкон 
Евро ремонт
Мебель + техника
Ориентир: 246 школа
Мегапланет, метро 5 минут
Цена:  77.500
Тел: +",2,51.0,7,11,true,evro,panel,77500.0,932421875.0,USD,Ташкентская область,Ташкент,Юнусабадский район,13-й квартал,41.368446,69.297791,41,1,0,false,false,false,177179,8,https://api.uybor.uz/api/v1/media/n/17840267488831605.jpeg,2026-07-14T10:59:10.541Z,2026-07-14T10:59:10.540Z,2026-08-28T10:59:10.540Z,https://uybor.uz/listings/1317677,2026-07-21 05:06:32
1317679,2026-07-21,sale,Квартира,,"Продается 2-комнатная квартира в новостройке, ЖК Assalom Sohil на ул.Фаргона Йули. Ориентир: УзБум, Электроаппарат. 2/9/16-89 000 у.е . Площадь: 41 м²+4 м² открытый балкон.Кухня автономная.Монолитный дом. Состояние: евроремонт,мебель,техника.Благоустроенный двор,детские площадки.Много парковочных мест.",2,41.0,9,16,false,evro,monolit,89000.0,1070781250.0,USD,Ташкентская область,Ташкент,Яшнабадский район,жилой комплекс Assalom! Sohil,41.282993,69.308418,39,0,0,false,false,false,43671,10,https://api.uybor.uz/api/v1/media/n/17840269268178035.jpg,2026-07-14T11:02:10.437Z,2026-07-14T11:02:10.435Z,2026-08-28T11:02:10.435Z,https://uybor.uz/listings/1317679,2026-07-21 05:06:32
1317681,2026-07-21,sale,Квартира,,"Юнусабад 15. 2/4/5.
58м2.
Комнаты раздельные
Балкон 2/6
Без ремонта
Прописка пустая, ключ в нотариусе🔑🔑
Ориентир:  конечка 91.
Метро Туркистон 10 минут
Цена:  62.500
Тел: +",2,58.0,4,5,false,kapital,panel,61000.0,733906250.0,USD,Ташкентская область,Ташкент,Юнусабадский район,15-й квартал,41.378193,69.301384,46,0,0,false,false,false,177179,7,https://api.uybor.uz/api/v1/media/n/17840273700158930.jpeg,2026-07-14T11:09:31.446Z,2026-07-14T11:09:31.444Z,2026-08-28T11:09:31.444Z,https://uybor.uz/listings/1317681,2026-07-21 05:06:32
1317682,2026-07-21,sale,Квартира,,"продаётся свой квартира 1 ком, всё внутри санузел телефон номер 
",1,18.0,3,4,false,sredniy,kirpich,22000.0,264687500.0,USD,Ташкентская область,Ташкент,Яшнабадский район,улица Махтумкули,41.304634,69.31012,98,2,1,false,false,false,286302,4,https://api.uybor.uz/api/v1/media/n/17840276822198039.jpeg,2026-07-14T11:14:48.511Z,2026-07-14T11:14:48.509Z,2026-08-28T11:14:48.509Z,https://uybor.uz/listings/1317682,2026-07-21 05:06:32
1317683,2026-07-21,sale,Квартира,,"Продается 2-комнатная квартира, 2/2/4-100 000 у.е на м.БИЙ, ориентир: напротив МВС.Кирпичный дом, площадь 45 м².Сквозная планировка.Состояние: евроремонт,мебель,техника.",2,45.0,2,4,false,evro,kirpich,100000.0,1203125000.0,USD,Ташкентская область,Ташкент,Мирзо-Улугбекский район,Буюк Ипак Йули,41.326092,69.328491,58,1,0,false,false,false,43671,9,https://api.uybor.uz/api/v1/media/n/17840277599092705.jpg,2026-07-14T11:16:03.504Z,2026-07-14T11:16:03.503Z,2026-08-28T11:16:03.503Z,https://uybor.uz/listings/1317683,2026-07-21 05:06:32
1317684,2026-07-21,sale,Квартира,,"Юнусабад 16. 1в2/16/16.
ЖК ""Океан"" 47м2
37м2 + балкон 10м2.
Евро ремонт
Частично мебель+техника
Цена: 50.000 снизилась 46.500
Тел: +",1,47.0,16,16,true,evro,panel,46500.0,559453125.0,USD,Ташкентская область,Ташкент,Юнусабадский район,16-й квартал,41.382797,69.302177,68,0,1,false,false,false,177179,8,https://api.uybor.uz/api/v1/media/n/17840285724385185.jpeg,2026-07-14T11:29:36.072Z,2026-07-14T11:29:36.071Z,2026-08-28T11:29:36.071Z,https://uybor.uz/listings/1317684,2026-07-21 05:06:32
1317685,2026-07-21,sale,Квартира,,"квартира с ремонтом,хорошая планировка",2,56.0,4,4,false,evro,kirpich,59000.0,709843750.0,USD,Ташкентская область,,,улица Зебуннисо,41.38863,69.480911,151,0,0,false,false,false,273773,14,https://api.uybor.uz/api/v1/media/n/17840293979428725.jpeg,2026-07-14T11:43:22.756Z,2026-07-15T18:44:33.318Z,2026-08-28T11:43:22.754Z,https://uybor.uz/listings/1317685,2026-07-21 05:06:32
1317686,2026-07-21,sale,Квартира,,"Новостройка Икат
Юнусобод 13 квартал 
Ор-р: трц  Megaplanet 

#2х_комнатная_раздельно
7-й этаж
11 этажный дом 
Общая площадь 51 м2 +балкон 2х2 
Состояние: евроремонт,частично с мебелью и техникой.  ",2,51.0,7,11,true,custom,monolit,77500.0,932421875.0,USD,Ташкентская область,Ташкент,Юнусабадский район,"13-й квартал, 78",41.367886,69.298821,101,1,0,false,false,false,56731,6,https://api.uybor.uz/api/v1/media/n/17840310659942335.jpg,2026-07-14T12:13:22.966Z,2026-07-14T12:13:22.964Z,2026-08-28T12:13:22.964Z,https://uybor.uz/listings/1317686,2026-07-21 05:06:32
1317687,2026-07-21,sale,Квартира,,"Продается квартира Чиланзарский район
Адрес: Чиланзарский район, 20 квартал
Ориентир: Euro Bekery

 
#Комнат — 2
Этаж — 2
Этажность — 4
Площадь: 61,7м²
Балкон 1.5х9 метра
Состояние квартиры среднее, сан узел раздельный, комнаты раздельные.
 


#Цена: 63 500 у.е.
",2,61.7,2,4,false,sredniy,other,63500.0,763984375.0,USD,Ташкентская область,Ташкент,Чиланзарский район,квартал 20Д,41.266464,69.180428,167,1,0,false,false,false,17660,8,https://api.uybor.uz/api/v1/media/n/17840325820555334.jpg,2026-07-14T12:36:24.541Z,2026-07-14T12:36:24.539Z,2026-08-28T12:36:24.539Z,https://uybor.uz/listings/1317687,2026-07-21 05:06:32
1317688,2026-07-21,sale,Квартира,,"Продаётся Квартира
Аренда : Октепа гульхани
 Ориентир : Шайхантахур РОВД
#Комнат — 1
Этаж — 3
Этажность — 4
Площадь: 30м2
Состояние: С ремонтом. .
Санузел совмещенный.
БАЛКОН  1.5×3
#Цена: 52 500 у.е 
Можно под ипотеку
",1,30.0,3,4,false,evro,kirpich,52500.0,631640625.0,USD,Ташкентская область,Ташкент,Шайхантахурский район,улица Гульхани,41.301235,69.212105,150,0,0,false,false,false,17660,9,https://api.uybor.uz/api/v1/media/n/17840326587745226.jpg,2026-07-14T12:37:50.488Z,2026-07-14T12:37:50.487Z,2026-08-28T12:37:50.487Z,https://uybor.uz/listings/1317688,2026-07-21 05:06:32
1317690,2026-07-21,sale,Дом,Коттедж,"Продаётся коттедж в Яшнабадском районе 
Адрес :Яшнабадский район, проезд Алимкент 
Ориентир: Военная скола № 153
Дом 2 этажа 
Площадь участка: 2 сотки  
Площадь дома: 90м2 
Общий двор
Количество комнат: 3 комнаты, зал, кухня, 2 санузла
Состояние с ремонтом, мебель частично остается 
Имеется свое парковочное место 

#Цена 125 000 у.е. стартовая  ",3,90.0,,2,false,evro,other,125000.0,1503906250.0,USD,Ташкентская область,Ташкент,Яшнабадский район,4-й Алимкентский проезд,41.289677,69.335144,130,1,0,false,false,false,17660,15,https://api.uybor.uz/api/v1/media/n/17840329826402776.jpg,2026-07-14T12:43:38.889Z,2026-07-14T12:43:38.888Z,2026-08-28T12:43:38.888Z,https://uybor.uz/listings/1317690,2026-07-21 05:06:32
1317691,2026-07-21,sale,Дом,Частный дом,"Продаётся  Дом Новой постройки 
Адрес : ул. Уртайул , Махалля Байсун   , Яшнабадский р-н 
Ориентир:  Ул М.Ашрафи , Мустанг заправка 
Дом одноэтажный .
Площадь участка : 0.8 сотки
Площадь дома: 51м2 
Количество комнат : 3 комнаты
Состояние: Жжёный кирпич. Новый ремонт.
Комнаты  раздельные.  Сан/узел совмещен . 

#Цена 75.000 уе ",3,3.0,,1,false,sredniy,kirpich,75000.0,902343750.0,USD,Ташкентская область,Ташкент,Яшнабадский район,улица Байсун,41.281937,69.321365,141,0,0,false,false,false,17660,10,https://api.uybor.uz/api/v1/media/n/17840331082573037.jpg,2026-07-14T12:45:24.764Z,2026-07-14T12:45:24.762Z,2026-08-28T12:45:24.762Z,https://uybor.uz/listings/1317691,2026-07-21 05:06:32
1317692,2026-07-21,sale,Дом,Частный дом,"Продаётся Дом новой постройки 
Адрес:  ул Сохил , н.п Нурафшан  , Зангиотинский р-н
Ор-р: мост Шоим Коприк , 300м от главной дороги 

Количество комнат: 5 комнат 
Площадь Дома: 200 кв.м.
Площадь Участка: 1,6 сотки
2х этажный дом +подвал 
Состояние : коробка 
Коммуникации : Газ , Свет , Вода ,
Удобное расположение. Тихое место 

#Цена: 60 000уе ",5,200.0,,2,false,chernovaya,kirpich,60000.0,721875000.0,USD,Ташкентская область,населённый пункт Нурафшан,,улица Сохил,41.244141,69.118576,136,0,0,false,false,false,17660,3,https://api.uybor.uz/api/v1/media/n/17840334346611953.jpg,2026-07-14T12:50:37.458Z,2026-07-14T12:50:37.457Z,2026-08-28T12:50:37.457Z,https://uybor.uz/listings/1317692,2026-07-21 05:06:32
1317693,2026-07-21,sale,Квартира,,"Продаётся 2-комнатная квартира

Юнусабад-11, ориентир Mega Planet
2/2э 4 этаж •Площадь  51 м² • Балкон 1,5×6
Мебель и техника остаются. Рядом 3 детских сада, рынок «Ахмад Дониш», остановка, метро «Туркистон» и «Юнусабад».",2,51.0,2,4,false,sredniy,panel,68000.0,818125000.0,USD,Ташкентская область,Ташкент,Юнусабадский район,11-й квартал,41.370537,69.28997,169,2,1,false,false,false,218746,10,https://api.uybor.uz/api/v1/media/n/17840336964819377.jpeg,2026-07-14T12:55:45.811Z,2026-07-14T12:55:45.810Z,2026-08-28T12:55:45.810Z,https://uybor.uz/listings/1317693,2026-07-21 05:06:32
1317694,2026-07-21,sale,Квартира,,"Юнусабад 14. 3/3/4
72м2
Балкон 2/6
Комнаты раздельные
Средний ремонт
Ориентир: Корзинка, Метро Туркистон
Цена: 85000 снизилась 80.000
",3,72.0,3,4,false,sredniy,panel,80000.0,962500000.0,USD,Ташкентская область,Ташкент,Юнусабадский район,14-й квартал,41.372028,69.303703,151,0,0,false,false,false,177179,7,https://api.uybor.uz/api/v1/media/n/17840343794749527.jpeg,2026-07-14T13:06:21.459Z,2026-07-14T13:06:21.458Z,2026-08-28T13:06:21.458Z,https://uybor.uz/listings/1317694,2026-07-21 05:06:32
1317695,2026-07-21,sale,Квартира,,"Юнусабад 10. 2/2/5.ИПОТЕКА🔥
58м2.
Комнаты раздельные
Балкон 2/6
Без ремонт
Ориентир: конечка 93
Цена: 59500
Тел: +",2,58.0,2,4,false,kapital,panel,59500.0,715859375.0,USD,Ташкентская область,Ташкент,Юнусабадский район,10-й квартал,41.382103,69.285118,152,0,0,false,false,false,177179,5,https://api.uybor.uz/api/v1/media/n/17840345013679965.jpeg,2026-07-14T13:08:22.755Z,2026-07-14T13:08:22.754Z,2026-08-28T13:08:22.754Z,https://uybor.uz/listings/1317695,2026-07-21 05:06:32
1317696,2026-07-21,sale,Квартира,,"Юнусабад-13 квартал 2/5/8
Новостройка 44м2
Ор-тир Улица Районо 
2х комнатная
5 этаж
8 этажный дом
Новый Евро ремонт под ключ
Зал студия,Кирпичный дом
Теплый пол,Встроенная кухонная мебель,Шкаф в прихожей ,Шторы,Жалюзи,санузел раздельный 
Мебель+Техника
После ремонта не кто не жил ключи в день оформления 
Кадастр есть 
Цена:72500",2,44.0,5,8,true,evro,kirpich,70500.0,848203125.0,USD,Ташкентская область,Ташкент,Юнусабадский район,13-й квартал,41.368446,69.297791,164,2,0,false,false,false,177179,10,https://api.uybor.uz/api/v1/media/n/17840346088381781.jpeg,2026-07-14T13:10:10.930Z,2026-07-14T13:10:10.928Z,2026-08-28T13:10:10.928Z,https://uybor.uz/listings/1317696,2026-07-21 05:06:32
1317697,2026-07-21,sale,Квартира,,"ИПОТЕКУ МОЖНО🔥🔥
Юнусабад. Бадамзар РОВД
 2в3/2/4. Кирпич. 50м2
Дом галерейного типа
Средний ремонт
Частично мебель
Цена:  55.500
Тел: +",2,50.0,2,4,false,sredniy,kirpich,55500.0,667734375.0,USD,Ташкентская область,Ташкент,Юнусабадский район,Бадамзар,41.337151,69.284721,209,2,0,false,false,false,177179,7,https://api.uybor.uz/api/v1/media/n/17840347335314664.jpeg,2026-07-14T13:12:15.824Z,2026-07-14T13:12:15.822Z,2026-08-28T13:12:15.822Z,https://uybor.uz/listings/1317697,2026-07-21 05:06:32
1317698,2026-07-21,sale,Квартира,,"Юнусабад 6. 2в3/4/4.
50м2.
Балкон 1.5/6
Смежные комнаты
Средний ремонт
Торец утепленный
Ориентир: посольство США
Цена:  56500 
Тел: +",2,50.0,4,4,false,sredniy,panel,56500.0,679765625.0,USD,Ташкентская область,Ташкент,Юнусабадский район,6-й квартал,41.368603,69.264534,164,0,0,false,false,false,177179,8,https://api.uybor.uz/api/v1/media/n/17840347854435755.jpeg,2026-07-14T13:13:07.528Z,2026-07-14T13:13:07.527Z,2026-08-28T13:13:07.527Z,https://uybor.uz/listings/1317698,2026-07-21 05:06:32
1317699,2026-07-21,sale,Квартира,,"Юнусабад 12. 2в3/1/4.
62м2.
Балкон 2/6
Качественный ЕВРО ремонт
Прихожая+кухня
Ориентир: Туркистон Метро
Цена: 85.000
Тел: +",2,62.0,1,4,false,evro,panel,85000.0,1022656250.0,USD,Ташкентская область,Ташкент,Юнусабадский район,12-й квартал,41.377663,69.294052,174,0,0,false,false,false,177179,9,https://api.uybor.uz/api/v1/media/n/17840348362254175.jpeg,2026-07-14T13:13:58.601Z,2026-07-14T13:13:58.600Z,2026-08-28T13:13:58.600Z,https://uybor.uz/listings/1317699,2026-07-21 05:06:32
1317700,2026-07-21,sale,Квартира,,"Юнусабад 13. 2/1/5.ИПОТЕКА🔥
58м2.Комнаты раздельные
Балкон 2/6. С ремонтом
Огород, подвал, парковка
Прописка пустая, ключ в нотариусе🔑🔑
Ориентир:  Хамкор Банк
5 минут Мегапланет, базар Метро, универсам
Цена:  82500
",2,58.0,1,4,false,evro,panel,82500.0,992578125.0,USD,Ташкентская область,Ташкент,Юнусабадский район,13-й квартал,41.368446,69.297791,178,0,0,false,false,false,177179,10,https://api.uybor.uz/api/v1/media/n/17840348938953562.jpeg,2026-07-14T13:14:57.405Z,2026-07-14T13:14:57.404Z,2026-08-28T13:14:57.404Z,https://uybor.uz/listings/1317700,2026-07-21 05:06:32
1317701,2026-07-21,sale,Квартира,,"Юнусабад 2. 2в3/4/4.ИПОТЕКА🔥
58м2
Балкон 2/6
Комнаты раздельные
Средний ремонт
Рядом Универсам,Базар
Цена: 63900
Тел: +",2,58.0,4,4,false,sredniy,panel,63900.0,768796875.0,USD,Ташкентская область,Ташкент,Юнусабадский район,2-й квартал,41.361214,69.285667,181,0,0,false,false,false,177179,9,https://api.uybor.uz/api/v1/media/n/17840349583498983.jpeg,2026-07-14T13:16:01.550Z,2026-07-14T13:16:01.549Z,2026-08-28T13:16:01.549Z,https://uybor.uz/listings/1317701,2026-07-21 05:06:32
1317702,2026-07-21,sale,Квартира,,"Продается своя квартира на 4 этаже 
5 ти комнатная переделанная на 4 комнат 
2 сан узла , евро ремонт с мебелью и техникой ",5,90.0,4,4,false,evro,panel,1000000.0,12031250000.0,USD,Ташкентская область,Ташкент,Алмазарский район,массив Медгородок Г-30,41.362423,69.186279,208,0,0,false,false,false,30047,8,https://api.uybor.uz/api/v1/media/n/17840350435069537.jpeg,2026-07-14T13:18:32.593Z,2026-07-14T13:18:32.592Z,2026-08-28T13:18:32.592Z,https://uybor.uz/listings/1317702,2026-07-21 05:06:32
1317703,2026-07-21,sale,Квартира,,"Остовляем все мебель техника шторы и ковры 
Идеальное рещение для вложение трудовых денег 
",2,50.0,2,7,false,evro,kirpich,63000.0,757968750.0,USD,Ташкентская область,Ташкент,Сергелийский район,массив Сергели-VIа,41.230221,69.210737,201,0,0,false,false,false,283348,9,https://api.uybor.uz/api/v1/media/n/17840397837934721.jpg,2026-07-14T14:41:01.184Z,2026-07-14T14:41:01.182Z,2026-08-28T14:41:01.182Z,https://uybor.uz/listings/1317703,2026-07-21 05:06:32
1317704,2026-07-21,sale,Квартира,,"Qora qamish 1/3 da 1xonali kvartira sotiladi.
Remonti o'rta atrofida karzinka evos fed up bog'cha maktab zapravka sayr qilish uchun bog'lar bor ",1,50.0,4,4,false,sredniy,kirpich,45000.0,541406250.0,USD,Ташкентская область,Ташкент,Алмазарский район,"квартал 1/3, 37",41.359547,69.228836,203,0,1,false,false,false,286311,6,https://api.uybor.uz/api/v1/media/n/17840439655166177.jpg,2026-07-14T15:49:40.831Z,2026-07-14T15:49:40.830Z,2026-08-28T15:49:40.830Z,https://uybor.uz/listings/1317704,2026-07-21 05:06:32
1317705,2026-07-21,sale,Земельный участок,Жилой,"Продаётся земельный участок в живописном месте в Сижжаке, Бостанлыкский район, недалеко от Чарвакского водохранилища.
Участок расположен на возвышенности. С территории открывается панорамный вид на воду, горы и зелёную долину. Тихое место с чистым воздухом, подходит для строительства частной дачи, загородного дома, семейной резиденции или небольшого комплекса из нескольких домов.
Общая площадь участка составляет около 17,5 соток. Возможны два варианта покупки:
• весь участок целиком за 210 тыс
• покупка отдельной части после разделения участка по цене 15 000 долларов за сотку
Планируемое разделение:
• участок 5 соток: 75 тыс
• участок 5 соток: 75 тыс
• участок около 7 соток: 105 тыс
На территории уже выполнены работы по подготовке и выравниванию отдельных зон, построена подпорная стена, имеется удобное пространство для размещения дома и благоустройства. Есть готовые архитектурные варианты планировки участка и дома, которые можно передать покупателю.
",,,,,false,,,262500.0,3158203125.0,USD,Ташкентская область,населённый пункт Сиджак,,махаллинский сход граждан Сижжак,41.689991,70.053802,23,0,1,false,false,false,286312,15,https://api.uybor.uz/api/v1/media/n/17840456492192532.jpg,2026-07-14T16:14:54.727Z,2026-07-14T16:14:54.725Z,2026-08-28T16:14:54.725Z,https://uybor.uz/listings/1317705,2026-07-21 05:06:32
1317706,2026-07-21,sale,Дом,Частный дом,"Редкое предложение в Дархане! Дом с возможностью расширения участка до ~7 соток Мирзо-Улугбекский район, ул. Дархан
Ориентир: Школа №18, метро Хамид Олимжон — всего 100 метров.
Отличный вариант как для комфортного проживания, так и для строительства современного дома или инвестиционного проекта.

Основные преимущества:
Площадь участка — 2,7 сотки
Фасад — 17 метров
Участок практически квадратной формы (17×16 м), что значительно упрощает проектирование нового дома.

Уникальная возможность расширения участка
Собственник соседнего участка (около 4 соток) также рассматривает продажу.
При желании можно объединить оба участка и получить территорию почти 7 соток в одном из самых престижных районов Ташкента — отличное решение для строительства большого дома, нескольких коттеджей или инвестиционного проекта.
Благодаря расположению объект отлично подходит как для собственного проживания, так и для долгосрочных инвестиций.
Цена — 215 000 USD
Торг возможен после осмотра.


",4,2.7,,1,false,sredniy,kirpich,215000.0,2586718750.0,USD,Ташкентская область,Ташкент,Мирзо-Улугбекский район,"улица Дархан, 13",41.317654,69.299706,824,7,0,true,false,false,286313,11,https://api.uybor.uz/api/v1/media/n/17840459354359221.png,2026-07-14T16:19:12.153Z,2026-07-14T16:19:12.151Z,2026-08-28T16:19:12.151Z,https://uybor.uz/listings/1317706,2026-07-21 05:06:32
1317712,2026-07-21,sale,Квартира,,"Продаётся просторная квартира площадью 116 м² в современном кирпичном доме.

Квартира расположена на 7-м этаже и предлагает великолепный панорамный вид из окон. Выполнен качественный дизайнерский ремонт, продуманный до мелочей для комфортной жизни.

Преимущества квартиры:
• Площадь — 116 м²
• 2 полноценных санузла
• Красивый современный ремонт
• 7 этаж с отличным видом на город
• Кирпичный дом с хорошей тепло- и шумоизоляцией
• Закрытая охраняемая территория
• Круглосуточное видеонаблюдение и охрана
• Подземная и наземная парковка
• Благоприятный микроклимат и комфортная атмосфера жилого комплекса

Идеальный вариант для семьи, ценящей безопасность, комфорт и высокое качество жизни. Квартира полностью готова к проживанию и не требует дополнительных вложений.",3,116.0,7,8,true,evro,kirpich,240000.0,2887500000.0,USD,Ташкентская область,Ташкент,Юнусабадский район,"улица Майкурган, 46",41.369259,69.2658,198,0,0,false,false,false,278384,15,https://api.uybor.uz/api/v1/media/n/17840536266386068.jpeg,2026-07-14T18:29:11.982Z,2026-07-14T18:29:11.980Z,2026-08-28T18:29:11.980Z,https://uybor.uz/listings/1317712,2026-07-21 05:06:32
1317713,2026-07-21,sale,Квартира,,"Четырёхкомнатная! Ц-13, ул.Абая, Корзинка: 4 этаж 4 этажного дома; кирпичный дом, 2*6 балкон, квадратная прихожая, все раздельные комнаты и раздельный санузел; квартира в среднем состоянии но жилая; возможна продажа в ипотеку через банк; ",4,85.0,4,4,false,sredniy,kirpich,95000.0,1142968750.0,USD,Ташкентская область,Ташкент,Шайхантахурский район,массив Ц-13,41.326904,69.259895,686,0,0,false,false,false,39357,5,https://api.uybor.uz/api/v1/media/n/17840543398965232.jpeg,2026-07-14T18:39:06.130Z,2026-07-18T09:12:04.260Z,2026-08-28T18:39:06.129Z,https://uybor.uz/listings/1317713,2026-07-21 05:06:32
1317725,2026-07-21,sale,Квартира,,"Продается квартира Новостройка Ж/К Imperial 
Адрес: Мирабаский район  
Ориентир: Grand Mir Hotel, метро Ойбек
 
#Комнат —3
Этаж — 6
Этажность — 8
Площадь: 140м²
Дом кирпичный 
Состояние: среднее
2 санузла
Закрытый охраняемый двор, внутри массива
Квартира продается с мебелью и техникой
Идеальный вариант как для проживания, так и для инвестиций  

#Цена: 278 000 у.е.  торг на месте  
",3,140.0,6,8,true,sredniy,kirpich,278000.0,3344687500.0,USD,Ташкентская область,Ташкент,Мирабадский район,улица Шахрисабз,41.301174,69.276581,93,0,0,false,false,false,17660,12,https://api.uybor.uz/api/v1/media/n/17840893996165221.jpg,2026-07-15T04:24:25.671Z,2026-07-15T04:24:25.670Z,2026-08-29T04:24:25.670Z,https://uybor.uz/listings/1317725,2026-07-21 05:06:32
1317726,2026-07-21,sale,Квартира,,"Продается Квартира / Новостройка ЖК Эшангузар Сити / Дуплекс

Адрес: ул.Нугманова , Эшангузар 
Ориентир:  Алгоритм 
#Комнат — 5
Этаж — 9 и 10 
Этажность — 10
Общая площадь 340 М2

Описание :
- 1 Этаж -160м2 : Холл , Зал , 3 спальни , кухня , балкон , 2 санузла 
- 2 Этаж - 180м2 : холл ,спальня , 2 санузла , крытая терраса с летней кухней

Состояние: капитальный ремонт из дорогих материалов .
Продаётся с мебелью и техникой .

#Цена  : 340 000 уе стартовая",5,340.0,9,10,true,evro,other,340000.0,4090625000.0,USD,Ташкентская область,городской посёлок Эшангузар,,махаллинский сход граждан Эшонгузар,41.250313,69.154152,38,4,0,false,false,false,17660,15,https://api.uybor.uz/api/v1/media/n/17840898394509847.jpg,2026-07-15T04:31:15.115Z,2026-07-15T04:31:15.114Z,2026-08-29T04:31:15.114Z,https://uybor.uz/listings/1317726,2026-07-21 05:06:32
1317727,2026-07-21,sale,Земельный участок,Нежилой,"Продаётся Земельный Участок 
Назначение: под Производство , Склад , Строительство Коттеджей. 

Адрес: Ул Эски Отчопар , Мирабадский  р-н
Ориентир: Рисовый , махалля Ок-Уй . котеджи Оникс
Площадь участка: 16 соток.
Фасад 20х80
Наличие всех коммуникаций: свет, газ, вода, 

#Цена: 27 500уе за 1 сотку

",,,,,false,,,440000.0,5293750000.0,USD,Ташкентская область,Ташкент,Мирабадский район,улица Эски Отчопар,41.263897,69.305626,25,0,0,false,false,false,17660,9,https://api.uybor.uz/api/v1/media/n/17840903729915431.jpg,2026-07-15T04:39:42.572Z,2026-07-15T04:39:42.571Z,2026-08-29T04:39:42.571Z,https://uybor.uz/listings/1317727,2026-07-21 05:06:32
1317728,2026-07-21,sale,Земельный участок,Жилой,"ПРОДАЖА: Участок 50 соток в Яшнабадском районе!
Отличное предложение для инвесторов, застройщиков или большой семьи! Продается просторный земельный участок в живописном и перспективном месте.

Адрес: Яшнабадский район, Тузель, ул. Ифтихор
Ориентир: Агротехник

Основные характеристики:

Площадь участка: 50 соток

Ширина фасада: 30 метров

На территории: Имеется 2 жилых дома

Особенность: Живописное, тихое и зеленое место

#Цена: 20 000 у.е. / за сотку
",,,,,false,,,1000000.0,12031250000.0,USD,Ташкентская область,Ташкент,Яшнабадский район,махаллинский сход граждан Тузель,41.298164,69.362206,62,0,0,false,false,false,17660,15,https://api.uybor.uz/api/v1/media/n/17840904774075487.jpg,2026-07-15T04:41:27.650Z,2026-07-15T04:41:27.649Z,2026-08-29T04:41:27.649Z,https://uybor.uz/listings/1317728,2026-07-21 05:06:32
1317730,2026-07-21,sale,Земельный участок,Жилой,"Продаётся земельный участок
Адрес:  Тузель-Агротехник,  Яшнабадский район
Ориентир : От поста 5 км

Продается земельный участок.
На участке два дома.
7-комнат
Два отдельных котла, теплые полы, два бассейна (летний и зимний с подогревами) , джакузи, сауна.
Все мебель и техника остается.
Скважина 26 метров
Газ, свет, вода есть.

Площадь участка 10-соток

#Цена 210.000 уе",,,,,false,,,210000.0,2526562500.0,USD,Ташкентская область,Ташкент,Яшнабадский район,махаллинский сход граждан Тузель,41.298164,69.362206,26,0,0,false,false,false,17660,10,https://api.uybor.uz/api/v1/media/n/17840912371761975.jpg,2026-07-15T04:54:04.636Z,2026-07-15T04:54:04.634Z,2026-08-29T04:54:04.634Z,https://uybor.uz/listings/1317730,2026-07-21 05:06:32
1317731,2026-07-21,sale,Квартира,,"Продается 1-комнатная квартира в новостройке,1/15/16-74 000 у.е, в ЖК Vegas Tower. Ориентир: Кушбеги. Монолитный дом, 36 м²+открытый балкон. Евроремонт, мебель,техника.Идеально для жилья и под сдачу в аренду.",1,36.0,15,16,true,evro,monolit,74000.0,890312500.0,USD,Ташкентская область,Ташкент,Яккасарайский район,Vegas tower turar-joy majmuasi,41.267448,69.236664,92,0,0,false,false,false,43671,10,https://api.uybor.uz/api/v1/media/n/17840929345623141.jpg,2026-07-15T05:22:18.038Z,2026-07-15T05:22:18.037Z,2026-08-29T05:22:18.037Z,https://uybor.uz/listings/1317731,2026-07-21 05:06:32
1317732,2026-07-21,sale,Квартира,,"Продается 2-комнатная квартира,2/2/4-115 000 у.е на м.Космонавтов. Ориентир: Выставочный Зал. Состояние: ремонт,мебель,техника. Кирпичный дом. Лоджия 2х6 м.Площадь 51 м².Тихий,зеленый двор.2-линия.Есть арендатор за 600 у.е.",2,51.0,2,4,false,evro,kirpich,115000.0,1383593750.0,USD,Ташкентская область,Ташкент,Яккасарайский район,Космонавтов,41.305161,69.264793,98,0,0,false,false,false,43671,8,https://api.uybor.uz/api/v1/media/n/17840930004319594.jpg,2026-07-15T05:23:23.968Z,2026-07-15T05:23:23.967Z,2026-08-29T05:23:23.967Z,https://uybor.uz/listings/1317732,2026-07-21 05:06:32
1317733,2026-07-21,sale,Квартира,," Продается 2-комнатная квартира в ЖК Shinam,2/5/9-117 000 у.е на ул.Фирдавсий,МКАД. Ориентир: Казы Махалля.Площадь 57 м²+открытый балкон,Автономная кухня.Состояние: евроремонт,мебель,техника.Кирпичный дом.",2,57.0,5,9,true,evro,kirpich,117000.0,1407656250.0,USD,Ташкентская область,Ташкент,Юнусабадский район,жилой комплекс Shinam,41.331841,69.294876,101,0,0,false,false,false,43671,7,https://api.uybor.uz/api/v1/media/n/17840930988217931.jpg,2026-07-15T05:25:02.250Z,2026-07-15T05:25:02.249Z,2026-08-29T05:25:02.249Z,https://uybor.uz/listings/1317733,2026-07-21 05:06:32
1317734,2026-07-21,sale,Квартира,,"Продается 3-комнатная квартира 3/5/9-88 000 у.е на Электроаппарате, ул.Сайхун, ориентир: ЗАГС.Хороший ремонт, мебель,техника. Площадь квартиры 72 м².Комнаты и с/у раздельные.Французская планировка.",3,72.0,5,9,false,evro,panel,88000.0,1058750000.0,USD,Ташкентская область,Ташкент,Мирабадский район,улица Сайхун,41.282993,69.302269,103,1,0,false,false,false,43671,9,https://api.uybor.uz/api/v1/media/n/17840935577774834.jpg,2026-07-15T05:32:43.603Z,2026-07-15T05:32:43.602Z,2026-08-29T05:32:43.602Z,https://uybor.uz/listings/1317734,2026-07-21 05:06:32
1317735,2026-07-21,sale,Квартира,,"Продается 2-комнатная квартира в новостройке, 2/5/9-144 000 у.е в  ЖК Дархан на Дархане,м.Х.Алимжана.Площадь 82 м².Состояние: евроремонт,мебель,техника.Кирпичный дом.",2,82.0,5,9,true,evro,kirpich,144000.0,1732500000.0,USD,Ташкентская область,Ташкент,Мирзо-Улугбекский район,улица Кары-Ниязи,41.320911,69.296165,98,0,0,false,false,false,43671,10,https://api.uybor.uz/api/v1/media/n/17840936530917980.jpg,2026-07-15T05:34:17.929Z,2026-07-15T05:34:17.927Z,2026-08-29T05:34:17.927Z,https://uybor.uz/listings/1317735,2026-07-21 05:06:32
1317736,2026-07-21,sale,Квартира,,"Продается 3-комнатная квартира,3/4/4-123 000 у.е на ул.Новомосковская. Ориентир: стадион Старт.Площадь 75 м²,Кирпичный дом.Состояние: ремонт,мебель,техника.",3,75.0,4,4,false,evro,kirpich,123000.0,1479843750.0,USD,Ташкентская область,Ташкент,Мирзо-Улугбекский район,улица Аккурган,41.327229,69.304703,93,0,0,false,false,false,43671,10,https://api.uybor.uz/api/v1/media/n/17840937322581525.jpg,2026-07-15T05:35:35.729Z,2026-07-15T05:35:35.728Z,2026-08-29T05:35:35.728Z,https://uybor.uz/listings/1317736,2026-07-21 05:06:32
1317737,2026-07-21,sale,Квартира,,"Продается 1-комнатная квартира, 1/2/4-58 000 у.е на м-ве Ялангач, ориентир: Плеханова. Кирпичный дом, площадь 35 м².Состояние: евроремонт.Зеленый двор.",1,35.0,2,4,false,evro,kirpich,58000.0,697812500.0,USD,Ташкентская область,Ташкент,Мирзо-Улугбекский район,массив Ялангач,41.350452,69.343277,133,1,0,false,false,false,43671,7,https://api.uybor.uz/api/v1/media/n/17840937876073694.jpg,2026-07-15T05:36:34.953Z,2026-07-15T05:36:33.476Z,2026-08-29T05:36:33.476Z,https://uybor.uz/listings/1317737,2026-07-21 05:06:32
1317738,2026-07-21,sale,Квартира,,"Продается 2-комнатная квартира, 2/3/4-90 500 у.е в на ул.Нукус. Ориентир: ул.Моштабиб,бутик Гламур.Площадь 58 м².Два  балкона. Состояние: среднее.Кирпичный дом.Высокие потолки.Кладовая в подвале.Не торец.",2,58.0,3,4,false,sredniy,kirpich,90500.0,1088828125.0,USD,Ташкентская область,Ташкент,Мирабадский район,улица Нукус,41.289204,69.274216,137,0,0,false,false,false,43671,7,https://api.uybor.uz/api/v1/media/n/17840938502506542.jpg,2026-07-15T05:37:33.632Z,2026-07-15T05:37:33.631Z,2026-08-29T05:37:33.631Z,https://uybor.uz/listings/1317738,2026-07-21 05:06:32
1317739,2026-07-21,sale,Квартира,,"Продается 2-комнатная квартира, 2/3/4-93 500 у.е на ул.С.Барака. Ориентир: ГУВД,Корзинка.Состояние: среднее. Площадь квартиры 60 м². Комнаты раздельные. Панельный дом.Зал 5х5 м.Два балкона.Французская планировка.",2,60.0,3,4,false,sredniy,panel,93500.0,1124921875.0,USD,Ташкентская область,Ташкент,Мирабадский район,улица Саида Барака,41.298077,69.283607,154,1,0,false,false,false,43671,9,https://api.uybor.uz/api/v1/media/n/17840939080229216.jpg,2026-07-15T05:38:31.468Z,2026-07-15T05:38:31.467Z,2026-08-29T05:38:31.467Z,https://uybor.uz/listings/1317739,2026-07-21 05:06:32
1317740,2026-07-21,sale,Квартира,," Продается 3-комнатная квартира в новостройке,3/5/10-90 000 у.е на Паркентском, ЖК Parkent Avenue.Ориентир: кафе  Пеликан.Площадь 70 м².Состояние: коробка,white box.Потолки 3,30 м.Детская площадка.Закрытый двор.",3,70.0,5,10,true,chernovaya,monolit,90000.0,1082812500.0,USD,Ташкентская область,Ташкент,Мирзо-Улугбекский район,жилой комплекс Паркент Авеню,41.310589,69.337097,160,1,0,false,false,false,43671,3,https://api.uybor.uz/api/v1/media/n/17840940768548237.jpg,2026-07-15T05:41:20.729Z,2026-07-15T05:41:20.728Z,2026-08-29T05:41:20.728Z,https://uybor.uz/listings/1317740,2026-07-21 05:06:32
1317741,2026-07-21,sale,Квартира,,"Продается 4-комнатная квартира в ЖК Qorasuv River,4/9/11-104 000 у.е на Карасу-6,ориентир: Областное ГАИ. Площадь 135 м²,по факту 150 м² Состояние: коробка.Кадастр есть.",4,135.0,9,11,true,chernovaya,monolit,104000.0,1251250000.0,USD,Ташкентская область,Ташкент,Мирзо-Улугбекский район,6-й квартал,41.319412,69.354134,160,1,1,false,false,false,43671,5,https://api.uybor.uz/api/v1/media/n/17840941476895378.jpg,2026-07-15T05:42:31.774Z,2026-07-15T05:42:31.773Z,2026-08-29T05:42:31.773Z,https://uybor.uz/listings/1317741,2026-07-21 05:06:32
1317745,2026-07-21,sale,Квартира,,Уй сотилади Учтепа Алгаритимда 3хонали 5 етаж 9етажли дом озми домим,3,72.0,5,9,false,kapital,other,69000.0,830156250.0,USD,Ташкентская область,Ташкент,Учтепинский район,Учтепинский район,41.295991,69.1752,142,4,0,false,false,false,248988,3,https://api.uybor.uz/api/v1/media/n/17841011351688271.jpg,2026-07-15T07:39:34.072Z,2026-07-15T07:39:34.071Z,2026-08-29T07:39:34.071Z,https://uybor.uz/listings/1317745,2026-07-21 05:06:32
1317746,2026-07-21,sale,Квартира,,Продается своя 4 комнатная квартира 95 кв. метров масссив Хумоюн 4/5/9 с ремонтом. Остается частично мебель и техника. Отличная локация. Реальному покупателю небольшой торг на месте. Также имеется парковочное место,4,95.0,5,9,false,evro,panel,120000.0,1443750000.0,USD,Ташкентская область,Ташкент,Мирзо-Улугбекский район,"массив Хумаюн, 2",41.343437,69.392563,107,0,0,false,false,false,286332,12,https://api.uybor.uz/api/v1/media/n/17841012526168611.jpg,2026-07-15T07:43:31.007Z,2026-07-15T07:43:31.006Z,2026-08-29T07:43:31.006Z,https://uybor.uz/listings/1317746,2026-07-21 05:06:32
1317748,2026-07-21,sale,Квартира,,"1в2/1/5 Максим Горький Ориентир Художник 
Тип строения Панель 
Балкон 1,5х3 
Привет 35 м²
С мебелью и техникой 
Цена 70.000",1,35.0,1,5,false,evro,panel,70000.0,842187500.0,USD,Ташкентская область,Ташкент,Мирзо-Улугбекский район,массив Ялангач,41.350452,69.343277,116,1,0,false,false,false,286288,6,https://api.uybor.uz/api/v1/media/n/17841086334862863.jpeg,2026-07-15T09:43:56.905Z,2026-07-15T09:43:56.904Z,2026-08-29T09:43:56.904Z,https://uybor.uz/listings/1317748,2026-07-21 05:06:32
1317749,2026-07-21,sale,Квартира,,"Юнусабад-13 квартал 
Ор-р: кафе Анжир, второй дом от дороги, место хорошее.

#3х_комнатная
3й этаж
4х этажный панельный дом
Общая площадь 69м2
Балкон 1.5х6 

Состояние: свежий евроремонт, с мебелью и техникой.",3,69.0,3,4,false,evro,panel,89900.0,1081609375.0,USD,Ташкентская область,Ташкент,Юнусабадский район,13-й квартал,41.368446,69.297791,187,1,0,false,false,false,56731,5,https://api.uybor.uz/api/v1/media/n/17841096878779816.jpg,2026-07-15T10:05:31.300Z,2026-07-15T10:05:31.299Z,2026-08-29T10:05:31.299Z,https://uybor.uz/listings/1317749,2026-07-21 05:06:32
1317751,2026-07-21,sale,Квартира,,"Яккасарайский район
ЦУМ
Напротив голубых куполов
Спец.дом
Николаевский кирпич 3/2/2
87м2
Евроремонт, мебель, техника


Предлагается светлая и уютная 3-комнатная квартира в кирпичном доме, полностью готовая к комфортному проживанию.

Преимущества квартиры:

Современный качественный евроремонт.
Кирпичный дом с отличной тепло- и шумоизоляцией.
Отличное состояние – не требует дополнительных вложений.
2 санузла для максимального комфорта семьи.
Полностью укомплектована мебелью и бытовой техникой – можно заехать и жить с первого дня.

Квартира идеально подойдет как для собственного проживания, так и для выгодной инвестиции.",3,87.0,2,2,false,evro,kirpich,150000.0,1804687500.0,USD,Ташкентская область,Ташкент,Яккасарайский район,"улица Самарканд, 14",41.306816,69.265541,310,2,0,false,false,false,286337,10,https://api.uybor.uz/api/v1/media/n/17841142252224656.jpg,2026-07-15T11:18:57.756Z,2026-07-20T07:55:35.541Z,2026-08-29T11:18:57.755Z,https://uybor.uz/listings/1317751,2026-07-21 05:06:32
1317752,2026-07-21,sale,Дом,Частный дом,"Жойлашуви:
• Тошкент вилояти, Қибрай тумани, Қибрай шаҳри марказида, Qibray markaz
• Тошкентгача 14 км, 20 минут йол
• Бош йўлдан 300 метр ичкарида.
• Мўлжал: Қибрай Электр тармоқлари

Объект маълумотлари:
• Ер майдони: 8,5 сотих
• 3 қаватли уй, яшаш майдони 400 м² ва подвал 200 м²
• Деворлар: Ғиштдан, 2-2,5 ғишт кладка, қалинлигида (50-70 см)
• Шифт (потолок) баландлиги: уй ва подвалда 3,5 метр

Режалаштирилиши (Планировка):
• 8 та катта яшаш хонаси
• 2 та ювуниш хонаси (хаммом)
• 2 та катта хол
• 1 та балкон
• 2 та веранда

Қўшимча:
• Подвалда 5 та хона
• Ёзги ошхона
• Иккинчи уй сифатида фойдаланиш мумкин бўлган хўжалик бинолари (ёрдамчи хоналар)
• Ҳовлида ювуниш хонаси ва ҳожатхона
• 2 та автомобиль учун тураргоҳ (парковка)

Коммуникациялар:
• Газ, сув, канализация, электр, интернет

Яқин атрофда:
• Мактаблар, боғчалар, дўконлар, супермаркетлар, кафе ва ресторанлар, давлат идоралари
• Жамоат транспорти пиёда юриладиган масофада

Барча ҳужжатлар тайёр.
",6+,600.0,,3,false,custom,kirpich,190000.0,2285937500.0,USD,Ташкентская область,городской посёлок Кибрай,,"улица Шодлик, 18",41.387109,69.46691,176,0,1,false,false,false,286278,12,https://api.uybor.uz/api/v1/media/n/17841169187851390.jpeg,2026-07-15T12:03:11.685Z,2026-07-15T12:03:11.684Z,2026-08-29T12:03:11.684Z,https://uybor.uz/listings/1317752,2026-07-21 05:06:32
1317753,2026-07-21,sale,Квартира,,"Срочно продам 2-комн. квартиру 63 м² у дороги Белтепа
​Описание:
Срочно продается 2-комнатная квартира в новостройке!
​Адрес: Напротив бетонки Белтепа (Зангиатинский район).
​Параметры: 6-й этаж, общая площадь 63 кв.м.
​Инфраструктура: Газ, свет, вода и интернет — всё есть и работает стабильно.
​Документы готовы к сделке. По всем вопросам звоните по телефону. ",2,63.0,6,8,true,chernovaya,other,55000.0,661718750.0,USD,Ташкентская область,,,махаллинский сход граждан Ахмад Яссавий,41.337771,69.152014,143,2,0,false,false,false,286342,7,https://api.uybor.uz/api/v1/media/n/17841191522063901.jpeg,2026-07-15T12:39:18.821Z,2026-07-15T12:39:18.820Z,2026-08-29T12:39:18.820Z,https://uybor.uz/listings/1317753,2026-07-21 05:06:32
1317754,2026-07-21,sale,Квартира,,"Sarlavha:

Olmazor tumani, Qoraqamish / — __ xonali kvartira sotiladi

Matn:

Olmazor tumani, Qoraqamish / da joylashgan __ xonali kvartira sotiladi.

Maydoni: 70 Qavat: 1  Holati: ta’mirlangan. Kadastr: bor . Yaqinida: maktab, bog‘cha, bozor, bekat

Narxi: 85 000

",3,70.0,1,4,false,evro,monolit,85000.0,1022656250.0,USD,Ташкентская область,Ташкент,Алмазарский район,1-й квартал,41.369633,69.202225,218,1,0,false,false,false,286347,6,https://api.uybor.uz/api/v1/media/n/17841300597819414.jpeg,2026-07-15T15:50:54.450Z,2026-07-15T15:50:54.449Z,2026-08-29T15:50:54.449Z,https://uybor.uz/listings/1317754,2026-07-21 05:06:32
1317757,2026-07-21,sale,Квартира,,"Продажа (новостройка)!

Район:Яккасарай
 Ориентир:New Port ор.малая кольцевая Аэропорт 

Комнат:3
Площадь:80кв.м.
Этаж:7
Этажность:20

Описание:элитная новостройка, срок сдачи 3-4 квартал 26года, скоро выйдет кадастр, состояние коробка, 2 сан узла, большой балкон, так же есть гардеробная, реальным клиент есть уступка!

Цена:160 000
",3,80.0,7,13,true,kapital,monolit,160000.0,1925000000.0,USD,Ташкентская область,Ташкент,Яккасарайский район,New Port turar-joy majmuasi,41.276245,69.268364,180,0,0,false,false,false,65608,12,https://api.uybor.uz/api/v1/media/n/17841344649488234.jpeg,2026-07-15T16:56:27.186Z,2026-07-15T16:56:27.183Z,2026-08-29T16:56:27.183Z,https://uybor.uz/listings/1317757,2026-07-21 05:06:32
1317759,2026-07-21,sale,Земельный участок,Жилой,"24 сотих ер участкаси зудлик билан сотилади!

• Манзил: Тошкент вилояти, Қибрай тумани, Оқолтин, мўлжал — Танагул / Бешфан.

• Ер тури: Якка тартибдаги уй-жой қурилиши учун.

• Уй-жой, шинам коттеджлар ёки ферма қуриш учун жуда қулай ва тайёр жой.

• Барча коммуникациялар мавжуд: газ, сув, свет бор.

• Ҳужжатлари ва кадастр сотувга тўлиқ тайёр.


",,,,,false,kapital,other,169000.0,2033281250.0,USD,Ташкентская область,населённый пункт Танагул,,"населённый пункт Танагул, 5",41.433636,69.49234,113,0,0,false,false,false,269165,3,https://api.uybor.uz/api/v1/media/n/17841384526869993.jpeg,2026-07-15T18:03:40.264Z,2026-07-15T18:03:40.263Z,2026-08-29T18:03:40.263Z,https://uybor.uz/listings/1317759,2026-07-21 05:06:32
1317761,2026-07-21,sale,Дом,Частный дом,харашо,6+,222.0,,2,false,evro,kirpich,100000.0,1203125000.0,USD,Кашкадарьинская область,Карши,,"улица Оксарой, 39B",38.871956,65.77239,97,0,0,false,false,false,286356,15,https://api.uybor.uz/api/v1/media/n/17841410751629576.jpeg,2026-07-15T18:44:51.404Z,2026-07-15T18:44:51.401Z,2026-08-29T18:44:51.401Z,https://uybor.uz/listings/1317761,2026-07-21 05:06:32
1317768,2026-07-21,sale,Квартира,,"Местонахождение: Яшнабадский район ул. Лисунова 
Количество комнат: 2
Общая площадь: 46 м²
Этаж: 2
Этажность: 3
Цена: 684 000 000 сум 
(56 000 у.е)
",2,46.0,2,3,true,evro,kirpich,56000.0,673750000.0,USD,Ташкентская область,Ташкент,Яшнабадский район,улица Карасу,41.292786,69.340172,369,0,0,false,false,false,221333,9,https://api.uybor.uz/api/v1/media/n/17841571685362487.jpeg,2026-07-15T23:12:55.491Z,2026-07-18T09:19:26.306Z,2026-08-29T23:12:55.490Z,https://uybor.uz/listings/1317768,2026-07-21 05:06:32
1317769,2026-07-21,sale,Дом,Частный дом,"Zangiota ziyoratgohiga yaqin, Bogʻzor mahallasida 6 sohili, ikki qavatli, 5 xonali hamma sharoitga ega uy sotiladi. Uyda gaz, svet, suv internetda muommo yo'q. Mahalla tinch sokin havosi toza joydir. Mahallada maktab, bogcha, market ovqatlanish joylari bor. ",5,150.0,,2,false,evro,kirpich,75000.0,902343750.0,USD,Ташкентская область,населённый пункт Багзар,,населённый пункт Багзар,41.174499,69.157997,54,0,0,false,false,false,286358,14,https://api.uybor.uz/api/v1/media/n/17841714111956865.jpeg,2026-07-16T03:15:17.440Z,2026-07-16T03:15:17.439Z,2026-08-30T03:15:17.439Z,https://uybor.uz/listings/1317769,2026-07-21 05:06:32
1317770,2026-07-21,sale,Земельный участок,Нежилой,"Продаётся земельный участок без постройки. Имеется газ, электричество и вода. Находиться на берегу Паркентского Сая.",,,,,false,,,60000.0,721875000.0,USD,Ташкентская область,махаллинский сход граждан Ёшлик,,улица Гулистон,41.309059,69.590393,36,0,0,false,false,false,286359,3,https://api.uybor.uz/api/v1/media/n/17841728452206324.jpg,2026-07-16T03:34:20.764Z,2026-07-16T05:05:24.998Z,2026-08-30T03:34:20.763Z,https://uybor.uz/listings/1317770,2026-07-21 05:06:32
1317771,2026-07-21,sale,Квартира,,"Ajoyib joyda joylashgan shinam ikki xonali kvartira sotiladi! Kvartira toza, yorug', yaxshi saqlangan va yashashga tayyor. Qo'shnilar tinch va do'stona. Qulay joylashuv: ✔ Buyuk Ipak Yo'li metro bekatigacha atigi 5 daqiqa ✔ Yaqin atrofdagi jamoat transporti bekatlari ✔ Maktab, bolalar bog'chasi, klinika, do'konlar va farovon hayot uchun kerak bo'lgan barcha narsalar piyoda yurish masofasida ✔ Tinch va yaxshi saqlangan mahalla Shaxsiy turar joy va investitsiya uchun ajoyib variant. Qo'ng'iroq qiling, barcha savollaringizga javob beraman! Продаётся уютная 2-комнатная квартира в отличной локации! Квартира чистая, светлая, ухоженная, готова к проживанию. Спокойные и доброжелательные соседи. Преимущества: ✔ Удобное расположение ✔ До метро «Буюк Ипак Йули» всего 5 минут ✔ Рядом остановки общественного транспорта ✔ В шаговой доступности школа, детский сад, поликлиника, магазины и всё необходимое для комфортной жизни ✔ Тихий и благоустроенный район Отличный вариант как для собственного прожив ",2,45.52,5,5,false,sredniy,panel,65000.0,782031250.0,USD,Ташкентская область,Ташкент,Мирзо-Улугбекский район,"улица Мирзо Улугбека, 71",41.331013,69.330566,82,0,0,false,false,false,285761,11,https://api.uybor.uz/api/v1/media/n/17841763276235485.jpg,2026-07-16T04:41:03.572Z,2026-07-16T04:41:03.571Z,2026-08-30T04:41:03.571Z,https://uybor.uz/listings/1317771,2026-07-21 05:06:32
1317772,2026-07-21,sale,Дом,Частный дом,"Продается участок 3 сотки 4 комнаты плюсь кухня и холл 4,5*9. Все что нужно находится внутри дома кухня санузель все все. Частично мебел, ковры остаются. Оченью уютный новый участок строился 3 года назад чрочно нужны деньги поэтому продаем. Всем кому интересно звонить по номеру телефона ",4,128.0,,1,false,custom,kirpich,82000.0,986562500.0,USD,Ташкентская область,,,махаллинский сход граждан Байкурган,41.154507,69.360359,118,2,0,false,false,false,286362,11,https://api.uybor.uz/api/v1/media/n/17841780349156492.jpg,2026-07-16T04:58:05.604Z,2026-07-16T04:58:05.603Z,2026-08-30T04:58:05.603Z,https://uybor.uz/listings/1317772,2026-07-21 05:06:32
1317773,2026-07-21,sale,Квартира,,"77 серии улучшенная планировка !

Ц-1 Садыка Азимова рядом Японское посольство, напротив института травматологии  недалеко от Жуковское ГУВД, кафе ""Эфенди"" Яшнабадский район  район 

Продается: 77 серии улучшенной  планировки, просторная,светлая уютный планировкой 2-х переделанная в 3 х  комнатную квартира на 4-ом этаже, 5-ти этажного ктрпичного дома.

Общая площадь: 68 кв.м

Этаж : 4
Этажность : 5 

Комнаты раздельные.

Санузел раздельный

О квартире: Улучшенной планировки после свежего евро ремонта

Район имеет развитую инфраструктуру: школы, детские сады, магазины.

Помощь в проведении сделки. 

Оперативный показ.

Собственника недвижимости представляет:

ООО «GOLD REAL ESTATE»
лицензия гос. Ком. Конкуренции rl 001 №0041",2,68.0,4,5,false,evro,kirpich,125000.0,1503906250.0,USD,Ташкентская область,Ташкент,Яшнабадский район,"улица Садыка Азимова, 63",41.305496,69.290649,80,0,0,false,false,false,52944,12,https://api.uybor.uz/api/v1/media/n/17841778992118452.png,2026-07-16T04:58:55.653Z,2026-07-16T04:58:55.652Z,2026-08-30T04:58:55.652Z,https://uybor.uz/listings/1317773,2026-07-21 05:06:32
1317774,2026-07-21,sale,Квартира,,"Юнусабад 12 квартал
Ориентир: станция метро Туркистон

#2х_комнатная перед в3х
1й этаж 
4х этажный панельный дом 

Общая площадь: 61м²
Балкон 2х6 
Состояние: новый евроремонт, встроенный кухонный гарнитур, прихожка шкаф.",2,61.0,1,4,false,evro,panel,85000.0,1022656250.0,USD,Ташкентская область,Ташкент,Юнусабадский район,"12-й квартал, 22",41.379185,69.295555,111,0,0,false,false,false,56731,8,https://api.uybor.uz/api/v1/media/n/17841804844296989.jpg,2026-07-16T05:42:24.440Z,2026-07-16T05:42:24.439Z,2026-08-30T05:42:24.439Z,https://uybor.uz/listings/1317774,2026-07-21 05:06:32
1317775,2026-07-21,sale,Квартира,,"Срочно продается квартира в Алмазарском районе
Адрес: Алмазарском районе Каракамыш 2/4
Ориентир: Корзинка
 
#Комнат — 4
Этаж — 3
Этажность — 4
Площадь: 85м²
Французская планировка
Санузел раздельный
Косметический ремонт, электрика, сантехника все новое
Иметься свое парковочное место

#Цена: 88 000у.е.

ПОДРОБНОСТИ ПО ТЕЛЕФОНАМ
",4,85.0,3,4,false,sredniy,other,88000.0,1058750000.0,USD,Ташкентская область,Ташкент,Алмазарский район,квартал 2/4,41.367752,69.209686,87,0,0,false,false,false,17660,11,https://api.uybor.uz/api/v1/media/n/17841840746796402.jpg,2026-07-16T06:41:18.726Z,2026-07-16T06:41:18.725Z,2026-08-30T06:41:18.725Z,https://uybor.uz/listings/1317775,2026-07-21 05:06:32
1317776,2026-07-21,sale,Квартира,,"Чилонзор -3. 2*3/1/4. Срочно. СВОЯ.        Балкон   1,5х3. Евро -ремонт. 
Мебель- техника 
Комната разделние.5- дом. 
Ор:р. Метро Новза
Цена-84.500  на руки
",2,50.0,1,4,false,evro,kirpich,84500.0,1016640625.0,USD,Ташкентская область,Ташкент,Чиланзарский район,3-й квартал,41.285358,69.222954,112,0,0,false,false,false,9526,10,https://api.uybor.uz/api/v1/media/n/17841845312924416.jpeg,2026-07-16T06:49:32.165Z,2026-07-16T06:49:32.161Z,2026-08-30T06:49:32.161Z,https://uybor.uz/listings/1317776,2026-07-21 05:06:32
1317777,2026-07-21,sale,Квартира,,"Чиланзар 3 квартал
ориентир: Эстимед
1/1/4
площадь 30 м2
в ипотеку есть",1,30.0,1,4,false,sredniy,kirpich,54000.0,649687500.0,USD,Ташкентская область,Ташкент,Чиланзарский район,3-й квартал,41.285358,69.222954,123,0,0,false,false,false,9526,5,https://api.uybor.uz/api/v1/media/n/17841847681545437.jpeg,2026-07-16T06:53:02.767Z,2026-07-16T06:53:02.766Z,2026-08-30T06:53:02.766Z,https://uybor.uz/listings/1317777,2026-07-21 05:06:32
1317780,2026-07-21,sale,Квартира,,"Водник 9-этаж 4хона 93 кв

Без ремонт

Санузел алохида

Личный стоянка бор

Газ сув свет дан муаммо йок

Локация: уй атрофида мактаб, богча,

супермаркет магазинла, спорт

школа, поликлика/клиникала бор. Масжид ва метро якин.

Транспортдан муаммо йок.",4,93.0,9,9,false,kapital,other,77000.0,926406250.0,USD,Ташкентская область,Ташкент,Бектемирский район,"массив Водник-2, 36, подъезд 5",41.256054,69.378548,127,0,0,false,false,false,253359,9,https://api.uybor.uz/api/v1/media/n/17841860669697294.jpeg,2026-07-16T07:15:22.037Z,2026-07-16T07:15:22.035Z,2026-08-30T07:15:22.035Z,https://uybor.uz/listings/1317780,2026-07-21 05:06:32
1317782,2026-07-21,sale,Земельный участок,Жилой,"Quruq yer maydoni, betonkagan 330m ichkarilikda.
",,,,,false,,,82000.0,986562500.0,USD,Ташкентская область,махаллинский сход граждан Кизгалдок,,"улица 5-й Квартал, 47",41.376995,69.195808,110,0,0,false,false,true,168711,3,https://api.uybor.uz/api/v1/media/n/17841900859775695.jpg,2026-07-16T08:22:40.146Z,2026-07-19T08:25:00.132Z,2026-08-30T08:22:40.145Z,https://uybor.uz/listings/1317782,2026-07-21 05:06:32
1317785,2026-07-21,sale,Квартира,,"Продаётся 3-комнатная квартира — Сергели, ЖК Green House

Без риелторов! Квартира моя. Срочно!

Район Сергели, ЖК Green House
Всего 500 метров до метро (5 минут пешком)
4-й этаж, кирпичный дом
Тихий, спокойный район

3 комнаты
80,2 кв.м
Коробка (ремонт начат):

Установлен котёл

Проведена канализация

3 балкончика

Документы полностью готовы!

NILU_ABDU",3,80.2,4,8,true,kapital,kirpich,115000.0,1383593750.0,USD,Ташкентская область,Ташкент,Сергелийский район,"массив Сергели-V, 108",41.226715,69.209381,105,0,0,false,false,false,286376,13,https://api.uybor.uz/api/v1/media/n/17841902677989068.jpg,2026-07-16T08:39:04.211Z,2026-07-16T08:39:04.210Z,2026-08-30T08:39:04.210Z,https://uybor.uz/listings/1317785,2026-07-21 05:06:32
1317786,2026-07-21,sale,Квартира,,"Продажа Дуплекс Квартиры / Новостройка 

Адрес: Ул Шокирарык , Сергелийский р-н 
Ориентир : бассейн Атлантис , Хокимият 

Комнат -3
Этаж: 1 и цоколь 
Этажность - 3
Площадь - 96 м² ( каждый этаж по 48 м2 )
Состояние: с ремонтом.. 
1 Этаж : кухня , зал 
Цоколь 2 спальни 
Продаётся с мебелью . 

#Цена : 85 000 у.е",3,96.0,1,3,true,sredniy,other,85000.0,1022656250.0,USD,Ташкентская область,Ташкент,Янгихаётский район,улица Шокирарык,41.213306,69.208382,124,0,0,false,false,false,17660,9,https://api.uybor.uz/api/v1/media/n/17841911873772970.jpg,2026-07-16T08:39:53.263Z,2026-07-16T08:39:53.262Z,2026-08-30T08:39:53.262Z,https://uybor.uz/listings/1317786,2026-07-21 05:06:32
1317787,2026-07-21,sale,Квартира,,"Продаётся трёхкомнатная квартира 66 м² в кирпичном доме, 3/3/4 большой балкон 2 на 6 м. Квартира без ремонта — отличная возможность сделать всё по своему вкусу. Дом в современном развивающемся районе Almazor City. Рядом школы, детские сады, магазины, супермаркеты, парки, прогулочные зоны и остановки транспорта. Цена 66 000 долларов, возможен торг. Контакт: Аида. Телефон: ",3,66.0,3,4,false,kapital,kirpich,66000.0,794062500.0,USD,Ташкентская область,Ташкент,Алмазарский район,улица Шимолий Олмазор,41.347431,69.252129,121,1,0,false,false,false,29873,12,https://api.uybor.uz/api/v1/media/n/17841910711448565.jpg,2026-07-16T08:40:46.341Z,2026-07-16T08:41:57.857Z,2026-08-30T08:40:46.340Z,https://uybor.uz/listings/1317787,2026-07-21 05:06:32
1317788,2026-07-21,sale,Квартира,,"Продается 4-комнатная квартира в новостройке,4/2/8-118 000 у.е на Паркентском,ЖК Ренессанс.Площадь 78 м². Евроремонт,мебель,техника.Кирпичный дом.",4,78.0,2,8,true,evro,kirpich,118000.0,1419687500.0,USD,Ташкентская область,Ташкент,Яшнабадский район,улица Паркент,41.315166,69.323143,174,0,0,false,false,false,43671,8,https://api.uybor.uz/api/v1/media/n/17841931350233714.jpg,2026-07-16T09:12:18.837Z,2026-07-16T09:12:18.836Z,2026-08-30T09:12:18.836Z,https://uybor.uz/listings/1317788,2026-07-21 05:06:32
1317789,2026-07-21,sale,Квартира,,"Dom sotiladiii
Chorsu bozorni buyo betda samarqand darvozaga yetmasdan joylashgan dom 9etajli 9etajda
Holati yahshi baquvatdomla gishdan betonda  qurilgan
Domi kvadrati 80m2
Hama sharoitlari bor 
Ozimizani uy
Domi atrofida hama boradigan joylaga yaqin maktab bohcha bozor magazila dokonla aylanadigan joyla hamasi bor

Telfon raqam+",3,80.0,9,9,false,sredniy,kirpich,85000.0,1022656250.0,USD,Ташкентская область,Ташкент,Шайхантахурский район,Чор-Су,41.325867,69.236839,206,1,0,false,false,false,286380,9,https://api.uybor.uz/api/v1/media/n/17841943915045666.jpeg,2026-07-16T09:33:23.018Z,2026-07-16T09:33:23.016Z,2026-08-30T09:33:23.016Z,https://uybor.uz/listings/1317789,2026-07-21 05:06:32
1317795,2026-07-21,sale,Квартира,,"Продаю 2х комнатную квартиру 77 серии, кирпич. балкон 2/6, общая площадь 58, жилая 28. Есть видео квартиры",2,58.0,4,4,false,sredniy,kirpich,70000.0,842187500.0,USD,Ташкентская область,Ташкент,Учтепинский район,25-й квартал,41.280319,69.167801,194,1,0,false,false,false,230046,3,https://api.uybor.uz/api/v1/media/n/17842029663347255.jpg,2026-07-16T11:56:43.778Z,2026-07-16T11:56:43.777Z,2026-08-30T11:56:43.777Z,https://uybor.uz/listings/1317795,2026-07-21 05:06:32
1317798,2026-07-21,sale,Для бизнеса,Офис,"Мирабадский район улица Нукусская пересечение с ул.Абдуллы Каххара недалеко от Российского посольство, первая нотариальная контора, первая линия

Общая площадь : 146 кв.м 

Количество окон :4

Высота потолков 3.30 см

Три большие комнаты, кухня, ресепшен, два санузла, с офисной мебелью

Два санузла.

Продается: Цокольный этаж 6 ти этажного кирпичного дом, Свежий евро ремонт с офисной мебелью,  в центральной части столицы нежилое помещение под любой вид деятельности

Бутик, парфюмерия, свадебный салон,  офис, турфирма, Шоурум итд.

Район имеет развитую инфраструктуру: школы, детские сады, магазины супермаркеты, развлекательные заведение.

Помощь в проведении сделки.

Оперативный показ.

Собственника недвижимости представляет:

ООО «GOLD REAL ESTATE»
лицензия гос. Ком. Конкуренции rl 001 №0041",,146.0,1,6,false,evro,kirpich,220000.0,2646875000.0,USD,Ташкентская область,Ташкент,Яккасарайский район,"улица Нукус, 39",41.282379,69.261948,139,0,0,false,false,false,52944,8,https://api.uybor.uz/api/v1/media/n/17842039748725496.jpg,2026-07-16T12:12:59.810Z,2026-07-16T12:12:59.809Z,2026-08-30T12:12:59.809Z,https://uybor.uz/listings/1317798,2026-07-21 05:06:32
1317801,2026-07-21,sale,Квартира,,"ЖК VEK/Юнусабад 6 квартал 
Ор-р: Huzur Hotel, Посольство США 

#2х_комнатная_раздельно
1-й этаж
8 этажный кирпичный дом
Общая площадь 68 м2 

Состояние: с ремонтом, вся мебель и техника остаются. Комнаты раздельные, с/у совмещенный. ",2,68.0,1,8,false,sredniy,kirpich,88000.0,1058750000.0,USD,Ташкентская область,Ташкент,Юнусабадский район,Юнусабад,41.366776,69.292175,152,0,0,false,false,false,229088,8,https://api.uybor.uz/api/v1/media/n/17842122638113244.jpg,2026-07-16T14:31:53.677Z,2026-07-16T14:31:53.676Z,2026-08-30T14:31:53.676Z,https://uybor.uz/listings/1317801,2026-07-21 05:06:32
1317802,2026-07-21,sale,Квартира,,"Урганч шаҳри, Наманган кўчасида, 1-қаватда янги таъмирланган 1-хонали квартира зудлик билан сотилади. Нархи: 220 млн сўм. 🏠💰",1,35.0,1,2,false,sredniy,kirpich,18285.71,220000000.0,UZS,Хорезмская область,Ургенч,,Ургенч,41.55973,60.631143,129,0,0,false,false,false,286394,4,https://api.uybor.uz/api/v1/media/n/17842145591071883.jpg,2026-07-16T15:11:42.775Z,2026-07-16T15:11:42.774Z,2026-08-30T15:11:42.774Z,https://uybor.uz/listings/1317802,2026-07-21 05:06:32
1317808,2026-07-21,sale,Квартира,,"Новостройка
ЖК City Life Garden
Рядом с Piramit Tower
4/10,11/11 Дуплекс
Площадь по кадастру 188,55 квадратов
В коробочном состоянии.",4,188.0,11,11,false,kapital,kirpich,1250000.0,15039062500.0,USD,Ташкентская область,Ташкент,Яккасарайский район,жилой комплекс City Lyfe Garden,41.281532,69.252502,223,0,0,false,false,false,62256,6,https://api.uybor.uz/api/v1/media/n/17842351650129682.jpg,2026-07-16T20:52:49.917Z,2026-07-19T08:19:01.184Z,2026-08-30T20:52:49.916Z,https://uybor.uz/listings/1317808,2026-07-21 05:06:32
1317809,2026-07-21,sale,Квартира,,"Продается Новостройка 
ГОЛДЕН ХАУС 
АССАЛОМ СОХИЛ 
2/9/16
Узбум 
До Ц1 и ЖК Инфинити 5 мин на машине 
Общая площадь 45 кв2
По кадастру 41 кв2 без балкона
Два Лифта 
Евролюкс ремонт
Все под ключ готово ✅ 

Раздельная двухкомнатная квартира🔥
3 окна 

В пешей доступности есть частный детский садик
Много бесплатных парковочных мест
Кадастр есть.",2,45.0,9,16,false,evro,kirpich,87000.0,1046718750.0,USD,Ташкентская область,Ташкент,Яшнабадский район,"жилой комплекс Assalom! Sohil, 25/11",41.283943,69.3088,104,1,0,false,false,false,62256,9,https://api.uybor.uz/api/v1/media/n/17842353556477626.jpg,2026-07-16T20:55:59.515Z,2026-07-16T20:55:59.512Z,2026-08-30T20:55:59.512Z,https://uybor.uz/listings/1317809,2026-07-21 05:06:32
1317810,2026-07-21,sale,Квартира,,ул. С. Азимова Ц1 145 школа ЖК Инфинити,2,62.0,2,13,true,evro,monolit,155000.0,1864843750.0,USD,Ташкентская область,Ташкент,Яшнабадский район,5-й проезд Садыка Азимова,41.303097,69.293382,126,2,0,false,false,false,284904,7,https://api.uybor.uz/api/v1/media/n/17842357659533531.jpeg,2026-07-16T21:05:01.910Z,2026-07-16T21:05:01.908Z,2026-08-30T21:05:01.908Z,https://uybor.uz/listings/1317810,2026-07-21 05:06:32
1317814,2026-07-21,sale,Квартира,,продаю чил. р-он центр домбрабад 2/2/2 кирп-дом меб-тех чистая до метро 2остановка,2,53.0,2,2,false,custom,kirpich,53000.0,637656250.0,USD,Ташкентская область,Ташкент,Чиланзарский район,"массив Домбрабад, 7",41.263,69.212364,46,1,0,false,false,false,36920,3,https://api.uybor.uz/api/v1/media/n/17842663811885794.jpg,2026-07-17T05:33:35.620Z,2026-07-17T05:33:35.619Z,2026-08-31T05:33:35.619Z,https://uybor.uz/listings/1317814,2026-07-21 05:06:32
1317815,2026-07-21,sale,Квартира,,"Guncha, metro tinchlik, Versal 2/5/9 o'zimniki. Odelni hod, yangi lift, evro remont, mebel texnika. 64 kv tel ",2,64.0,2,9,false,evro,panel,85000.0,1022656250.0,USD,Ташкентская область,Ташкент,Юнусабадский район,Ташкент,41.311158,69.279728,60,3,0,false,false,false,286415,5,https://api.uybor.uz/api/v1/media/n/17842677719275361.jpeg,2026-07-17T05:56:58.771Z,2026-07-17T05:56:58.770Z,2026-08-31T05:56:58.770Z,https://uybor.uz/listings/1317815,2026-07-21 05:06:32
1317816,2026-07-21,sale,Квартира,,"Мирабадский район улица Айбека пересечение с ул.Саида Барака,Нукусская ,рядом Гарант и Савдогар Банк недалеко от метро Айбек,Минг Урик,школа № 60,Госпитальный Базар.

Продаётся: французский планировки 3-х комнатная квартира, на 9-ом этаже 9-ти этажного дома, квартира с ремонтом частично обставлено мебелью и бытовой техникой .

Общая площадь: 75 м²

Балкон 1 х 7 метров объединено с залом .

Комнаты раздельные.

Санузел раздельный .

В подъезде установлен новый лифт.

Район имеет развитую инфраструктуру: школы, детские сады, магазины супермаркеты,бизнес центры, рестораны кафе, больницы поликлиники.

Помощь в проведении сделки.

Оперативный показ.

Для более подробной информацией звоните.

Собственника недвижимости представляет:

ООО «GOLD REAL ESTATE»лицензия гос. Ком. Конкуренции rl 001 №0041",3,75.0,9,9,false,evro,panel,130000.0,1564062500.0,USD,Ташкентская область,Ташкент,Мирабадский район,"улица Айбека, 20",41.294094,69.27903,34,0,0,false,false,false,52944,8,https://api.uybor.uz/api/v1/media/n/17842692277119693.png,2026-07-17T06:20:36.945Z,2026-07-17T06:20:36.943Z,2026-08-31T06:20:36.943Z,https://uybor.uz/listings/1317816,2026-07-21 05:06:32
1317818,2026-07-21,sale,Квартира,,"Мирабадский район массив Госпитальный улица Айбек пересечение с ул.Нукусская ,КДБ Банк,школа № 238 Госпитальный Базар недалеко от метро Айбек и Минг Урик.

Продаётся: Улучшенной  планировки 4-х комнатная квартира, на 4-ом этаже 9-ти этажного дома, квартира с евро ремонтом полностью обставлено современной мебелью и бытовой техникой .

Евро ремонт с мебелью и бытовой техникой.

Общая площадь: 100 м²

Балкон 2 х 7 метров объединено с залом .

Комнаты раздельные.

Санузел раздельный .

В подъезде установлен новый лифт.

Район имеет развитую инфраструктуру: школы, детские сады, магазины супермаркеты,бизнес центры, рестораны кафе, больницы поликлиники.

Помощь в проведении сделки.

Оперативный показ.

Для более подробной информацией звоните.

Собственника недвижимости представляет:

ООО «GOLD REAL ESTATE»лицензия гос. Ком. Конкуренции rl 001 №0041",4,100.0,4,9,false,evro,panel,190000.0,2285937500.0,USD,Ташкентская область,Ташкент,Мирабадский район,"улица Авлиёота-Нукус, 4",41.293491,69.277428,37,0,0,false,false,false,52944,12,https://api.uybor.uz/api/v1/media/n/17842714091362781.png,2026-07-17T06:58:32.011Z,2026-07-17T06:58:32.009Z,2026-08-31T06:58:32.009Z,https://uybor.uz/listings/1317818,2026-07-21 05:06:32
1317819,2026-07-21,sale,Квартира,,"Продаётся Квартира / Новостройка 
Адрес: Мирабадский район, ул.Инокобод
Ориентир: Мирабад Учти НТМ

КАДАСТР ЕСТЬ

#Комнат — 1
Этаж — 6
Этажность — 7
Площадь: 33м²
Евроремонт мебель+техника 
Лифт есть 
Есть арендатор за 500у.е 

#Цена 59 000 у.е",1,33.0,6,7,true,evro,other,59000.0,709843750.0,USD,Ташкентская область,Ташкент,Мирабадский район,улица Инокобод,41.285896,69.292984,44,0,0,false,false,false,17660,6,https://api.uybor.uz/api/v1/media/n/17842718139954114.jpg,2026-07-17T07:03:36.692Z,2026-07-17T07:03:36.691Z,2026-08-31T07:03:36.691Z,https://uybor.uz/listings/1317819,2026-07-21 05:06:32
1317821,2026-07-21,sale,Квартира,,"Продается квартира Ж/К Ассалом Сохил
Адрес: Яшнабадский район
Ориентир: Узбум

#Комнат — 2
Этаж — 2
Этажность — 9
Площадь: 67 м²

Евроремонт
С мебелью и техникой
Комнаты раздельные
Санузел совмещен

#Цена: 100 000 у.е.",2,67.0,2,9,true,evro,other,100000.0,1203125000.0,USD,Ташкентская область,Ташкент,Яшнабадский район,тупик Фаргона Йули,41.285637,69.308846,39,0,0,false,false,false,17660,9,https://api.uybor.uz/api/v1/media/n/17842738994078788.jpg,2026-07-17T07:38:36.705Z,2026-07-17T07:38:36.704Z,2026-08-31T07:38:36.704Z,https://uybor.uz/listings/1317821,2026-07-21 05:06:32
1317822,2026-07-21,sale,Квартира,,"Мирабадский район массив Госпитальный улица Айбек пересечение с ул.Нукусская и Фидокор ,КДБ Банк,школа № 238 Госпитальный Базар недалеко от метро Айбек и Минг Урик.

Продаётся: 4-х комнатная квартира, на 3-ом этаже 12-ти этажного дома, квартира чистая .

Ремонт средний, плита электрическая 50%

Общая площадь: 100 м²

Два санузла.

Комнаты раздельные.

В подъезде два лифта .

Район имеет развитую инфраструктуру: школы, детские сады, магазины супермаркеты,бизнес центры, рестораны кафе, больницы поликлиники.

Помощь в проведении сделки.

Оперативный показ.

Для более подробной информацией звоните.

Собственника недвижимости представляет:

ООО «GOLD REAL ESTATE»лицензия гос. Ком. Конкуренции rl 001 №0041",4,100.0,3,12,false,sredniy,panel,133000.0,1600156250.0,USD,Ташкентская область,Ташкент,Мирабадский район,"массив Госпитальный, 10",41.29406,69.276527,82,0,1,false,false,false,52944,12,https://api.uybor.uz/api/v1/media/n/17842739811961347.png,2026-07-17T07:39:52.719Z,2026-07-17T07:39:52.717Z,2026-08-31T07:39:52.717Z,https://uybor.uz/listings/1317822,2026-07-21 05:06:32
1317823,2026-07-21,sale,Квартира,,"Продается квартира Буюк Ипак Йули
Адрес: Мирзо-Улугбекский район, Максим Горький Бий 
Ориентир: Гостиница Саехат, 171 школа   
 
#Комнат — 1
Этаж — 3
Этажность — 5
Площадь: 42 м²


#Цена: 59 000 у.е.",1,42.0,3,5,false,sredniy,other,59000.0,709843750.0,USD,Ташкентская область,Ташкент,Мирзо-Улугбекский район,"улица Буюк Ипак Йули, 137",41.328251,69.341934,78,0,0,false,false,false,17660,8,https://api.uybor.uz/api/v1/media/n/17842741191098042.jpg,2026-07-17T07:42:02.666Z,2026-07-17T07:42:02.665Z,2026-08-31T07:42:02.665Z,https://uybor.uz/listings/1317823,2026-07-21 05:06:32
1317824,2026-07-21,sale,Квартира,,"Продается квартира Чиланзарский район
Адрес: Чиланзарский район, 20 квартал
Ориентир: Euro Bekery
#Комнат — 2
Этаж — 2
Этажность — 4
Площадь: 61,7м²
Балкон 1.5х9 метра
Состояние квартиры среднее, сан узел раздельный, комнаты раздельные.
 
#Цена: 63 500 у.е.",2,61.7,2,4,false,sredniy,other,63500.0,763984375.0,USD,Ташкентская область,Ташкент,Чиланзарский район,квартал 20Д,41.266464,69.180428,72,0,0,false,false,false,17660,8,https://api.uybor.uz/api/v1/media/n/17842743797113112.jpg,2026-07-17T07:46:22.990Z,2026-07-17T07:46:22.989Z,2026-08-31T07:46:22.989Z,https://uybor.uz/listings/1317824,2026-07-21 05:06:32
1317825,2026-07-21,sale,Квартира,,"Продаётся Квартира / Ипотека 
Адрес:  Кизил Шарк    , Чиланзарский   р-н
Ориентир:  Зархал
#Комнат — 2
Этаж — 5
Этажность — 9
Площадь:  60кВ. м
Состояние : капитальный ремонт , делали для себя 
Французская планировка .Комнаты раздельные .Балкон 1х7  Санузел раздельный

#Цена: 70 000 у.е",2,60.0,5,9,false,sredniy,other,70000.0,842187500.0,USD,Ташкентская область,Ташкент,Чиланзарский район,махаллинский сход граждан Кизил-Шарк,41.266777,69.165802,60,0,0,false,false,false,17660,8,https://api.uybor.uz/api/v1/media/n/17842744900701466.jpg,2026-07-17T07:48:12.766Z,2026-07-17T07:48:12.765Z,2026-08-31T07:48:12.765Z,https://uybor.uz/listings/1317825,2026-07-21 05:06:32
1317826,2026-07-21,sale,Квартира,,"Продам Квартиру / Высокопотолочка 
Адрес : ул Чехова ,  Мирабадский р-н
Ориентир: бывш. Гостиница Россия, Госпитальный рынок, напротив Мирабад авеню

Комнат: 2
Этаж:2
Этажность:3
Площадь: 53м2
Строение: кирпич  

#Цена: 110.000 у.е",2,53.0,2,3,false,sredniy,kirpich,110000.0,1323437500.0,USD,Ташкентская область,Ташкент,Мирабадский район,улица Фидокор,41.29633,69.276711,78,0,0,false,false,false,17660,7,https://api.uybor.uz/api/v1/media/n/17842745608302345.jpg,2026-07-17T07:49:25.269Z,2026-07-17T07:49:25.268Z,2026-08-31T07:49:25.268Z,https://uybor.uz/listings/1317826,2026-07-21 05:06:32
1317827,2026-07-21,sale,Квартира,,"Новый развивающий перспективный  район . Успейте приобрести . 
Идеальный вариант для аренды , так и для проживания

Продаётся СВОЯ Квартира / Новостройка ЖК “Dustlik ”
С видом на Олимпийскую деревню 

Адрес: Ул Миллий Бог , Мирзо-Улугбекский р-н 
Ориентир : парк Янги Узбекистан , Акфа Университет 

КАДАСТР ЕСТЬ

#Комнат — 2
Этаж — 5
Этажность — 5
Площадь: 52 кв.м

Монолитно – кирпичный дом с повышенной сейсмостойкостью.
Металлопластиковые, энергосберегающие окна.
Входные двери металлические
-газ, электричество, автономное отопление
 Состояние : распланированная коробка 

#Цена  65 000 у.е торг на месте 
",2,53.0,5,5,true,chernovaya,kirpich,65000.0,782031250.0,USD,Ташкентская область,Ташкент,Яшнабадский район,улица Новый Узбекистан,41.322914,69.404701,94,0,0,false,false,false,17660,15,https://api.uybor.uz/api/v1/media/n/17842746550216220.jpg,2026-07-17T07:51:28.310Z,2026-07-17T07:51:28.309Z,2026-08-31T07:51:28.309Z,https://uybor.uz/listings/1317827,2026-07-21 05:06:32
1317828,2026-07-21,sale,Квартира,,"Продается квартира в аренду Новостройка ЖК “PARKENT AVENUE”
Адрес: Мирзо-Улугбекский район 
Ориентир: Паркентский базар   

Комнат – 2
Этаж - 1
Этажность: - 9
Общая площадь: 56м²
Состояние: Евроремонт
Мебель + техника  
 
#Цена: 100 000у.е торг на месте ",2,56.0,1,9,false,evro,kirpich,100000.0,1203125000.0,USD,Ташкентская область,Ташкент,Мирзо-Улугбекский район,"улица Паркент, 1",41.318356,69.318604,98,0,0,false,false,false,17660,10,https://api.uybor.uz/api/v1/media/n/17842750304165288.jpg,2026-07-17T07:57:37.118Z,2026-07-17T07:57:37.116Z,2026-08-31T07:57:37.116Z,https://uybor.uz/listings/1317828,2026-07-21 05:06:32
1317829,2026-07-21,sale,Квартира,,"Продается квартира на Чиланзаре 
Уютная 2-комнатная квартира с мебелью и техникой!
Адрес: Чиланзарский район, Чиланзар-13, 
Ориентир: Ресторан / торговый комплекс «Атлант»
Планировка: «Зеркалка» (очень удобная и популярная планировка, комнаты раздельные)

Комнат: 2
Этаж: 3 из 4 (Самый востребованный средний этаж!)
Общая площадь: 52 кв. м
Панельный
Санузел: Раздельный
Балкон: Размер 1.5х3 м
Ремонт: Чистый, аккуратный и ухоженный.
Комплектация: Квартира продаётся вместе с мебелью и техникой — заходи и живи!

#Цена: 67 500 у.е. ",2,52.0,3,4,false,evro,panel,67500.0,812109375.0,USD,Ташкентская область,Ташкент,Учтепинский район,13-й квартал,41.291187,69.186234,88,0,0,false,false,false,17660,9,https://api.uybor.uz/api/v1/media/n/17842752147668811.jpg,2026-07-17T08:02:12.113Z,2026-07-17T08:02:12.112Z,2026-08-31T08:02:12.112Z,https://uybor.uz/listings/1317829,2026-07-21 05:06:32
1317830,2026-07-21,sale,Квартира,,"Продается квартира
Адрес: ул.Мукими  
Ориентир: Метро Новза

#Комнат — 2 в 3
Этаж — 4
Этажность — 5
Площадь: 54 м²

Кирпичный дом
Балкон 2х6
Евроремонт
С Мебелью и Техникой
 
#Цена: 86 500 у.е.",2,54.0,4,5,false,evro,kirpich,86500.0,1040703125.0,USD,Ташкентская область,Ташкент,Чиланзарский район,улица Мукими,41.286919,69.231598,89,0,0,false,false,false,17660,10,https://api.uybor.uz/api/v1/media/n/17842754309509803.jpg,2026-07-17T08:03:53.742Z,2026-07-17T08:03:53.741Z,2026-08-31T08:03:53.741Z,https://uybor.uz/listings/1317830,2026-07-21 05:06:32
1317831,2026-07-21,sale,Квартира,,"Продается квартира ЖК NRG Qorasuv
Адрес: Мирзо Улугбекский район, ул. Темура Малика
Ориентир: Баня «С легким паром»

#Комнат — 2
Этаж — 3
Этажность — 8
Площадь: 64м²
Состояние: White box
Описание: Ремонт выполнен на 30% возможность завершить интерьер под свой вкус
На территории дома имеется подземный паркинг. Детская площадка.
Хорошая локация. Инфраструктура в шаговой доступности.

#Цена: 100 000 у.е.",2,64.0,3,8,true,kapital,other,100000.0,1203125000.0,USD,Ташкентская область,Ташкент,Мирзо-Улугбекский район,улица Тимура Малика,41.323219,69.364891,91,0,0,false,false,false,17660,10,https://api.uybor.uz/api/v1/media/n/17842756778807687.jpg,2026-07-17T08:08:11.660Z,2026-07-17T08:08:11.658Z,2026-08-31T08:08:11.658Z,https://uybor.uz/listings/1317831,2026-07-21 05:06:32
1317832,2026-07-21,sale,Квартира,,"Срочно продается квартира по супервыгодной цене!
В одном из лучших районов города
Адрес: Мирзо-Улугбек Максим Горький
Ориентир: Салом чайхана
 
#Комнат — 2
Этаж — 10
Этажность — 10
Площадь: 70м² по кадастру

Новый качественный ремонт
Удобная планировка
Просторная кухня и большие комнаты
Чистый подъезд, хорошие соседи

#Цена: 81 000у.е.
",2,70.0,10,10,true,sredniy,other,81000.0,974531250.0,USD,Ташкентская область,Ташкент,Мирзо-Улугбекский район,Буюк Ипак Йули,41.326092,69.328491,105,0,0,false,false,false,17660,8,https://api.uybor.uz/api/v1/media/n/17842758315421239.jpg,2026-07-17T08:10:35.041Z,2026-07-17T08:10:35.040Z,2026-08-31T08:10:35.040Z,https://uybor.uz/listings/1317832,2026-07-21 05:06:32
1317833,2026-07-21,sale,Квартира,,"Продается квартира Чиланзар 25
Адрес: Учтепинский район, 25 квартал  
Ориентир: Олмос туйхона

#Комнат — 2
Этаж — 1
Этажность — 5
Площадь: 55м²
Балкон: 2*6
Кирпичный дом
С ремонтом

#Цена: 67 000 у.е.
Возможно продажа по договору ипотеки",2,55.0,1,5,false,evro,kirpich,67000.0,806093750.0,USD,Ташкентская область,Ташкент,Учтепинский район,25-й квартал,41.280319,69.167801,111,0,0,false,false,false,17660,7,https://api.uybor.uz/api/v1/media/n/17842761257085614.jpg,2026-07-17T08:15:29.104Z,2026-07-17T08:15:29.103Z,2026-08-31T08:15:29.103Z,https://uybor.uz/listings/1317833,2026-07-21 05:06:32
1317834,2026-07-21,sale,Квартира,,"Продается квартира Чиланзар 1 квартал
Адрес: Чиланзарский район, 1 квартал  
Ориентир: ул.Мукими. Метро Хамза (Новза)
 
#Комнат — 2 переделанная в 3х
Этаж — 4
Этажность — 5
Площадь: 53м²
Балкон: 2*4
Ремонт, мебель остаётся

#Цена: 75 500 у.е.",2,53.0,4,5,false,sredniy,other,75500.0,908359375.0,USD,Ташкентская область,Ташкент,Чиланзарский район,улица Мукими,41.286919,69.231598,106,0,0,false,false,false,17660,9,https://api.uybor.uz/api/v1/media/n/17842762697979924.jpg,2026-07-17T08:19:16.696Z,2026-07-17T08:19:16.695Z,2026-08-31T08:19:16.695Z,https://uybor.uz/listings/1317834,2026-07-21 05:06:32
1317836,2026-07-21,sale,Квартира,,"Продается квартира в Новостройке ЖК «Mовера Таун»
Адрес: Яккасарайский район
Ориентир: 8 роддом

#Комнат — 2 перепланированная в 3х
Этаж — 5
Этажность — 14
Площадь: 56 м²
Балкон:  1,5*3
Евро ремонт
Укомплектована
Мебелью и Техникой
Теплые полы по всей квартире
Расположение : С видом во двор. Закрытый двор 24/7.

#Цена: 126 500 у.е.",2,56.0,5,14,false,evro,other,126500.0,1521953125.0,USD,Ташкентская область,Ташкент,Яккасарайский район,улица Абдуллы Каххара,41.276321,69.261032,101,0,0,false,false,false,17660,10,https://api.uybor.uz/api/v1/media/n/17842776181724378.jpg,2026-07-17T08:40:21.430Z,2026-07-17T08:40:21.428Z,2026-08-31T08:40:21.428Z,https://uybor.uz/listings/1317836,2026-07-21 05:06:32
1317837,2026-07-21,sale,Квартира,,"Начала девятого квартала 
Пешком до универсама базара 
Дом чистый хороший 
Соседи семейные хорошие что очень важно 
Подъезды чистые 
Площадки для детей 
Полноценная двух ком квартира 
Раздельная планировка 
Улучшенка 
Не торец 
Не крыша ",2,58.0,4,5,false,sredniy,panel,60000.0,721875000.0,USD,Ташкентская область,Ташкент,Юнусабадский район,9-й квартал,41.376926,69.278038,119,3,0,false,false,false,65426,9,https://api.uybor.uz/api/v1/media/n/17842778676497466.jpg,2026-07-17T08:44:42.143Z,2026-07-17T08:44:42.141Z,2026-08-31T08:44:42.141Z,https://uybor.uz/listings/1317837,2026-07-21 05:06:32
1317838,2026-07-21,sale,Квартира,,"СРОЧНО! Продается квартира на Чиланзаре 26
Полностью укомплектованная квартира с авторским ремонтом — «заходи и живи»!

Район: Чиланзар-26
Ориентир: Ширин

Комнат: 2
Этаж: 5
Этажность: 5

Балкон: Большой, 2х6 метра
Тип дома: Кирпичный 

Ремонт: Эксклюзивный авторский ремонт, стильный интерьер

Комплектация: Продаётся полностью с мебелью и техникой — никаких дополнительных вложений!

#Цена: 66 500у.е
",2,55.0,5,5,false,evro,kirpich,66500.0,800078125.0,USD,Ташкентская область,Ташкент,Учтепинский район,26-й квартал,41.276863,69.178696,103,0,0,false,false,false,17660,10,https://api.uybor.uz/api/v1/media/n/17842779047995755.jpg,2026-07-17T08:45:12.520Z,2026-07-17T08:45:12.519Z,2026-08-31T08:45:12.519Z,https://uybor.uz/listings/1317838,2026-07-21 05:06:32
1317839,2026-07-21,sale,Квартира,,"Ikki ta balkonli 1.5*6 va 1.5*3. Yaxshi ta'mirlangan. Yangi lift qo'yilgan. Xonalarga aloxida eshikdan kiriladi. Yashash va ijara uchun yaxshi lokatsiyada joylashgan. Parkovka qilishga joy bor. ",2,58.0,9,9,false,sredniy,panel,58000.0,697812500.0,USD,Ташкентская область,Ташкент,Юнусабадский район,"16-й квартал, 11, подъезд 6",41.383163,69.301544,81,1,0,false,false,false,286416,8,https://api.uybor.uz/api/v1/media/n/17842795381845352.jpg,2026-07-17T09:19:55.911Z,2026-07-17T09:19:55.910Z,2026-08-31T09:19:55.910Z,https://uybor.uz/listings/1317839,2026-07-21 05:06:32
1317840,2026-07-21,sale,Квартира,,"Продается евро-2 квартира в жилом комплексе O'z Zamin Golden House.
Посредников просьба не беспокоить!!
Площадь: 37 м²
6 этаж
Красивый вид на центр города
Удобная современная планировка (кухня-гостиная + спальня)
Перспективный район

Квартира отлично подойдет как для собственного проживания, так и для инвестиции под аренду.
Продажа от собственника.",2,37.0,6,13,true,chernovaya,monolit,52990.0,637535937.5,USD,Ташкентская область,Ташкент,Яшнабадский район,O'z zamin turar-joy majmuasi,41.281937,69.30735,143,0,0,false,false,false,286421,13,https://api.uybor.uz/api/v1/media/n/17842843187906965.jpg,2026-07-17T10:32:10.987Z,2026-07-17T10:32:10.986Z,2026-08-31T10:32:10.986Z,https://uybor.uz/listings/1317840,2026-07-21 05:06:32
1317841,2026-07-21,sale,Дом,Частный дом,"Zangiota ziyoratgohi va sergiliga yaqinida joylashgan,gaz suv svetda muommosi bólmagan 6 sotuxli,2 qavatli, 6xonali uy srochna sotiladi. hamma sharoitlar bor. mahalla tinch va sokin. Kadastr , propiska hamma hujjatlari joyida. Narxi 75000 dollar , kelishiladi",6+,6.0,,2,false,sredniy,monolit,75000.0,902343750.0,USD,Ташкентская область,Ташкент,Шайхантахурский район,махаллинский сход граждан Зангиaта,41.314404,69.224503,125,1,1,false,false,false,286423,10,https://api.uybor.uz/api/v1/media/n/17842847582256729.jpeg,2026-07-17T10:40:34.455Z,2026-07-17T10:40:34.454Z,2026-08-31T10:40:34.454Z,https://uybor.uz/listings/1317841,2026-07-21 05:06:32
1317844,2026-07-21,sale,Квартира,,"Юнусабад 6. 2/2/4.ИПОТЕКА🔥
53м2
Балкон 1.5/3
Кирпичный дом🔥
Комнаты раздельные
Средний ремонт
Ориентир: конечная 51,24
Цена: 57000
Ипотека 58000 (480млн)
Тел: +",2,53.0,2,4,false,sredniy,kirpich,57500.0,691796875.0,USD,Ташкентская область,Ташкент,Юнусабадский район,6-й квартал,41.368603,69.264534,267,1,0,false,false,false,177179,6,https://api.uybor.uz/api/v1/media/n/17842936975627685.jpeg,2026-07-17T13:08:23.948Z,2026-07-17T13:08:23.947Z,2026-08-31T13:08:23.947Z,https://uybor.uz/listings/1317844,2026-07-21 05:06:32
1317845,2026-07-21,sale,Квартира,,"Юнусабад 15. 4/4/4.
80м2
Балкон 1.5/6
Частичный Евро ремонт
Кухня и с.у. без ремонта
Комнаты раздельные
Ориентир: Туркистон Метро
Цена: 82500
Тел: +",4,80.0,4,4,false,custom,panel,82500.0,992578125.0,USD,Ташкентская область,Ташкент,Юнусабадский район,15-й квартал,41.378193,69.301384,263,1,1,false,false,false,177179,6,https://api.uybor.uz/api/v1/media/n/17842941479316444.jpeg,2026-07-17T13:15:50.412Z,2026-07-17T13:15:50.410Z,2026-08-31T13:15:50.410Z,https://uybor.uz/listings/1317845,2026-07-21 05:06:32
1317846,2026-07-21,sale,Квартира,,"Юнусабад 15. 2/4/5.
58м2.
Комнаты раздельные
Балкон 2/6
Без ремонта
Прописка пустая, ключ в нотариусе🔑🔑
Ориентир:  конечка 91.
Метро Туркистон 10 минут
Цена:  62.500
",2,58.0,4,5,false,kapital,panel,61000.0,733906250.0,USD,Ташкентская область,Ташкент,Юнусабадский район,15-й квартал,41.378193,69.301384,410,0,0,false,false,true,177179,7,https://api.uybor.uz/api/v1/media/n/17842942174689745.jpeg,2026-07-17T13:17:03.284Z,2026-07-20T13:18:00.102Z,2026-08-31T13:17:03.283Z,https://uybor.uz/listings/1317846,2026-07-21 05:06:32
1317847,2026-07-21,sale,Квартира,,"Мирабадский район улица Айбека пересечение с ул.Саида Барака,Нукусская ,рядом Гарант и Савдогар Банк недалеко от метро Айбек,минг Урик,школа № 60,Госпитальный Базар.

Продаётся: французский планировки 2-х комнатная квартира, на 8-ом этаже 9-ти этажного дома, квартира после свежего евро ремонта .

Общая площадь: 60 м²

Балкон 1 х 7 метров объединено с залом .

Комнаты раздельные.

Санузел совмещен .

В подъезде установлен новый лифт.

Район имеет развитую инфраструктуру: школы, детские сады, магазины супермаркеты,бизнес центры, рестораны кафе, больницы поликлиники.

Помощь в проведении сделки.

Оперативный показ.

Для более подробной информацией звоните.

Собственника недвижимости представляет:

ООО «GOLD REAL ESTATE»лицензия гос. Ком. Конкуренции rl 001 №0041",2,60.0,8,9,false,evro,panel,110000.0,1323437500.0,USD,Ташкентская область,Ташкент,Мирабадский район,"улица Айбека, 20",41.294094,69.27903,262,0,0,false,false,false,52944,8,https://api.uybor.uz/api/v1/media/n/17842961559013430.png,2026-07-17T13:50:14.163Z,2026-07-17T13:50:14.162Z,2026-08-31T13:50:14.162Z,https://uybor.uz/listings/1317847,2026-07-21 05:06:32
1317848,2026-07-21,sale,Квартира,,"Продается 4-х комнатная квартира на метро Дружбы народов напротив Tashkent city, рядом Magic city и Humo Arena. Светлая, уютная квартира с ремонтом, мебелью и техникой. Рядом детсад, школа и Нархоз, корзинка. Развитая инфраструктура. Все в шаговой доступности и удобно. Квартира на 2 этаже.",4,100.0,2,9,false,evro,panel,140000.0,1684375000.0,USD,Ташкентская область,Ташкент,Чиланзарский район,"микрорайон Алмазар, 14",41.309025,69.244194,234,1,0,false,false,false,286433,5,https://api.uybor.uz/api/v1/media/n/17843051416051060.jpeg,2026-07-17T16:19:11.950Z,2026-07-17T16:19:11.949Z,2026-08-31T16:19:11.949Z,https://uybor.uz/listings/1317848,2026-07-21 05:06:32
1317849,2026-07-21,sale,Квартира,,"Продаю свою квартиру. Евро ремонт. Мебель техника ( Hoffman) есть парковка своя для 2 автомобилей. До чиланзар метро 7-8 мин пешком. Дом возле речки. Уютный спокойный район.По всем вопросам обращайтесь 90 943 5555

Kvartira Sotiladi. Ozimni shaxsiy kvartiram. Evro remont mebel texnikalri (Hoffman) ozim uchun remont qilingan. Shaxsiy parkovka 2 mashina uchun. Chilonzor metroga 7-8 min yol piyoda. Dom anxorni boyida joylashkan. Polinklinika magazin bogcha maktab xammasi juda yaqin.
",3,75.0,2,4,false,evro,kirpich,120000.0,1443750000.0,USD,Ташкентская область,Ташкент,Чиланзарский район,Чиланзарский район,41.28141,69.212668,223,2,0,false,false,false,286434,8,https://api.uybor.uz/api/v1/media/n/17843061776336893.jpg,2026-07-17T16:39:03.711Z,2026-07-17T16:39:03.709Z,2026-08-31T16:39:03.709Z,https://uybor.uz/listings/1317849,2026-07-21 05:06:32
1317850,2026-07-21,sale,Квартира,,"Продается 
Новостройка 
Ж/К Imperial Club City 


Комнат-1
Этаж-6
Этажность-14
Квартира с Балконом 

Площадь-29.43м2 + Балкон 

Состояние-коробка
#Вид на улица 

Юнусабадский район 
Оринтир: Алайский рынок.",1,29.43,6,14,false,kapital,kirpich,71000.0,854218750.0,USD,Ташкентская область,Ташкент,Юнусабадский район,Imperial club city turar-joy majmuasi,41.323666,69.290627,208,0,0,false,false,false,62256,8,https://api.uybor.uz/api/v1/media/n/17843137072447489.jpg,2026-07-17T18:41:53.531Z,2026-07-19T08:19:42.197Z,2026-08-31T18:41:53.530Z,https://uybor.uz/listings/1317850,2026-07-21 05:06:32
1317853,2026-07-21,sale,Квартира,,"Продаётся 3-х комнатная квартира без ремонта в навостройке на Куйлюк массив-5
контактный номер:",3,86.0,8,10,true,chernovaya,monolit,81700.0,982953125.0,USD,Ташкентская область,Ташкент,Сергелийский район,5-й квартал,41.247818,69.298645,141,1,0,false,false,false,286424,11,https://api.uybor.uz/api/v1/media/n/17843143734816309.jpeg,2026-07-17T18:55:31.474Z,2026-07-17T18:55:31.473Z,2026-08-31T18:55:31.473Z,https://uybor.uz/listings/1317853,2026-07-21 05:06:32
1317864,2026-07-21,sale,Дом,Частный дом,"Продам земельный дом 5 сотох  Урта-Чирчикский район МФИ Буньйодкор Ибрат 53     1,5 км от Фуд-сити звонить по номеру ",5,200.0,,1,false,kapital,kirpich,85000.0,1022656250.0,USD,Ташкентская область,Ташкент,Новый Ташкентский район,махаллинский сход граждан Бунёдкор,41.181361,69.323781,189,0,0,false,false,false,285232,15,https://api.uybor.uz/api/v1/media/n/17843624245923119.jpeg,2026-07-18T08:14:11.828Z,2026-07-18T08:14:11.827Z,2026-09-01T08:14:11.827Z,https://uybor.uz/listings/1317864,2026-07-21 05:06:32
1317866,2026-07-21,sale,Квартира,,"Чиланзар 8 квартал
ориентир:17 дом
1/3/4
в ипотеку можно
53500",1,30.0,3,4,false,sredniy,kirpich,53500.0,643671875.0,USD,Ташкентская область,Ташкент,Чиланзарский район,8-й квартал,41.289974,69.204323,244,1,0,false,false,false,9526,6,https://api.uybor.uz/api/v1/media/n/17843631421293711.jpeg,2026-07-18T08:25:47.825Z,2026-07-18T08:25:47.824Z,2026-09-01T08:25:47.824Z,https://uybor.uz/listings/1317866,2026-07-21 05:06:32
1317867,2026-07-21,sale,Квартира,,"Продаётся  Ойбек 4/2/9
ор-р метро ойбек, 
angel’s food, Точка вкуса
Мирабадский район 
Французская плани-ка 
Площадь: панель 96м2
Состояние: Чистая ремонт
Мебель : Да
Техника: Да
Дом номер: 10/1

",4,96.0,2,9,false,evro,panel,148900.0,1791453125.0,USD,Ташкентская область,Ташкент,Мирабадский район,Айбека,41.298153,69.273926,235,0,0,false,false,false,9526,10,https://api.uybor.uz/api/v1/media/n/17843632461535705.jpeg,2026-07-18T08:27:31.675Z,2026-07-18T08:27:31.673Z,2026-09-01T08:27:31.674Z,https://uybor.uz/listings/1317867,2026-07-21 05:06:32
1317868,2026-07-21,sale,Квартира,,срочно сотилади.Шинам хонадон.Узимники,2,60.0,4,5,false,evro,panel,74000.0,890312500.0,USD,Ташкентская область,Ташкент,Яккасарайский район,"массив Кушбеги, 8",41.266974,69.243867,235,1,0,false,false,false,286456,5,https://api.uybor.uz/api/v1/media/n/17843819431953031.jpeg,2026-07-18T09:22:18.626Z,2026-07-18T09:22:18.625Z,2026-09-01T09:22:18.625Z,https://uybor.uz/listings/1317868,2026-07-21 05:06:32
1317869,2026-07-21,sale,Квартира,,1 xonali uy sotiladi srochna  narxini kelishamiz kelishtirib beraman narxidan,1,2.0,1,4,false,sredniy,kirpich,28000.0,336875000.0,USD,Ташкентская область,Ташкент,Мирабадский район,3-й квартал,41.250896,69.310188,158,0,0,false,false,false,183791,6,https://api.uybor.uz/api/v1/media/n/17843681664325358.jpg,2026-07-18T09:50:41.304Z,2026-07-18T09:50:41.303Z,2026-09-01T09:50:41.303Z,https://uybor.uz/listings/1317869,2026-07-21 05:06:32
1317870,2026-07-21,sale,Квартира,,"Ориентир: 4 бекат метро
2 -х ком. переделанная в 3-х
77 серия кирпичный
Средний ремонт
1 этаж
Удобства: метро, садик, школа, базар, поликлиника. Все рядом.
Дом расположен на центральной улице
Въезд для двух автомашин отдельно, имеется подвал без ремонта
Свой огород.",2,64.0,1,4,false,sredniy,kirpich,82000.0,986562500.0,USD,Ташкентская область,Ташкент,Яшнабадский район,"Ахангаранский проспект, 7",41.27758,69.360405,210,1,0,false,false,false,286459,5,https://api.uybor.uz/api/v1/media/n/17843714165369166.jpg,2026-07-18T10:46:27.078Z,2026-07-18T10:46:27.077Z,2026-09-01T10:46:27.077Z,https://uybor.uz/listings/1317870,2026-07-21 05:06:32
1317872,2026-07-21,sale,Квартира,,"Uy xolati yaxshi uzoq boʻlmagan joyda balnitsa, maktab, bogʻcha, magazin yoʻl yuzi va bozorga yaqin kanalizatsiya tarmogʻidan muamo yoq gaz,svet yaxshi uydagi barcha mebel texnikalar qoladi",2,5742.0,2,2,false,sredniy,kirpich,33246.75,400000000.0,UZS,Ташкентская область,Паркент,,махаллинский сход граждан Истикбол,41.29496,69.641296,155,5,0,false,false,false,286465,12,https://api.uybor.uz/api/v1/media/n/17843764927785827.jpeg,2026-07-18T12:08:24.393Z,2026-07-18T12:08:24.391Z,2026-09-01T12:08:24.391Z,https://uybor.uz/listings/1317872,2026-07-21 05:06:32
1317873,2026-07-21,sale,Квартира,,2-хонали,freeLayout,50.0,7,10,true,evro,kirpich,59900.0,720671875.0,USD,Ташкентская область,Ташкент,Сергелийский район,"5-й квартал, 55",41.25053,69.297615,212,0,0,false,false,false,262028,4,https://api.uybor.uz/api/v1/media/n/17843788970691210.jpg,2026-07-18T12:49:56.581Z,2026-07-18T12:49:56.580Z,2026-09-01T12:49:56.580Z,https://uybor.uz/listings/1317873,2026-07-21 05:06:32
1317874,2026-07-21,sale,Квартира,,"2019 yil topshirilgan gaz svet suv brinchi to'chka,remont holati o'rta kirib yashashga tayyor
",4,124.0,5,5,false,sredniy,kirpich,600000000.0,7218750000000.0,USD,Джизакская область,городской посёлок Заамин,,Mustaqillik ko’chasi,39.96516,68.396065,158,0,0,false,false,false,280212,3,https://api.uybor.uz/api/v1/media/n/17843790213241276.jpg,2026-07-18T12:50:55.947Z,2026-07-18T12:50:55.946Z,2026-09-01T12:50:55.946Z,https://uybor.uz/listings/1317874,2026-07-21 05:06:32
1317876,2026-07-21,sale,Квартира,,"квартира с  хорошим месторасположение,с евроремонтом ,всё остаётся мебель ,техника, рядом остановка, кафе ,супермаркет ",2,70.0,7,9,false,evro,panel,120000.0,1443750000.0,USD,Ташкентская область,Ташкент,Мирабадский район,"улица Шахрисабз, 23",41.304729,69.280884,306,0,0,false,false,false,25851,12,https://api.uybor.uz/api/v1/media/n/17843862145283403.jpeg,2026-07-18T14:54:22.866Z,2026-07-19T09:39:43.569Z,2026-09-01T14:54:22.864Z,https://uybor.uz/listings/1317876,2026-07-21 05:06:32
1317878,2026-07-21,sale,Квартира,,"Новостройка  ЖК НУР
Мирзо Улугбекский район, Дархан

Комнат - 2
Этаж - 7
Этажност - 9
Площадь 48 кв
Имеется балкон
Сквозная 

Состояние: качественный новый евро ремонт
С мебелью и техникой 

Цена 125000

",2,48.0,7,9,true,evro,kirpich,125000.0,1503906250.0,USD,Ташкентская область,населённый пункт Хиёбон,,"улица Шарофобод, 1",41.429695,69.181656,113,1,0,false,false,false,231352,11,https://api.uybor.uz/api/v1/media/n/17843929351908116.jpeg,2026-07-18T16:42:19.713Z,2026-07-18T16:42:19.712Z,2026-09-01T16:42:19.712Z,https://uybor.uz/listings/1317878,2026-07-21 05:06:32
1317879,2026-07-21,sale,Для бизнеса,Офис,"Продаётся подвальное не жилое помещение 62 м кв с кадастром. Ориентир Американское посольство, за клиникой Шифо нур. Сделанные работы: гидроизоляция, тёплый пол, стяжка, сан техника, разделено профилем на межкомнатные перегородки, интернет, 2 городских телефон номера, есть тех.условие на свет и воду. Запланировано на 2 комнаты, холл с мини кухней и сан узел.",,62.0,1,9,false,chernovaya,other,37900.0,455984375.0,USD,Ташкентская область,Ташкент,Юнусабадский район,4-й квартал,41.363678,69.280075,108,0,0,false,false,false,213792,6,https://api.uybor.uz/api/v1/media/n/17843967433713699.jpg,2026-07-18T17:49:19.351Z,2026-07-18T17:49:19.350Z,2026-09-01T17:49:19.350Z,https://uybor.uz/listings/1317879,2026-07-21 05:06:32
1317902,2026-07-21,sale,Квартира,,"• Общая площадь:78,6 м2
• Комнаты:3
• Этаж:9
• Тип строения:панельный
• Планировка:раздельный
• Санузел: раздельный
• мебель+техника
Цена:79.999/мини торг
Ипотека:есть
Один собственник более 17 лет.
Просторные 78.6 кв.м на 6 этаже 9-этажного дома. входная железная дверь , стиральная машина, телевизор и многое другое.
Район спокойный, с доброжелательными соседями. В пешей доступности находятся метро, школы, детские сады, магазины Korzinka, Golden Life и другие удобства. Есть парковка для вашего авто.
Отличный вариант для семьи или тех, кто ценит комфорт и удобство городской жизни.
Квартира без проблем, документы в порядке
Собственник — не риэлтор, без лишних комиссий
Выгодная локация — быстро найдёт своего покупателя",3,79.0,6,9,false,kapital,monolit,79999.0,962487968.75,USD,Ташкентская область,Ташкент,Сергелийский район,"массив Сергели-V, 34",41.224762,69.207539,40,0,0,false,false,false,73086,8,https://api.uybor.uz/api/v1/media/n/17844378653145685.jpeg,2026-07-19T05:11:13.003Z,2026-07-19T05:11:13.002Z,2026-09-02T05:11:13.002Z,https://uybor.uz/listings/1317902,2026-07-21 05:06:32
1317903,2026-07-21,sale,Квартира,,"Паркетные полы , большой зал, 2 балкона",4,130.0,2,4,false,kapital,kirpich,200000.0,2406250000.0,USD,Ташкентская область,Ташкент,Мирабадский район,улица Нукус,41.289204,69.274216,111,0,0,false,false,true,286481,3,https://api.uybor.uz/api/v1/media/n/17844434260731148.jpeg,2026-07-19T06:43:55.266Z,2026-07-19T06:48:00.111Z,2026-09-02T06:43:55.265Z,https://uybor.uz/listings/1317903,2026-07-21 05:06:32
1317907,2026-07-21,sale,Дом,Частный дом,"Бектемир шоҳ кўчасида Ҳовли Уй Сотилади! 

Уйнинг умумий тавсифи:
Ер майдони: 9.9 сотих
Қаватлар сони: 2 кават + тўлиқ подвал
Хоналар сони: Умумий 11 та хона (шу жумладан 4 та ётоқхона, 2 та кенг зал)
Ошхоналар: Ёзги (летняя) ва қишки (зимняя) ошхона алоҳида
Қўшимча қулайликлар: Огород (томорқа), омборхона (склад) — тайёр бизнес сифатида ижарага бериш имконияти бор.
Энг асосий қулайлиги (Коммунал кафолат):
⚡ 2 та алоҳида свет (электр) тармоғи!
🔥 2 та алоҳида газ тармоғи!
💧 2 та алоҳида сув тармоғи!
(Ҳеч қачон свет, газ ёки сувдан муаммо бўлмайди, доим узлуксиз таъминот мавжуд!)


Жойлашуви: Кўчанинг икки томонидан кириш йўли бор (Тинч тупик кўча).
Ажойиб инфратузилма ва локация:
Транспорт: Йўл юзида жойлашган. Метробус BRT ва 8 хил йўналишдаги автобуслар ўтади.
Бозорлар: Food City ва Янги Қўйлиқ деҳқон бозорига жуда яқин.
Маҳалла: 2 та масжид ўртасида жойлашган. Мактаб, боғча ва поликлиника пиёда юриш масофасида.
Яқин атрофда: Дорихоналар, ресторанлар, лавашхоналар, автоэҳтиёт қисмла",6+,404.0,,2,false,sredniy,other,346500.0,4168828125.0,USD,Ташкентская область,Ташкент,Бектемирский район,проспект Бектемир,41.220097,69.334274,51,1,0,false,false,false,286486,11,https://api.uybor.uz/api/v1/media/n/17844475068927036.jpg,2026-07-19T07:55:54.472Z,2026-07-19T07:55:54.471Z,2026-09-02T07:55:54.471Z,https://uybor.uz/listings/1317907,2026-07-21 05:06:32
1317908,2026-07-21,sale,Квартира,,"Комнат : 3
Этаж : 6
Этажность : 6 
Площадь : 90 кв.м
Тип строения : кирпичный
Санузел : совмещённый 
Меблирована : нет
Ремонт : Евро
Рядом есть всё что нужно для жизни
Цена : 135.000 торг уместен
",3,90.0,6,6,false,evro,kirpich,135000.0,1624218750.0,USD,Ташкентская область,Ташкент,Мирзо-Улугбекский район,"улица Кары-Ниязи, 9",41.320362,69.297211,112,0,0,false,false,false,286488,8,https://api.uybor.uz/api/v1/media/n/17844497497116417.jpg,2026-07-19T08:30:32.016Z,2026-07-19T08:30:32.015Z,2026-09-02T08:30:32.015Z,https://uybor.uz/listings/1317908,2026-07-21 05:06:32
1317911,2026-07-21,sale,Квартира,,"Юнусабад 15. 2в3/2/4.
54м2
Балкон 1.5/6
Комнаты зеркальные
Евро ремонт
Мебель+техника
Ориентир: Метро Туркистон
Цена: 75.000 
Тел: +",2,54.0,2,4,false,evro,panel,75000.0,902343750.0,USD,Ташкентская область,Ташкент,Юнусабадский район,15-й квартал,41.378193,69.301384,65,0,0,false,false,false,177179,10,https://api.uybor.uz/api/v1/media/n/17844610806539895.jpeg,2026-07-19T11:38:06.180Z,2026-07-19T11:38:06.179Z,2026-09-02T11:38:06.179Z,https://uybor.uz/listings/1317911,2026-07-21 05:06:32
1317913,2026-07-21,sale,Квартира,,"Продаётся просторная двухуровневая квартира в ЖК «Ассалом Сохил» от собственника, 2-я линия. Расположена на 1-м этаже, в средней части жилого комплекса — удобное и комфортное место для семейного проживания.

Планировка
Первый этаж — 72,11 м²:
Кухня
Кабинет
Детская комната
Спальня
Санузел

Жилой цоколь — 37,55 м²:
Прихожая
Вторая спальня
Балкон 4 метра
Под лестничное пространство для 3 сан узла или кладовки

Квартира светлая, аккуратная и очень уютная. Удачная двухуровневая планировка удобно разделяет общее и личное пространство: на первом этаже расположены основные комнаты для семьи, а жилой цоколь подойдёт для второй спальни, гостей, подростка или отдельной спокойной зоны.
Два санузла добавляют удобства для большой семьи и гостей. Кухня станет местом для тёплых семейных ужинов, а отдельный кабинет позволит комфортно работать или учиться дома.
",5,109.66,1,9,false,evro,monolit,153524.0,1847085625.0,USD,Ташкентская область,Ташкент,Яшнабадский район,"Ферганское шоссе, 25/3, подъезд 3",41.283577,69.307968,112,0,0,false,false,true,223566,11,https://api.uybor.uz/api/v1/media/n/17844635904215608.png,2026-07-19T12:23:00.471Z,2026-07-19T13:33:00.126Z,2026-09-02T12:23:00.470Z,https://uybor.uz/listings/1317913,2026-07-21 05:06:32
1317914,2026-07-21,sale,Квартира,,"Продается квартира
Яшнабадский район
NRJ Янги Бахт 
2/6/12
60 кв
Квартира полностью с ремонтом и новой мебелью. 
86.000 минг
Ипотека есть
+",2,60.0,6,12,true,custom,blok,86000.0,1034687500.0,USD,Ташкентская область,Ташкент,Юнусабадский район,Ташкент,41.311144,69.279728,89,0,0,false,false,false,230932,5,https://api.uybor.uz/api/v1/media/n/17844638367158902.jpg,2026-07-19T12:28:11.246Z,2026-07-19T12:28:11.245Z,2026-09-02T12:28:11.245Z,https://uybor.uz/listings/1317914,2026-07-21 05:06:32
1317916,2026-07-21,sale,Квартира,,"Продаётся 3-комнатная квартира в Красногорске.
Квартира расположена на 2 этаже. Высокопотолочка. Имеется балкон. Планировка стандартная. Установлена бойлерная система. Удобное месторасположение, в пешей доступности школа, детский сад, поликлиника, магазины. 
Квартира чистая, уютная и светлая, комнаты просторные. 
Вся имеющаяся мебель остаётся при продаже.
Документы в порядке.",3,60.0,2,2,false,sredniy,kirpich,29500.0,354921875.0,USD,Ташкентская область,городской посёлок Талбулак,,улица Кончилар,41.154305,69.671104,27,0,0,false,false,false,286499,6,https://api.uybor.uz/api/v1/media/n/17844648023932236.jpg,2026-07-19T12:40:44.614Z,2026-07-19T12:40:44.613Z,2026-09-02T12:40:44.613Z,https://uybor.uz/listings/1317916,2026-07-21 05:06:32
1317917,2026-07-21,sale,Для бизнеса,Офис,"СРОЧНАЯ продажа Нежилой фонд
Мирзо-Улугбекский район
Ц-1 / кафе ЧайКоф / Эко Парк

ПЕРВАЯ ЛИНИЯ
Продаются два офиса
Евро ремонт
Шикарная локация
Паркинг на 3-4 машины

Площадь: 48м2

#ЦЕНА : 240.000 у.е / торг
#ЦЕНА АРЕНДЫ : 2.300 у.е",,48.0,1,1,false,evro,other,240000.0,2887500000.0,USD,Ташкентская область,Ташкент,Мирзо-Улугбекский район,"массив Ц-1 Буюк Ипак Йули, 1",41.312866,69.287468,28,0,0,false,false,false,17660,9,https://api.uybor.uz/api/v1/media/n/17844661729938590.jpg,2026-07-19T13:02:59.583Z,2026-07-19T13:02:59.582Z,2026-09-02T13:02:59.582Z,https://uybor.uz/listings/1317917,2026-07-21 05:06:32
1317919,2026-07-21,sale,Квартира,,"Продается квартира Новостройка Ж/К Imperial 
Адрес: Мирабаский район  
Ориентир: Grand Mir Hotel, метро Ойбек
 
#Комнат —3
Этаж — 6
Этажность — 8
Площадь: 140м²
Дом кирпичный 
Состояние: среднее
2 санузла
Закрытый охраняемый двор, внутри массива
Квартира продается с мебелью и техникой
Идеальный вариант как для проживания, так и для инвестиций  

#Цена: 262 000 у.е.  торг на месте  
",3,140.0,6,8,true,sredniy,kirpich,262000.0,3152187500.0,USD,Ташкентская область,Ташкент,Мирабадский район,улица Шахрисабз,41.301174,69.276581,86,0,0,false,false,false,17660,12,https://api.uybor.uz/api/v1/media/n/17844663739626801.jpg,2026-07-19T13:06:18.524Z,2026-07-19T13:06:18.522Z,2026-09-02T13:06:18.522Z,https://uybor.uz/listings/1317919,2026-07-21 05:06:32
1317920,2026-07-21,sale,Для бизнеса,Офис,"ПРОДАЁТСЯ НЕЖИЛОЕ ПОМЕЩЕНИЕ
Алмазарский район
Ор-р: Чорсу рынок

Первая линия
1-магазин: 45кв.м
Фасад: 4 метров
Есть парковка
Высокая проходимость
Состояние: Евроремонт
Сдается в аренду:1300 у.е

#Цена: 128.000 у.е",,45.0,1,9,false,evro,other,128000.0,1540000000.0,USD,Ташкентская область,Ташкент,Алмазарский район,улица Сагбан,41.343727,69.229797,21,1,0,false,false,false,17660,6,https://api.uybor.uz/api/v1/media/n/17844664851108697.jpg,2026-07-19T13:08:07.455Z,2026-07-19T13:08:07.454Z,2026-09-02T13:08:07.454Z,https://uybor.uz/listings/1317920,2026-07-21 05:06:32
1317921,2026-07-21,sale,Для бизнеса,Офис,"Срочно продаётся Нежилое помещение
Юнус-абадский район
Ц-6 / кафе ""Issimo""

Первая линия
Площадь: 55 кв.м
Состояние: евро ремонт
Под любой вид бизнеса

#Цена: 180.000 y.e срочно
Готовый арендатор 1.700
",,55.0,1,4,false,evro,other,180000.0,2165625000.0,USD,Ташкентская область,Ташкент,Юнусабадский район,проспект Амира Темура,41.347763,69.287064,20,0,0,false,false,false,17660,6,https://api.uybor.uz/api/v1/media/n/17844667166975271.jpg,2026-07-19T13:12:00.759Z,2026-07-19T13:12:00.758Z,2026-09-02T13:12:00.758Z,https://uybor.uz/listings/1317921,2026-07-21 05:06:32
1317922,2026-07-21,sale,Квартира,,"Продается квартира Максим Горький Художник
Адрес: Мирзо-Улугбекский район,
Ориентир: м. Буюк Ипак Йули


#Комнат — 4
Этаж — 3
Этажность — 5
Площадь: 75м²
Балкон 1,5х3
Состояние: с ремонтом, мебель + техника

#Цена: 110 000 у.е.",4,75.0,3,4,false,sredniy,other,110000.0,1323437500.0,USD,Ташкентская область,Ташкент,Мирзо-Улугбекский район,Буюк Ипак Йули,41.326092,69.328491,78,0,0,false,false,false,17660,7,https://api.uybor.uz/api/v1/media/n/17844671510187268.jpg,2026-07-19T13:19:14.231Z,2026-07-19T13:19:14.230Z,2026-09-02T13:19:14.230Z,https://uybor.uz/listings/1317922,2026-07-21 05:06:32
1317923,2026-07-21,sale,Квартира,,"Новостройка Икат
Юнусобод 13 квартал 
Ор-р: трц  Megaplanet 

#2х_комнатная_раздельно
7-й этаж
11 этажный дом 
Общая площадь 51 м2 +балкон
Состояние: Авторский ремонт, полностью с мебелью и техникой.  
Ипотеки, рассрочки нет",2,51.0,7,11,true,custom,panel,86500.0,1040703125.0,USD,Ташкентская область,Ташкент,Юнусабадский район,13-й квартал,41.368446,69.297791,73,0,0,false,false,false,229088,9,https://api.uybor.uz/api/v1/media/n/17844678558118294.jpg,2026-07-19T13:31:40.399Z,2026-07-19T13:31:40.397Z,2026-09-02T13:31:40.397Z,https://uybor.uz/listings/1317923,2026-07-21 05:06:32
1317924,2026-07-21,sale,Земельный участок,Жилой,"Продается земля под стройку
В СВТ Рахат
Ор-р: Shik Village 

Общая площадь 12 соток (можно узаконить еще 4 сотки)
Можно по 6 соток купить 
Газ, свет есть 
Жилая Махалля, хорошие соседи. 

Кадастр есть, все документы готовы к продаже ",,,,,false,,,195000.0,2346093750.0,USD,Ташкентская область,Ташкент,Мирабадский район,метро Ташкент,41.293125,69.287468,36,0,0,false,false,false,229088,3,https://api.uybor.uz/api/v1/media/n/17844682959648893.jpg,2026-07-19T13:39:06.910Z,2026-07-19T13:39:06.909Z,2026-09-02T13:39:06.909Z,https://uybor.uz/listings/1317924,2026-07-21 05:06:32
1317925,2026-07-21,sale,Квартира,,"ЖК Хонсарой/ Юнусабад-19
Ор-р: «Vosiq school», Батальон 

#1_комнатная
7й  этаж
11 этажный дом
Общая площадь 35 м2+балкон 
Состояние: с ремонтом, встроенный кухонный гарнитур, стиральная машинка, холодильник и кондиционер, диван и шкаф. 
Ипотеки нет",1,35.0,7,11,false,sredniy,panel,56900.0,684578125.0,USD,Ташкентская область,Ташкент,Юнусабадский район,19-й квартал,41.375134,69.315948,160,0,0,false,false,false,229088,8,https://api.uybor.uz/api/v1/media/n/17844688565224417.jpg,2026-07-19T13:48:36.454Z,2026-07-19T13:48:36.453Z,2026-09-02T13:48:36.453Z,https://uybor.uz/listings/1317925,2026-07-21 05:06:32
1317926,2026-07-21,sale,Квартира,,"Чилонзор Д20 4 хона 5 кават 96кв.метр Уй озимики Масжит,Мактаб,богча,бозор,метро,парковка,телефон,интернет,озгина космичический ремонт талаб килинади.",4,96.0,5,5,false,sredniy,panel,102900.0,1238015625.0,USD,Ташкентская область,Ташкент,Чиланзарский район,"квартал 20Д, 8/2, подъезд 1",41.26783,69.179779,292,0,0,false,true,false,58423,10,https://api.uybor.uz/api/v1/media/n/17844686914648470.jpg,2026-07-19T13:49:14.538Z,2026-07-19T13:49:14.536Z,2026-09-02T13:49:14.536Z,https://uybor.uz/listings/1317926,2026-07-21 05:06:32
1317927,2026-07-21,sale,Квартира,,"Продаётся Квартира/В КИРПИЧНОМ ДОМЕ
Адрес: Чиланзарский район,Накашлык.
Ориентир: Завод SOVPLASTITAL
#Комнат — 4
Этаж — 3
Этажность — 4
Площадь: 84 кВ. М
Состояние: Требует ремонта.
Комнаты: смежно-раздельные.санузел раздельные. 
Балкон 2х6 и 1х12 

#Цена: 85 000 у.е",4,84.0,3,4,false,kapital,kirpich,85000.0,1022656250.0,USD,Ташкентская область,Ташкент,Чиланзарский район,улица Наккашлык,41.264427,69.201126,172,0,0,false,false,false,17660,8,https://api.uybor.uz/api/v1/media/n/17844693612314709.jpg,2026-07-19T13:56:11.781Z,2026-07-19T13:56:11.780Z,2026-09-02T13:56:11.780Z,https://uybor.uz/listings/1317927,2026-07-21 05:06:32
1317931,2026-07-21,sale,Дом,Частный дом,"Продается уютный дом в элитной махалле.
Адрес: махалля Чинор , Яшнабадский район, 
Ориентир: Крестик , Пост Гаи 
Площадь Участка : 6 соток
Количество Комнат:  8 + холл,4 сан/узла 
Площадь Дома : 300м2 
Дом 1 Этажный.
Есть 2 Подвала, летняя и зимняя кухня.
Состояние: Евроремонт

#Цена 350 000 уе ",6+,300.0,,1,false,evro,other,350000.0,4210937500.0,USD,Ташкентская область,Ташкент,Яшнабадский район,улица Чинор,41.295177,69.36895,111,0,0,false,false,false,17660,10,https://api.uybor.uz/api/v1/media/n/17844697639808949.jpg,2026-07-19T14:02:56.219Z,2026-07-19T14:02:56.217Z,2026-09-02T14:02:56.217Z,https://uybor.uz/listings/1317931,2026-07-21 05:06:32
1317932,2026-07-21,sale,Дом,Частный дом,"Продам  Частный Дом 
Адрес: Ул Кашкадарья , Яшнабадский район
Ориентир: Шумиловский городок , Узбум

Количество комнат: 7
Площадь участка: 8.75 соток
Этажность: 1
Общая площадь: 323 кВ. м
Состояние: с ремонтом
Имеются все коммуникации: Центральная канализация, Газ, Свет (2 фазы), Вода . Въезд для авто 

#Цена 350 000 уе стартовая",6+,323.0,,1,false,sredniy,other,350000.0,4210937500.0,USD,Ташкентская область,Ташкент,Яшнабадский район,улица Кашкадарья,41.292259,69.312164,116,0,0,false,false,false,17660,13,https://api.uybor.uz/api/v1/media/n/17844698530463937.jpg,2026-07-19T14:04:18.074Z,2026-07-19T14:04:18.073Z,2026-09-02T14:04:18.073Z,https://uybor.uz/listings/1317932,2026-07-21 05:06:32
1317934,2026-07-21,sale,Квартира,,"ЖК Paradise House 
Юнусабад 12 
Перекресток Петушок 

#1_комнатная перед в 2
5-й этаж
12 этажный кирпичный дом 

Общая площадь 38м2 + 5м2 балкон 
Состояние:  после свежего, евро ремонта, с мебелью и техникой. Всё новое ",2,43.0,5,12,true,custom,kirpich,68000.0,818125000.0,USD,Ташкентская область,Ташкент,Юнусабадский район,12-й квартал,41.377663,69.294052,181,0,0,false,false,false,229088,9,https://api.uybor.uz/api/v1/media/n/17844703180464295.jpg,2026-07-19T14:12:44.491Z,2026-07-19T14:12:44.489Z,2026-09-02T14:12:44.489Z,https://uybor.uz/listings/1317934,2026-07-21 05:06:32
1317935,2026-07-21,sale,Земельный участок,Нежилой,"Продается земля, бывшая ферма, конюшня. 

Адрес: Ташкентская область Юкори чирчикский район , Болта , МФИ Уч чинор, земельный участок. 

Площадь: 1 гектар 60 соток (есть возможность узаконить еще 5~6 сотки)
Нежилой, на вечное пользование. 

Строения; здания под ферму лошадей, коров и овец. Есть административное здание итд итп. Газ, вода и свет. 
Свой АТП. ",,,,,false,,,7000.0,84218750.0,USD,Ташкентская область,Ташкент,Бектемирский район,улица Юкори Чирчик,41.23534,69.350693,134,0,0,false,false,false,229088,6,https://api.uybor.uz/api/v1/media/n/17844709728638117.jpg,2026-07-19T14:23:17.166Z,2026-07-19T14:23:17.165Z,2026-09-02T14:23:17.165Z,https://uybor.uz/listings/1317935,2026-07-21 05:06:32
1317936,2026-07-21,sale,Квартира,,"Можно под нежилое 
До метро 2 минут пешком ✅

Юнусабад 12 квартал, 4 дом
Ориентир: станция метро Туркистон, ресторан Jungle

#2х_комнатная перед в3х
1й этаж 
4х этажный панельный дом 

Общая площадь: 58м²
Балкон 2х6 
Состояние: хорошее, зайти и жить можно, частично с мебелью и техникой
В ипотеку через банк",3,58.0,1,4,false,sredniy,panel,76500.0,920390625.0,USD,Ташкентская область,Ташкент,Юнусабадский район,"12-й квартал, 4",41.377689,69.295105,310,0,0,false,false,false,229088,8,https://api.uybor.uz/api/v1/media/n/17844714525784399.jpg,2026-07-19T14:31:35.051Z,2026-07-20T14:55:43.408Z,2026-09-02T14:31:35.050Z,https://uybor.uz/listings/1317936,2026-07-21 05:06:32
1317937,2026-07-21,sale,Земельный участок,Жилой,"Продается коттедж
Сампи 
Ор-р: напротив Аграрного университета, Министерство Сельского хозяйства 

Общая площадь 1,9 соток
4 этажа (подвал, 1-2 этажи и мансарда)
420 м2 
7 комнат, 3 санузла 
Построен из кирпича, перегородки есть, фасад и двор сделаны. 
Ипотеки, рассрочки нет ",,,,,false,,,135000.0,1624218750.0,USD,Ташкентская область,Ташкент,Юнусабадский район,Юнусабад,41.366776,69.292175,121,0,0,false,false,false,229088,5,https://api.uybor.uz/api/v1/media/n/17844717506819826.jpg,2026-07-19T14:36:40.940Z,2026-07-19T14:36:40.939Z,2026-09-02T14:36:40.939Z,https://uybor.uz/listings/1317937,2026-07-21 05:06:32
1317938,2026-07-21,sale,Квартира,,"Новостройка Икат
Юнусобод 13 квартал 
Ор-р: трц  Megaplanet 

#2х_комнатная_раздельно
7-й этаж
11 этажный дом 
Общая площадь 51 м2 +балкон 2х2 
Состояние: евроремонт,частично с мебелью и техникой.  


Ипотеки, рассрочки нет",2,55.0,7,11,true,evro,panel,77500.0,932421875.0,USD,Ташкентская область,Ташкент,Юнусабадский район,13-й квартал,41.368446,69.297791,191,1,0,false,false,false,229088,9,https://api.uybor.uz/api/v1/media/n/17844721252114806.jpg,2026-07-19T14:42:42.945Z,2026-07-19T14:42:42.944Z,2026-09-02T14:42:42.944Z,https://uybor.uz/listings/1317938,2026-07-21 05:06:32
1317939,2026-07-21,sale,Квартира,,"ЖК «NOVDAR»/ Юнусабад-17
Ор-р: Ташкентский Архитектурно-строительный университет, автобусная Конечка 

#2_комнатная_раздельно 
5-й этаж
11 этажный дом 
Общая площадь 62 м2 

Состояние: свежий авторский ремонт, с мебелью и техникой. Комнаты раздельные, кухня отдельно, с/у совмещенный. 

Ипотеки, рассрочки нет",2,62.0,5,11,true,custom,monolit,89500.0,1076796875.0,USD,Ташкентская область,Ташкент,Юнусабадский район,17-й квартал,41.366058,69.310402,206,1,0,false,false,false,229088,9,https://api.uybor.uz/api/v1/media/n/17844727071055179.jpg,2026-07-19T14:52:34.999Z,2026-07-19T14:52:34.997Z,2026-09-02T14:52:34.997Z,https://uybor.uz/listings/1317939,2026-07-21 05:06:32
1317940,2026-07-21,sale,Квартира,,"Срочно ‼️ 
ЖК «NOVDAR»/ Юнусабад-17
Ор-р: Ташкентский Архитектурно-строительный университет, автобусная Конечка 

1на комнатная (студия)
10-й этаж
11 этажный  дом 
Общая площадь 25.2m²

Состояние: свежий авторский ремонт, с мебелью и техникой. с/у совмещенный. 
Ипотеки, рассрочки нет",1,25.2,10,11,true,custom,monolit,45900.0,552234375.0,USD,Ташкентская область,Ташкент,Юнусабадский район,17-й квартал,41.366058,69.310402,201,0,0,false,false,false,229088,7,https://api.uybor.uz/api/v1/media/n/17844732585831316.jpg,2026-07-19T15:01:38.930Z,2026-07-19T15:01:38.929Z,2026-09-02T15:01:38.929Z,https://uybor.uz/listings/1317940,2026-07-21 05:06:32
1317941,2026-07-21,sale,Квартира,,"Юнусабад-13 квартал 
Ор-р: кафе Анжир, второй дом от дороги, место хорошее.

#3х_комнатная
3й этаж
4х этажный панельный дом
Общая площадь 69м2
Балкон 1.5х6 

Состояние: свежий евроремонт, с мебелью и техникой.",2,69.0,3,4,false,evro,panel,89900.0,1081609375.0,USD,Ташкентская область,Ташкент,Юнусабадский район,13-й квартал,41.368446,69.297791,201,0,0,false,false,false,229088,6,https://api.uybor.uz/api/v1/media/n/17844738094912751.jpg,2026-07-19T15:11:26.500Z,2026-07-19T15:11:26.499Z,2026-09-02T15:11:26.499Z,https://uybor.uz/listings/1317941,2026-07-21 05:06:32
1317942,2026-07-21,sale,Квартира,,"ЖК Мингчинор, Юнусабад- 8
Ор-р: 235 школа 

#2х_комнатная_студия 
8-й этаж
10 этажный кирпичный дом
Общая площадь 44 м2 +балкон

Состояние: авторский ремонт, мебелью и техникой. Прописка нулевая, ключи в нотариусе. 
Ипотеки, рассрочки нет",2,44.0,8,10,true,evro,panel,75000.0,902343750.0,USD,Ташкентская область,Ташкент,Юнусабадский район,8-й квартал,41.370903,69.280991,203,0,0,false,false,false,229088,9,https://api.uybor.uz/api/v1/media/n/17844746218347551.jpg,2026-07-19T15:24:34.291Z,2026-07-19T15:24:34.290Z,2026-09-02T15:24:34.290Z,https://uybor.uz/listings/1317942,2026-07-21 05:06:32
1317943,2026-07-21,sale,Квартира,,"Срочная продажа 
Новастройка Хонсарой 
Юнусабад 19 квартал
Ор-р: 257 школа, Vosiq school 

#3х_комнатная
2-й этаж
11 этажный дом
Общая площадь 75 м2
Состояние: с ремонтом, зайти и жить! 

Ипотеки, рассрочки нет",2,75.0,2,11,true,sredniy,monolit,93000.0,1118906250.0,USD,Ташкентская область,Ташкент,Юнусабадский район,19-й квартал,41.375134,69.315948,210,0,0,false,false,false,229088,7,https://api.uybor.uz/api/v1/media/n/17844757479018960.jpg,2026-07-19T15:42:54.263Z,2026-07-19T15:42:54.262Z,2026-09-02T15:42:54.262Z,https://uybor.uz/listings/1317943,2026-07-21 05:06:32
1317944,2026-07-21,sale,Квартира,,квартира для ГАБ,3,80.0,12,12,false,sredniy,blok,50000.0,601562500.0,USD,Андижанская область,Андижан,,Андижан,40.782896,72.350816,170,10,0,false,false,false,62366,5,https://api.uybor.uz/api/v1/media/n/17844765840658210.jpeg,2026-07-19T15:56:30.254Z,2026-07-19T15:56:30.252Z,2026-09-02T15:56:30.252Z,https://uybor.uz/listings/1317944,2026-07-21 05:06:32
1317946,2026-07-21,sale,Квартира,,"Отличная локация. Чиланзарское РУВД. 
Метро 10 мин в пешей доступности, школы, детские сады, Фархадский базар и рынок Катартал под боком. Варианты с ипотекой не рассматриваем. Реальному покупателю сделаем небольшую уступку в цене.",3,65.0,4,4,false,sredniy,panel,74000.0,890312500.0,USD,Ташкентская область,Ташкент,Чиланзарский район,8-й квартал,41.289974,69.204323,187,2,0,false,false,false,286507,8,https://api.uybor.uz/api/v1/media/n/17844829613364891.jpg,2026-07-19T17:43:42.673Z,2026-07-19T17:43:42.672Z,2026-09-02T17:43:42.672Z,https://uybor.uz/listings/1317946,2026-07-21 05:06:32
1317947,2026-07-21,sale,Дом,Частный дом,Katta xovli,6+,450.0,,1,false,sredniy,kirpich,650000.0,7820312500.0,USD,Ташкентская область,Ташкент,Шайхантахурский район,проезд Термез,41.314041,69.218071,58,0,0,false,false,false,286509,5,https://api.uybor.uz/api/v1/media/n/17844840108037103.jpeg,2026-07-19T18:01:28.462Z,2026-07-19T18:01:28.461Z,2026-09-02T18:01:28.461Z,https://uybor.uz/listings/1317947,2026-07-21 05:06:32
1317949,2026-07-21,sale,Земельный участок,Жилой,"
Olmazor tumani
Qora qamish
Taraqqiyot mahalla 
Taraqqiyot kochasi
3.42 sotx
Fasad 13.5x25.5 m 
3 hona 
2 ta vremyankasi ham bor
Suv
Gaz
Svet
Kanalizatsa 
Masjid maktab bogcha
Magazin nonvoyxona 
Choyxona bozor 
Poliklinika 
Barcha quleylila mavjud

Batafsil malumot uchun 
+",,,,,false,,,135000.0,1624218750.0,USD,Ташкентская область,Ташкент,Алмазарский район,махаллинский сход граждан Тараккиёт,41.353836,69.241966,57,0,0,false,false,false,280618,3,https://api.uybor.uz/api/v1/media/n/17844878238824210.jpg,2026-07-19T19:04:13.541Z,2026-07-19T19:04:13.540Z,2026-09-02T19:04:13.540Z,https://uybor.uz/listings/1317949,2026-07-21 05:06:32
1317952,2026-07-21,sale,Квартира,,"дуплекс квартира 126 кв.м. 200 метров от метро курувчилар закрытый жилой комплекс Ars Empire ",5,126.0,1,3,true,kapital,kirpich,75600.0,909562500.0,USD,Ташкентская область,Ташкент,Сергелийский район,"массив Курувчи, 86",41.21861,69.262911,123,0,0,false,false,false,57651,3,https://api.uybor.uz/api/v1/media/n/17844925256729173.jpeg,2026-07-19T20:23:54.717Z,2026-07-19T20:23:54.716Z,2026-09-02T20:23:54.716Z,https://uybor.uz/listings/1317952,2026-07-21 05:06:32
1317953,2026-07-21,sale,Квартира,,"Срочная продажа 
Новастройка Хонсарой 
Юнусабад 19 квартал
Ор-р: 257 школа, Vosiq school 

#3х_комнатная
2-й этаж
11 этажный дом
Общая площадь 75 м2
Состояние: с ремонтом, зайти и жить! 

Цена 93.000 у.е
Ипотеки, рассрочки нет",3,75.0,2,11,true,sredniy,monolit,93000.0,1118906250.0,USD,Ташкентская область,Ташкент,Юнусабадский район,19-й квартал,41.375134,69.315948,77,0,0,false,false,false,56731,4,https://api.uybor.uz/api/v1/media/n/17845526242363532.jpg,2026-07-20T05:57:33.017Z,2026-07-20T05:57:33.015Z,2026-09-03T05:57:33.015Z,https://uybor.uz/listings/1317953,2026-07-21 05:06:32
1317954,2026-07-21,sale,Земельный участок,Жилой,"Sarakulka (Mirobod) massivida katta uy sotiladi. Uy Shimoliy vokzaldan 5 daqiqa, aeroportdan 10 daqiqa va 4-tug‘ruqxonaga yaqin joyda qulay joylashgan. 

Ham uy, ham biznes foydalanish uchun ideal: 
- yotoqxona 
- xonama-xona ijarasi 
- ofis/o‘quv markazi 
- xususiy bolalar bog'chasi 

Xususiyatlari: 
• Umumiy maydoni: 285 m² 
• Uchastka: 2,9 sotka
• Qavatlar soni: 3 
• Xonalar: 12 
• Hammom: 3 

Tartib: 
• 1-qavat: 7 xona 
• 2-qavat: 3 xona + balkon 
• 3-qavat: 2 xona (bino) + veranda 
• Bino oxirida 2 qavatli bino ham bor 

Avtoturargoh: 
• Hovlida 4 tagacha mashina uchun to'xtash joyi 
• Bino oldida yana 3 ta mashina 

Uchastka: 
• Pryamougolnik shakli 
• Fasad taxminan 9 metr 
• Oson kirish

Qolgan malumot telefon orqali gaplashiladi
",,,,,false,,,249000.0,2995781250.0,USD,Ташкентская область,Ташкент,Мирабадский район,"улица Сумбула, 39",41.284546,69.295563,29,0,0,false,false,false,286521,6,https://api.uybor.uz/api/v1/media/n/17845282017144795.jpeg,2026-07-20T06:16:57.073Z,2026-07-20T06:16:57.071Z,2026-09-03T06:16:57.071Z,https://uybor.uz/listings/1317954,2026-07-21 05:06:32
1317967,2026-07-21,sale,Квартира,,"ПРОДАЁТСЯ КВАРТИРА – Сергели-4, дом 23

Продаётся просторная 4-комнатная квартира площадью 91 м² в массиве Сергели-4, дом 23.

Преимущества:

- 4 комнаты, площадь 91 м²;
- Все коммуникации в отличном состоянии: газ, вода, электричество, канализация – без проблем;
- Спокойные и доброжелательные соседи;
- Рядом находятся мечеть, школа и детский сад;
- В шаговой доступности супермаркеты Korzinka, Havas и Olma;
- Детская игровая площадка;
- Удобная парковка для автомобилей.

Квартира полностью готова для комфортного проживания. Звоните, будем рады ответить на все вопросы. Реальному покупателю возможен разумный торг.",4,91.0,3,5,false,sredniy,monolit,85000.0,1022656250.0,USD,Ташкентская область,Ташкент,Сергелийский район,"массив Сергели-IV, 23",41.2146,69.240761,46,1,0,false,false,false,286531,7,https://api.uybor.uz/api/v1/media/n/17845389792846110.jpg,2026-07-20T09:18:32.832Z,2026-07-20T09:18:32.831Z,2026-09-03T09:18:32.831Z,https://uybor.uz/listings/1317967,2026-07-21 05:06:32
1317977,2026-07-21,sale,Квартира,,"Срочная продажа 
Новастройка Хонсарой 
Юнусабад 19 квартал
Ор-р: 257 школа, Vosiq school 

#3х_комнатная
3-й этаж
11 этажный дом
Общая площадь 75 м2
Состояние: с ремонтом, зайти и жить! 

Ипотеки, рассрочки нет",3,75.0,3,11,true,sredniy,monolit,93000.0,1118906250.0,USD,Ташкентская область,Ташкент,Юнусабадский район,"19-й квартал, 18",41.3792,69.31926,48,0,0,false,false,true,229088,8,https://api.uybor.uz/api/v1/media/n/17845400287542118.jpg,2026-07-20T09:34:29.730Z,2026-07-20T09:35:00.105Z,2026-09-03T09:34:29.729Z,https://uybor.uz/listings/1317977,2026-07-21 05:06:32
1317990,2026-07-21,sale,Квартира,,"Продаётся 2-х комнатная квартира на 1 этаже со всеми удобствами и мебелью. Хороший ремонт и два огорода, хорошие соседи прекрасный район.",2,54.0,1,5,false,evro,panel,46000.0,553437500.0,USD,Бухарская область,Бухара,,"улица Пиридастгир, 9/8",39.745628,64.432281,8,0,0,false,false,false,286528,6,https://api.uybor.uz/api/v1/media/n/17845428367485363.jpg,2026-07-20T10:20:56.575Z,2026-07-20T10:20:56.574Z,2026-09-03T10:20:56.574Z,https://uybor.uz/listings/1317990,2026-07-21 05:06:32
1317991,2026-07-21,sale,Квартира,,"Yangihayot tumani 8-hudud.
Remont: yevro
2/6/7
57m2 
Xonalari keng va shinam.
Xolodilnik, konditsioner, kirmashina, oshxona mebel, zal mebel va yotoqxona mebellari bor parta va gilam ham. Uy yashash uchun tayyor.",2,57.0,6,7,true,evro,kirpich,64500.0,776015625.0,USD,Ташкентская область,Ташкент,Янгихаётский район,"8-й строительный участок, 8",41.216732,69.199059,42,0,0,false,false,false,237114,4,https://api.uybor.uz/api/v1/media/n/17845454804407688.jpeg,2026-07-20T11:07:03.323Z,2026-07-20T11:07:03.322Z,2026-09-03T11:07:03.322Z,https://uybor.uz/listings/1317991,2026-07-21 05:06:32
1317995,2026-07-21,sale,Квартира,,"4 xonali keng va shinam kvartira sotiladi!
Maydoni 100 m² bo‘lgan, 9 qavatli uyning 7-qavatida joylashgan qulay kvartira. Barcha 4 xonasi alohida, sanuzel alohida, keng 19 m² oshxona mavjud. Kvartira qisman mebel bilan jihozlangan, 2 ta xonada konditsioner o‘rnatilgan.
Joylashuvi juda qulay: Chorsu metrosi va asosiy yo‘lga yaqin. Yaqin atrofda Korzinka supermarketi, Samarqand Darvoza savdo markazi, masjid, bolalar bog‘chalari, maktablar hamda zamonaviy poliklinika joylashgan.
Qulay reja va rivojlangan infratuzilma tufayli oila uchun ideal tanlov.
Batafsil ma'lumot va ko‘rish uchun bog‘laning!


Продается просторная 4-комнатная квартира в центре города!
Просторная квартира площадью 100 м² на 7 этаже 9-этажного дома. Все 4 комнаты раздельные, раздельный санузел, большая кухня 19 м². Квартира частично меблирована, в двух комнатах установлены кондиционеры.
Отличное расположение: рядом станция метро «Чорсу», удобный выезд на основную дорогу. В пешей доступности супермаркет Korzinka, ТРЦ Sam",4,100.0,7,9,false,evro,blok,145000.0,1744531250.0,USD,Ташкентская область,Ташкент,Шайхантахурский район,"проезд Коратош, 4",41.318851,69.236877,42,0,0,false,false,false,286535,5,https://api.uybor.uz/api/v1/media/n/17845470653969504.jpg,2026-07-20T11:34:14.933Z,2026-07-20T11:34:14.932Z,2026-09-03T11:34:14.932Z,https://uybor.uz/listings/1317995,2026-07-21 05:06:32
1318003,2026-07-21,sale,Квартира,,"Продается 2-комнатная квартира в новостройке от NRG ЖК Sado,2/3/9-112 000 у.е, Паркентский,ориентир: Мост Тапоич,Корзинка Авиатор.Площадь 44 м²+открытый балкон.Состояние: евроремонт,мебель,техника.Кадастр есть.Вид во двор.",2,44.0,3,9,true,evro,kirpich,112000.0,1347500000.0,USD,Ташкентская область,Ташкент,Яшнабадский район,ЖК Би Сад'о,41.303619,69.344742,45,0,0,false,false,false,43671,10,https://api.uybor.uz/api/v1/media/n/17845528485283422.jpg,2026-07-20T13:07:47.144Z,2026-07-20T13:07:47.143Z,2026-09-03T13:07:47.143Z,https://uybor.uz/listings/1318003,2026-07-21 05:06:32
1318007,2026-07-21,sale,Квартира,,"Очень светлая и уютная своя квартира, торцевая сторона, за счёт этого имеется боковой баллончик.",2,51.0,2,5,false,sredniy,kirpich,82000.0,986562500.0,USD,Ташкентская область,Ташкент,Шайхантахурский район,"массив Джангох, 15",41.329712,69.250656,144,0,0,false,false,false,286543,7,https://api.uybor.uz/api/v1/media/n/17845606577759868.jpeg,2026-07-20T15:17:41.642Z,2026-07-20T15:17:41.640Z,2026-09-03T15:17:41.640Z,https://uybor.uz/listings/1318007,2026-07-21 05:06:32
1318008,2026-07-21,sale,Квартира,,"Продается своя 3/3/9,Чиланзар-19, комплекс Ёшлик,96 кв.м.Второй дом от дороги.Окна на обе стороны.Большой общий коридор.3 комнаты,2 санузла(ванна и душевая) ,гардероб.Теплый пол,полностью утеплена(стены+пол+потолок),интернет,видеонаблюдение,домофон.Газовый котел,водогрейка,2 фильтра-очистителя для воды.Вся мебель и техника остается.Реальным покупателям возможна скидка.Номер телефона для связи 
",3,96.0,3,9,true,evro,kirpich,200000.0,2406250000.0,USD,Ташкентская область,Ташкент,Чиланзарский район,19-й квартал,41.269955,69.186157,122,0,0,false,false,false,29287,15,https://api.uybor.uz/api/v1/media/n/17845695696245161.jpg,2026-07-20T17:47:31.029Z,2026-07-20T17:47:31.028Z,2026-09-03T17:47:31.028Z,https://uybor.uz/listings/1318008,2026-07-21 05:06:32
1318010,2026-07-21,sale,Квартира,,"2-комнатная квартира в Шайхонтохурском районе — отличная возможность сделать ремонт своей мечты!

Ташкент, Шайхонтохурский район, круг Октепа

Ищете квартиру в хорошем районе, которую можно полностью обустроить под себя, не переплачивая за чужой ремонт? Тогда это предложение для вас!

Характеристики квартиры:
• 2 комнаты
• 3 этаж из 4
• Кирпичный дом (теплый зимой и прохладный летом)
• Общая площадь — 54 м²
• Планировка — смежно-раздельная
• Просторный балкон 2×6 м
• Не торцевая квартира
• Совмещенный санузел

Состояние: квартира требует капитального ремонта. Это отличный шанс создать интерьер именно по своему вкусу и не переплачивать за ремонт, который все равно пришлось бы переделывать.

Отличное расположение:
Все необходимое находится буквально в нескольких минутах ходьбы:
• школы и детские сады
• супермаркет Korzinka
• магазины
• аптеки
• зоомагазины
• автобусные остановки
• поликлиника
• строительные магазины

Удобная транспортная развязка позволяет быстро добраться в любую часть ",2,54.0,3,4,false,kapital,kirpich,72000.0,866250000.0,USD,Ташкентская область,Ташкент,Шайхантахурский район,улица Гульхани,41.301235,69.212105,9,0,0,false,false,false,286552,5,https://api.uybor.uz/api/v1/media/n/17845808588434157.jpeg,2026-07-20T20:54:30.346Z,2026-07-20T20:54:30.345Z,2026-09-03T20:54:30.345Z,https://uybor.uz/listings/1318010,2026-07-21 05:06:32
1318011,2026-07-21,sale,Для бизнеса,Офис," Продается помещение под любой вид бизнеса на Ц-1,ориентир: Эко Парк,кафе ЧайКофф. 1-этаж,45 м² - 240 000 у.е. Состояние: евроремонт.В нежилом фонде.Парковка на 3-4 машины.1-линия вдоль дороги.",,45.0,1,4,false,evro,kirpich,240000.0,2887500000.0,USD,Ташкентская область,Ташкент,Мирзо-Улугбекский район,массив Ц-1 Буюк Ипак Йули,41.312283,69.291855,7,0,0,false,false,false,43671,8,https://api.uybor.uz/api/v1/media/n/17846075309911764.jpg,2026-07-21T04:18:54.925Z,2026-07-21T04:18:54.924Z,2026-09-04T04:18:54.924Z,https://uybor.uz/listings/1318011,2026-07-21 05:06:32
1318012,2026-07-21,sale,Квартира,,"Продается 2-комнатная квартира,2/5/9-88 000 у.е на м.А.Кадыри,Ц-4. Ориентир: Алайский,ТЦ Ардус. Площадь 44 м². Состояние: евроремонт.Дом галерейного типа.Идеально под сдачу в аренду.",2,44.0,5,9,false,evro,blok,88000.0,1058750000.0,USD,Ташкентская область,Ташкент,Юнусабадский район,массив Кашгар,41.319778,69.277946,8,0,0,false,false,false,43671,8,https://api.uybor.uz/api/v1/media/n/17846075977161383.jpg,2026-07-21T04:20:01.648Z,2026-07-21T04:20:01.647Z,2026-09-04T04:20:01.647Z,https://uybor.uz/listings/1318012,2026-07-21 05:06:32
1318013,2026-07-21,sale,Квартира,,"Продается 2-комнатная квартира,2/8/9-88 000 у.е на Ц-5. Ориентир: магазин Дафна. Площадь 59 м². Состояние: ремонт,мебель,техника.Дом галерейного типа.Новый лифт.",2,59.0,8,9,false,evro,blok,88000.0,1058750000.0,USD,Ташкентская область,Ташкент,Юнусабадский район,массив Марказ 5,41.325893,69.27803,11,0,0,false,false,false,43671,7,https://api.uybor.uz/api/v1/media/n/17846076484639488.jpg,2026-07-21T04:20:52.086Z,2026-07-21T04:20:52.085Z,2026-09-04T04:20:52.085Z,https://uybor.uz/listings/1318013,2026-07-21 05:06:32
1318014,2026-07-21,sale,Для бизнеса,Офис,"Продается помещение под любой вид бизнеса на м.Х.Алимжана,ориентир: Дархан,ул.Кары Ниязова. 1-этаж,80 м²,в нежилом будет 100 м² - 192 000 у.е. Состояние: без ремонта.Сейчас в жилом фонде.Парковка на 3-4 машины.1-линия вдоль дороги.Фасад 6 м.",,80.0,1,5,false,kapital,kirpich,192000.0,2310000000.0,USD,Ташкентская область,Ташкент,Мирзо-Улугбекский район,улица Кары-Ниязи,41.320911,69.296165,10,0,0,false,false,false,43671,9,https://api.uybor.uz/api/v1/media/n/17846077566422109.jpg,2026-07-21T04:22:40.105Z,2026-07-21T04:22:40.104Z,2026-09-04T04:22:40.104Z,https://uybor.uz/listings/1318014,2026-07-21 05:06:32
1318015,2026-07-21,sale,Квартира,,"Продается 2-комнатная квартира в новостройке,2/7/10-110 000 у.е на Паркентском, ЖК Parkent Avenue. Ориентир: кафе Pelikan.Площадь 55 м²,Состояние: евроремонт,мебель,техника.",2,55.0,7,10,true,evro,monolit,110000.0,1323437500.0,USD,Ташкентская область,Ташкент,Мирзо-Улугбекский район,жилой комплекс Паркент Авеню,41.310589,69.337097,11,0,0,false,false,false,43671,10,https://api.uybor.uz/api/v1/media/n/17846080619597181.jpg,2026-07-21T04:27:45.414Z,2026-07-21T04:27:45.413Z,2026-09-04T04:27:45.413Z,https://uybor.uz/listings/1318015,2026-07-21 05:06:32
1318016,2026-07-21,sale,Квартира,,"Продается 3-комнатная квартира в новостройке, 3/1/4-80 000 у.е, на м.Олмос.Ориентир: массив 40 Лет Победы,махалля Гузаль.Кирпичный дом, 90 м²+60 м² свой летний двор
с летним санузлом.Состояние: новый евроремонт.Кадастр есть.",3,90.0,1,4,true,evro,kirpich,80000.0,962500000.0,USD,Ташкентская область,Ташкент,Яшнабадский район,Алмас,41.281879,69.360291,11,0,0,false,false,false,43671,8,https://api.uybor.uz/api/v1/media/n/17846081248684702.jpg,2026-07-21T04:28:48.073Z,2026-07-21T04:28:48.072Z,2026-09-04T04:28:48.072Z,https://uybor.uz/listings/1318016,2026-07-21 05:06:32
1318017,2026-07-21,sale,Квартира,,"Продается 3-комнатная квартира в новостройке,3/5/9-108 000 у.е на Паркентском, ЖК Parkent Avenue.Комплекс ВЕК.Площадь 58 м².Открытый балкон.Гардеробная.Евроремонт,мебель,техника.Детская площадка.Закрытый двор.Возможна ипотека.",3,58.0,5,9,true,evro,kirpich,108000.0,1299375000.0,USD,Ташкентская область,Ташкент,Мирзо-Улугбекский район,жилой комплекс Паркент Авеню,41.310589,69.337097,8,0,0,false,false,false,43671,10,https://api.uybor.uz/api/v1/media/n/17846082529812573.jpg,2026-07-21T04:30:56.684Z,2026-07-21T04:30:56.683Z,2026-09-04T04:30:56.683Z,https://uybor.uz/listings/1318017,2026-07-21 05:06:32
1318018,2026-07-21,sale,Квартира,,"Продается 3-комнатная квартира-дуплекс в новостройке,3/6-7/7-125 000 у.е, на ул.Махтумкули, ЖК  Poytaxt Residence. Ориентир: IT парк, с/м Макро. Кирпичный дом, 90 м²,2 с/у.Состояние: новый ремонт,с мебелью.Благоустроенный двор,детская площадка.Подземный паркинг.",3,90.0,6,7,true,evro,kirpich,125000.0,1503906250.0,USD,Ташкентская область,Ташкент,Яшнабадский район,улица Махтумкули,41.304634,69.31012,8,0,0,false,false,false,43671,8,https://api.uybor.uz/api/v1/media/n/17846083099719422.jpg,2026-07-21T04:31:53.416Z,2026-07-21T04:31:53.414Z,2026-09-04T04:31:53.414Z,https://uybor.uz/listings/1318018,2026-07-21 05:06:32
1318019,2026-07-21,sale,Квартира,,"Продается 2(3)-комнатная квартира,2(3)/3/5-136 500 у.е на ул.С.Азимова.Ориентир: ГУВД,Корзинка.Кирпичный дом спецплана. Площадь 82 м²,по кадастру 73,26 м².. Состояние: ремонт,мебель,техника.Есть арендатор за 750 у.е.",2,82.0,3,5,false,evro,kirpich,136500.0,1642265625.0,USD,Ташкентская область,Ташкент,Яшнабадский район,улица Садыка Азимова,41.30444,69.288979,8,0,0,false,false,false,43671,8,https://api.uybor.uz/api/v1/media/n/17846083779093771.jpg,2026-07-21T04:33:01.127Z,2026-07-21T04:33:01.126Z,2026-09-04T04:33:01.126Z,https://uybor.uz/listings/1318019,2026-07-21 05:06:32
1318020,2026-07-21,sale,Квартира,,"Продается 4-комнатная квартира в новостройке ЖК Eco House, 4/5/10-135 000 у.е  Ориентир:  мост Мукими,Текстиль. Площадь 100 м².Состояние: коробка.Сквозная планировка.Дизайнерский проект в подарок.Кадастр.Есть парковочное место.2-линия.",4,100.0,5,10,true,chernovaya,kirpich,135000.0,1624218750.0,USD,Ташкентская область,Ташкент,Яккасарайский район,улица Шота Руставели,41.274693,69.241867,8,0,0,false,false,false,43671,5,https://api.uybor.uz/api/v1/media/n/17846084949003365.jpg,2026-07-21T04:34:58.808Z,2026-07-21T04:34:58.807Z,2026-09-04T04:34:58.807Z,https://uybor.uz/listings/1318020,2026-07-21 05:06:32
1318021,2026-07-21,sale,Квартира,,"Продается 4-комнатная квартира в ЖК Аския Сити, 4/9/14 - 195 000 у.е на ул.Ракат,ориентир: Аския базар. Состояние: евроремонт,мебель,техника. Площадь 113 м²,2 с/у.3 балкона.Кухня автономная.Кадастр есть.",4,113.0,9,14,true,evro,monolit,195000.0,2346093750.0,USD,Ташкентская область,Ташкент,Яккасарайский район,улица Ракат,41.287453,69.24469,8,0,0,false,false,false,43671,9,https://api.uybor.uz/api/v1/media/n/17846087088248009.jpg,2026-07-21T04:38:32.264Z,2026-07-21T04:38:32.263Z,2026-09-04T04:38:32.263Z,https://uybor.uz/listings/1318021,2026-07-21 05:06:32
1318022,2026-07-21,sale,Квартира,,"Продается 3-комнатная квартира в новостройке, ЖК Assalom Sohil на ул.Фаргона Йули. Ориентир: УзБум, Электроаппарат. 3/2/16-112 000 у.е . Площадь: 68 м²+два открытых балкона.Монолитный дом. Состояние: ремонт, мебель,техника.Сквозная планировка.Благоустроенный двор,детские площадки.",3,68.0,2,16,true,evro,monolit,112000.0,1347500000.0,USD,Ташкентская область,Ташкент,Яшнабадский район,жилой комплекс Assalom! Sohil,41.282993,69.308418,4,0,0,false,false,false,43671,10,https://api.uybor.uz/api/v1/media/n/17846095687658448.jpg,2026-07-21T04:52:52.266Z,2026-07-21T04:52:52.265Z,2026-09-04T04:52:52.265Z,https://uybor.uz/listings/1318022,2026-07-21 05:06:32
1318023,2026-07-21,sale,Дом,Частный дом,"Продается дом в Мирзо-Улугбекском районе, на ул.Циолковского.5-комнат,2-этажа, 2,2-сотки,300 м²,4 с/у - 460 000 у.е  Новый ремонт.4 спальни + просторный холл.В подвале: бассейн,сауна.Летняя кухня.Парковочное место.Озеленённый двор.Полностью укомплектован мебелью и техникой.",5,300.0,,2,false,evro,kirpich,460000.0,5534375000.0,USD,Ташкентская область,Ташкент,Мирзо-Улугбекский район,Циолковский,41.317787,69.339203,4,0,0,false,false,false,43671,10,https://api.uybor.uz/api/v1/media/n/17846096408019071.jpg,2026-07-21T04:54:04.191Z,2026-07-21T04:54:04.190Z,2026-09-04T04:54:04.190Z,https://uybor.uz/listings/1318023,2026-07-21 05:06:32
1318024,2026-07-21,sale,Квартира,,"Продается 5-комнатная квартира в новостройке,5/8/9-225 000 у.е на м.Буюк Ипак Йули, ул.Циолковского, ЖК Nikitina Residence. Площадь 160 м²,2 с/у.Евроремонт,мебель,техника.Два открытых балкона.4 спальни.2 кладовые,Гардеробная.Парковка с документами.Закрытый,охраняемый 24/7 двор.",5,160.0,8,9,true,evro,kirpich,225000.0,2707031250.0,USD,Ташкентская область,Ташкент,Мирзо-Улугбекский район,улица Хирмантепа,41.317146,69.336037,4,0,0,false,false,false,43671,10,https://api.uybor.uz/api/v1/media/n/17846097378165553.jpg,2026-07-21T04:55:41.454Z,2026-07-21T04:55:41.452Z,2026-09-04T04:55:41.452Z,https://uybor.uz/listings/1318024,2026-07-21 05:06:32
1318025,2026-07-21,sale,Квартира,," Продается 3-комнатная квартира в новостройке, 3/8/14-122 000 у.е в ЖК Zarafshan City на ул.Бабура+ул.Нукус, ориентир: Пирамит, 1-нотариус,недалеко парк Бабура. Площадь 76 м². Состояние: ремонт,мебель,техника.",3,76.0,8,14,true,evro,monolit,122000.0,1467812500.0,USD,Ташкентская область,Ташкент,Яккасарайский район,жилой комплекс Зарафшан сити,41.282059,69.253387,1,0,0,false,false,false,43671,10,https://api.uybor.uz/api/v1/media/n/17846099570443736.jpg,2026-07-21T04:59:20.905Z,2026-07-21T04:59:20.904Z,2026-09-04T04:59:20.904Z,https://uybor.uz/listings/1318025,2026-07-21 05:06:32